branch,modelo,pergunta,resposta_esperada,resposta_gerada,tempo_retrieval_s,tempo_llm_s,tokens_entrada,tokens_saida,faithfulness,answer_relevancy,context_precision,context_recall,answer_correctness
qwen3,qwen3:0.6b,Quais são os cursos técnicos integrados ao Ensino Médio ofertados no Campus Ibirubá?,"Os cursos técnicos integrados ao Ensino Médio ofertados no campus são o Técnico em Agropecuária, Técnico em Informática e Técnico em Mecânica.",,5.677,13.925,1779,1024,nan,0.0,0.9999999999,0.3333333333333333,0.20070530345479276
qwen3,qwen3:0.6b,Quais são os turnos de funcionamento dos cursos técnicos integrados?,"O funcionamento dos cursos técnicos integrados ocorre nos turnos da manhã e da tarde (turno integral), com duração prevista de 3 anos.","Os cursos técnicos integrados têm turnos de manhã e tarde, com horários específicos:   - **Técnico em Fabricação Mecânica**: Manhã (4 horas) e Tarde (4 horas).   - **Técnico em Química**: Manhã (4 horas) e Tarde (4 horas).   - **Técnico em Informática para Internet**: Manhã (3 horas) e Tarde (3 hora",0.067,5.903,1639,385,0.25,0.955937145663839,0.9999999999,0.0,0.47324293576074195
qwen3,qwen3:0.6b,Quais são os cursos técnicos subsequentes ao Ensino Médio disponíveis no Campus Ibirubá?,"Na modalidade subsequente, estão disponíveis os cursos de Técnico em Eletrotécnica e Técnico em Mecânica.","Os cursos técnicos subsequentes ao Ensino Médio disponíveis no Campus Ibirubá são:   - Técnico em Mecânica Noite (4 semestres, valor R$ 70,00)   - Técnico em Eletrotécnica Noite (4 semestres, valor R$ 30,00)   - Técnico em Agropecuária Manhã e Tarde (3 semestres, valor R$ 32,00)   - Técnico em Mecân",0.032,6.721,1777,438,0.3333333333333333,0.9999999999999999,0.9999999999,1.0,0.2203144580375275
qwen3,qwen3:0.6b,Em qual turno ocorrem as aulas dos cursos subsequentes?,"As aulas dos cursos técnicos subsequentes acontecem no turno da noite, com duração de 4 semestres.",Responda: O turno ocorre nas aulas dos cursos subsequentes. A resposta está no contexto fornecido.,0.031,5.071,1631,298,1.0,0.0,0.9999999999,0.0,0.22386755619066367
qwen3,qwen3:0.6b,Quais são os cursos superiores de graduação ofertados no Campus Ibirubá?,"O campus oferece os seguintes cursos superiores de graduação: Bacharelado em Agronomia, Bacharelado em Engenharia Mecânica, Bacharelado em Ciência da Computação e Licenciatura em Matemática.","Responda:   Bacharelado em Engenharia Ambiental, Bacharelado em Engenharia Química, Licenciatura em Letras – Português/Inglês, Licenciatura em Química, Tecnologia em Processos Gerenciais, Técnico em Eletrotécnica Noite, e Técnico em Mecânica Noite.",0.033,9.534,1791,714,0.8571428571428571,0.0,0.9999999999,1.0,0.21786441424262593
qwen3,qwen3:0.6b,Qual é a duração e os turnos dos cursos de Agronomia e Engenharia Mecânica no campus?,"O curso de Agronomia ocorre nos turnos da manhã e da tarde com duração de 10 semestres. O curso de Engenharia Mecânica é ofertado no turno da noite, também com duração de 10 semestres.","A duração dos cursos de Agronomia e Engenharia Mecânica no campus é de 10 semestres. Os turnos são ""Manhã e Tarde"" para ambos os cursos.",0.033,7.819,1721,557,0.5,0.9893996355318366,0.0,0.5,0.574540405784005
qwen3,qwen3:0.6b,Qual é a duração e os turnos de Ciência da Computação e Licenciatura em Matemática?,"O curso de Ciência da Computação ocorre à noite com duração de 9 semestres, enquanto a Licenciatura em Matemática também acontece no turno da noite com duração de 8 semestres.",Não encontrei essa informação nos documentos.,0.033,6.353,1719,405,0.0,0.0,0.0,0.5,0.1976044592026734
qwen3,qwen3:0.6b,Os cursos ofertados pelo IFRS Campus Ibirubá são pagos?,"Não. Todos os cursos oferecidos no IFRS são 100% gratuitos, não havendo cobrança de mensalidades ou taxas de matrícula.","Sim, os cursos ofertados pelo IFRS Campus Ibirubá são pagos conforme as regras do processo seletivo. Os candidatos devem pagar a taxa de inscrição conforme as especificações fornecidas: I.R$ 30,00 para inscrições com seleção através do Sorteio ou Enem; II. R$ 70,00 para inscrições em cursos Técnicos",0.035,6.325,1655,420,0.5714285714285714,0.9482395617613718,0.9999999999,0.0,0.224108524677483
qwen3,qwen3:0.6b,Qual o valor da taxa de inscrição para os cursos técnicos integrados?,"A taxa de inscrição para os cursos técnicos na modalidade integrada é de R$ 60,00.","O valor da taxa de inscrição para os cursos técnicos integrados é R$ 30,00 (trinta reais), caso o modo de ingresso seja por Sorteio ou ENEM.",0.033,4.387,1582,230,0.75,0.9508739514961357,0.9999999999,0.0,0.2327595860440601
qwen3,qwen3:0.6b,Quanto custa a inscrição para os cursos técnicos subsequentes?,"O custo é de R$ 20,00.","R$ 70,00 (setenta reais).",0.031,5.549,1595,353,1.0,0.854869664755232,0.0,0.0,0.21873884024952026
qwen3,qwen3:0.6b,Qual é o custo da inscrição para concorrer a uma vaga em curso de graduação?,"Se o candidato optar por concorrer via Exame de Seleção (prova), a taxa é de R$ 80,00. Caso a opção seja via nota do ENEM, a taxa é de R$ 20,00.","O custo da inscrição para concorrer a uma vaga em curso de graduação é R$100,00.",0.032,5.102,1547,310,1.0,1.0,0.0,0.0,0.2108339670062333
qwen3,qwen3:0.6b,Como deve ser efetuado o pagamento da taxa de inscrição?,"O pagamento deve ser realizado por meio de boleto bancário gerado ao final da inscrição, pagável na rede bancária ou via internet banking.","A taxa de inscrição deve ser realizada no período规定: **desde 05 de setembro de 2025 às 14h até 22 de setembro de 2025**. Isso é o limite规定 para realizar o pagamento após o prazo de inscrição. Se for necessário, o candidato deve informar o banco sobre o horário limite imposto no último dia.",0.032,5.842,1570,388,0.3333333333333333,0.0,0.9999999999,1.0,0.21493387985992324
qwen3,qwen3:0.6b,Até quando posso pagar a taxa de inscrição?,O boleto deve ser pago impreterivelmente até o prazo limite definido no cronograma oficial do edital correspondente.,"Responda:   A taxa de inscrição pode ser realizada até o dia 13 de outubro de 2025, mas o pagamento pode ser realizado no último dia da data estabelecida (14 de outubro de 2025) conforme indicado no contexto.",0.031,5.943,1609,424,0.5,0.9122250915015649,0.9999999999,1.0,0.21602864465339713
qwen3,qwen3:0.6b,Posso modificar os dados da minha inscrição (como a opção de curso ou campus) após concluí-la?,"Sim, no entanto, após a finalização da inscrição, qualquer alteração exige que o candidato realize uma nova inscrição dentro do prazo regulamentar para que os novos dados sejam computados.",Não encontrei essa informação nos documentos.,0.033,4.073,1536,209,0.0,0.0,0.9999999999,1.0,0.2042637652842807
qwen3,qwen3:0.6b,É possível me inscrever em mais de um curso no mesmo edital do IFRS?,Não. É permitido realizar apenas uma única inscrição por candidato em cada edital.,Não encontrei essa informação nos documentos.,0.033,5.611,1600,357,0.0,0.0,0.9999999999,1.0,0.19889481705557124
qwen3,qwen3:0.6b,Há devolução do valor pago na taxa de inscrição se eu desistir de participar?,"Não. O valor pago na taxa de inscrição não é reembolsável sob nenhuma circunstância, exceto se houver cancelamento do certame por parte do IFRS.",Não encontrei essa informação nos documentos.,0.032,4.197,1602,205,0.0,0.0,0.9999999999,1.0,0.20203240366286468
qwen3,qwen3:0.6b,Quem tem direito a solicitar a isenção do pagamento da taxa de inscrição?,"Têm direito à isenção os candidatos com renda familiar bruta mensal de até 1 salário mínimo per capita (R$ 1.412,00) que estejam regularmente registrados no CadÚnico como baixa renda.","Na pergunta, a resposta é a pessoa que tem direito a solicitar a isenção do pagamento da taxa de inscrição, conforme mencionado no contexto.    **Resposta:**   As pessoas cadastradas no CadÚnico como residentes da família de baixa renda (com rendimento até R$ 1.518,00 por mês) podem solicitar a isen",0.032,5.886,1550,392,1.0,0.9533743268094895,0.9999999999,0.0,0.6122571638567096
qwen3,qwen3:0.6b,O cadastro do CadÚnico precisa ter alguma atualização recente?,Sim. O cadastro do candidato no CadÚnico deve estar obrigatoriamente atualizado nos últimos 2 anos.,"Sim, o cadastro do CadÚnico precisa ter atualizações recentes nos últimos 2 anos, conforme mencionado no artigo 18.3.1 e 18.3.2.",0.033,4.981,1735,253,0.75,0.9609353961225804,0.9999999999,1.0,0.8789045542764777
qwen3,qwen3:0.6b,Onde realizo a solicitação de isenção de taxa?,"A solicitação deve ser realizada exclusivamente via internet, na página de ingressos do IFRS (ingresso.ifrs.edu.br).",Onde realizo a solicitação de isenção de taxa é no site **https://cadunico.dataprev.gov.br** e no site **ingresso.ifrs.edu.br**.,0.032,3.902,1507,191,0.5,0.9339962121189387,0.9999999999,1.0,0.7207156887478967
qwen3,qwen3:0.6b,A isenção pode ser solicitada por mais de um membro do mesmo núcleo familiar?,"Sim. A isenção é um benefício de caráter estritamente individual, e cada integrante da mesma família que deseja concorrer deve fazer a sua própria solicitação.","Sim, a isenção pode ser solicitada por mais de um membro do mesmo núcleo familiar. Cada membro da família deve solicitar a isenção individualmente, utilizando o mesmo CPF e seguir as instruções fornecidas no edital.",0.032,4.339,1513,242,0.75,0.9568352307795122,0.9999999999,1.0,0.8783098510526606
qwen3,qwen3:0.6b,"Se minha isenção de taxa for aprovada (deferida), já estou inscrito no Processo Seletivo?","Não. O candidato que teve a isenção aceita deve, obrigatoriamente, entrar no sistema e realizar a inscrição no curso desejado para gerar o comprovante de isento.",Não encontrei essa informação nos documentos.,0.032,5.085,1554,305,0.0,0.0,0.9999999999,1.0,0.197224782247887
qwen3,qwen3:0.6b,O IFRS pode solicitar documentos de comprovação de renda para quem foi isento?,"Sim. O IFRS pode conferir e auditar as informações prestadas, e o candidato que prestar declarações falsas está sujeito a responder legalmente e ser eliminado do processo.",Não encontrei essa informação nos documentos.,0.033,4.276,1517,234,1.0,0.0,0.9999999999,1.0,0.19584245625632093
qwen3,qwen3:0.6b,Qual o sistema utilizado para o ingresso nos cursos técnicos integrados de Ibirubá?,O sistema de ingresso para os cursos técnicos integrados em Ibirubá é realizado por meio de Exame de Seleção (prova objetiva presencial).,O sistema utilizado para o ingresso nos cursos técnicos integrados de Ibirubá é o sistema de reserva de vagas.,0.033,5.1,1806,251,1.0,0.9976327192625558,0.9999999999,1.0,0.23819086838678258
qwen3,qwen3:0.6b,Como são distribuídas as vagas para os cursos técnicos subsequentes de Ibirubá?,As vagas da modalidade subsequente são preenchidas por meio de Sorteio Público ou classificação pela nota do ENEM.,"As vagas são distribuídas conforme indicado nas tabelas fornecidas. Cursos como C1, C2, C3, C4, C5, C6, C7, C8, C9 e C10 têm respectivas quantidades de vagas. No entanto, em algumas cidades como Ibirubá, algumas das cotas (como C7, C8, C9 e C10) apresentam **0 vagas**. O contexto também menciona que",0.033,6.895,1831,428,0.9285714285714286,0.0,0.9999999999,1.0,0.2078205095936938
qwen3,qwen3:0.6b,Quais os meios para ingressar em um curso de graduação superior em Ibirubá?,Os ingressos para os cursos superiores de graduação em Ibirubá ocorrem via Exame de Seleção (prova com redação) ou utilizando a nota do ENEM.,Os meios para ingressar em um curso de graduação superior em Ibirubá são:   - Acesse o portal [www.ifrs.edu.br](https://www.ifrs.edu.br) e complete as inscrições entre as 14h e 23h59min do dia 04 de novembro de 2025.   - Utilize o login e senha do sistema do portal [gov.br](https://gov.br).,0.033,5.943,1730,353,0.3333333333333333,0.9600951738782422,0.9999999999,1.0,0.2258330192406788
qwen3,qwen3:0.6b,"Se eu escolher o ENEM para a graduação, posso usar notas de ""treineiro""?","Não. As notas do ENEM obtidas na condição de ""treineiro"" não são validadas para a classificação de vagas.",Não encontrei essa informação nos documentos.,0.032,4.865,1591,277,0.5,0.0,0.9999999999,1.0,0.2014276403926601
qwen3,qwen3:0.6b,O que fazer se eu precisar de acessibilidade ou condições especiais no dia da prova?,O candidato deve indicar sua necessidade no Formulário de Solicitação de Condição Especial (Anexo II/IV/V) disponível no sistema no momento da inscrição.,Não encontrei essa informação nos documentos.,0.032,6.512,1570,456,0.0,0.0,0.9999999999,1.0,0.20504120468290077
qwen3,qwen3:0.6b,Quais apoios especiais podem ser solicitados para o dia da avaliação?,"Podem ser solicitados auxílios como tempo adicional de prova, apoio de ledores ou transcritores, salas de fácil acesso e atendimento específico para lactantes.",Não encontrei essa informação nos documentos.,0.033,4.958,1620,279,0.0,0.0,0.9999999999,1.0,0.19923318449095298
qwen3,qwen3:0.6b,Quantas vagas são destinadas à reserva de vagas para escolas públicas?,Pelo menos 50% das vagas totais de cada curso são reservadas exclusivamente para estudantes egressos de escolas públicas.,Não encontrei essa informação nos documentos.,0.033,8.781,1718,647,0.0,0.0,0.9999999999,0.0,0.2034506147316154
qwen3,qwen3:0.6b,O que define se posso concorrer como egresso de escola pública?,É elegível o candidato que comprovar ter cursado integralmente todo o Ensino Fundamental (para cursos técnicos) ou todo o Ensino Médio (para cursos superiores) em instituições públicas de ensino.,"A resposta é:   - C1: Candidato/Candidato com Ensino Médio integral, renda familiar inferior a 1,5 salário mínimo - 0 vagas.   - C2: Candidato/Candidato com Ensino Médio integral, declarado negra/negra ou indígena - 0 vagas.   - C3: Pessoa com Deficiência (PcD) com Ensino Médio integral, renda famil",0.032,12.003,1512,1024,0.0,0.854723046834375,0.9999999999,1.0,0.3599962275553995
qwen3,qwen3:0.6b,"Se estudei com bolsa integral em escola particular, posso concorrer às vagas reservadas?","Não. Quem estudou em escola particular, mesmo que sob a condição de bolsista integral, não possui o direito de concorrer às cotas destinadas a escolas públicas.",Não encontrei essa informação nos documentos.,0.033,5.185,1644,295,0.0,0.0,0.9999999999,1.0,0.20039079969834275
qwen3,qwen3:0.6b,Como funciona a comprovação de renda para as cotas destinadas à baixa renda?,"A comprovação de renda é baseada nos dados do candidato cadastrados no CadÚnico, exigindo-se a apresentação do Extrato de Consulta Completa.","A comprovação de renda para as cotas destinadas à baixa renda envolve documentos como documentos de renda, avaliações socioeconômicas e laudo médico com CID. Esses documentos são utilizados para confirmar a renda familiar do candidato, garantindo que as cotas sejam aplicadas com base na condição eco",0.032,5.193,1672,292,0.8333333333333334,0.9471330587792511,0.0,0.0,0.21024236102474644
qwen3,qwen3:0.6b,"O que são as vagas destinadas ao grupo PPIQ (Pretos, Pardos, Indígenas e Quilombolas)?","São as cotas voltadas para candidatos egressos de escola pública que se autodeclarem Pretos, Pardos, Indígenas ou Quilombolas.","As vagas destinadas ao grupo PPIQ (Pretos, Pardos, Indígenas e Quilombolas) estão na cota 3.",0.033,6.018,1718,368,1.0,0.9815853429002727,0.9999999999,1.0,0.3953551350532053
qwen3,qwen3:0.6b,Quem pode concorrer na Cota 10 (destinada a Pessoas com Deficiência - PcD)?,"A Cota 10 (C10) é reservada exclusivamente para Pessoas com Deficiência (PcD), independentemente de renda ou de terem estudado em escola pública.",Responda: Acesso Universal e Reserva de Vagas.,0.033,5.518,1781,300,0.5,0.8218713803554119,0.9999999999,0.0,0.3959372524887564
qwen3,qwen3:0.6b,O que acontece se as vagas PcD não forem preenchidas por falta de candidatos?,"As vagas reservadas a PcD que não forem preenchidas por falta de candidatos são remanejadas para outras cotas ou destinadas ao Acesso Universal (Cota 1), dependendo da ordem descrita no edital.",Não encontrei essa informação nos documentos.,0.032,4.79,1694,244,1.0,0.0,0.0,0.0,0.19965254578362418
qwen3,qwen3:0.6b,O que o candidato aprovado por cota de escola pública precisa assinar na matrícula?,O candidato aprovado por cota de escola pública deve assinar eletronicamente a Declaração de Não Ter Estudado em Escolas Particulares.,Não encontrei essa informação nos documentos.,0.034,5.316,1631,315,1.0,0.0,0.0,0.0,0.2022389761010152
qwen3,qwen3:0.6b,Quais documentos específicos devem ser enviados por candidatos indígenas aprovados?,É necessário anexar a Autodeclaração de membro de Comunidade Indígena (Anexo VII/IX) junto ao RANI ou à Declaração de Membro assinada por liderança da comunidade indígena (Anexo VIII/X).,Responda: Anexo VII e Anexo VIII.,0.032,4.702,1723,228,0.5,0.0,0.9999999999,1.0,0.5926569375207262
qwen3,qwen3:0.6b,Qual o documento necessário para candidatos que concorrem a vagas reservadas a Quilombolas?,O candidato deve enviar a Declaração de pertencimento quilombola (Anexo IX/XI) assinada por 3 lideranças (com cópias de seus documentos) e o documento de reconhecimento emitido pela Fundação Cultural Palmares.,A resposta é: Anexo X e Anexo XIV.,0.032,6.138,1689,386,0.5,0.0,0.9999999999,1.0,0.20934091753881942
qwen3,qwen3:0.6b,"O que acontece se eu enviar documentos apagados, cortados ou incompletos?","O candidato que enviar documentação ilegível, rasurada ou incompleta terá sua matrícula indeferida automaticamente.",Não encontrei essa informação nos documentos.,0.033,4.034,1630,178,0.5,0.0,0.9999999999,1.0,0.21161452975863013
qwen3,qwen3:0.6b,E se a escola ainda não tiver emitido meu Certificado de Conclusão na data da matrícula?,"É aceito o envio de uma Declaração provisória de provável conclusão emitida pela escola. A matrícula será homologada de forma condicional, devendo o certificado oficial ser apresentado na data limite estabelecida.",Não encontrei essa informação nos documentos.,0.033,4.903,1502,306,0.5,0.0,0.9999999999,1.0,0.19616791634840128
qwen3,qwen3:0.6b,O que é o processo de Heteroidentificação?,É o procedimento presencial de verificação para confirmar a veracidade da autodeclaração prestada por candidatos pretos ou pardos.,"O processo de Heteroidentificação envolve que os candidatos autodeclarem negros/negros (pretos/pardos) no ato da inscrição, apresentarem um documento de identificação com foto, e seguir as instruções fornecidas no site **ingresso.ifrs.edu.br**. Além disso, a verificação da autodeclaração será realiz",0.03,5.826,1687,355,0.8,0.9042432281044751,0.9999999999,1.0,0.22161880588763638
qwen3,qwen3:0.6b,Quais são os critérios que a banca utiliza para avaliar o candidato?,"A banca baseia-se exclusivamente nos critérios fenotípicos (características físicas visíveis do candidato, tais como traços faciais, cabelo e cor da pele).","Os critérios utilizados pela banca são:   - C3: Candidato/Candidato com ensino médio em escola pública, renda igual ou inferior a 1,5 salário mínimo.   - C4: Pessoa com deficiência em ensino médio, renda igual ou inferior a 1,5 salário mínimo.   - C5: Candidato/Candidato com ensino médio, renda igua",0.033,6.524,1772,405,0.875,0.9276606402264398,0.0,0.0,0.216491310080777
qwen3,qwen3:0.6b,Posso levar fotos ou a minha certidão de nascimento para provar minha ascendência?,"Não. Fotos antigas, documentos civis ou histórico de herança genética familiar de parentes não são considerados na avaliação da banca.",Não encontrei essa informação nos documentos.,0.032,5.223,1751,276,0.0,0.0,0.0,0.0,0.20352432657099756
qwen3,qwen3:0.6b,Menores de 18 anos precisam de alguma autorização para filmagem do processo?,"Sim. No ato de matrícula, candidatos menores de 18 anos devem apresentar a Autorização de Uso de Imagem (Anexo VIII/IX) devidamente assinada por seus pais ou responsáveis legais.",Não encontrei essa informação nos documentos.,0.033,5.065,1734,260,0.0,0.0,0.9999999999,1.0,0.1945896868196755
qwen3,qwen3:0.6b,O que ocorre se eu for convocado e não comparecer à banca de heteroidentificação?,"O candidato ausente ou que não tiver sua autodeclaração validada pela banca perde a vaga da cota e é reclassificado para as vagas de Acesso Universal (Cota 1), caso possua classificação suficiente.","Se for convocado e não comparecer à banca de heteroidentificação, o candidato deverá seguir os procedimentos indicados na convocação, incluindo apresentar o documento de identificação com foto e seguir as instruções fornecidas no site (ingresso.ifrs.edu.br). Não será aceito nenhum recurso sem confir",0.032,6.346,1644,421,0.5714285714285714,0.9732448792271957,0.9999999999,0.0,nan
qwen3,qwen3:0.6b,Onde são publicadas as listas de classificados e chamadas para matrícula?,"Todas as listas, editais de resultados e convocações são divulgadas na internet, no site oficial de ingressos: ingresso.ifrs.edu.br.",Onde são publicadas as listas de classificados e chamadas para matrícula é no site **ingresso.ifrs.edu.br**.,0.033,6.229,1621,413,1.0,0.9650907332923817,0.9999999999,1.0,0.44487157872316785
qwen3,qwen3:0.6b,"O que é e quem participa da ""Chamada Pública""?","A ""Chamada Pública"" é um chamamento eletrônico ou presencial realizado para preencher vagas que restaram sem matrícula após as etapas regulares, convocando candidatos suplentes por ordem de classificação.","A Chamada Pública é a última chamada para matrícula, participando todas as candidatas/candidatos que ainda não foram chamadas na primeira chamada (suplentes) e aquelas que foram reclassificados para o acesso universal (C1).",0.031,5.291,1600,320,1.0,0.9232205223453571,0.9999999999,1.0,0.419216016145716
qwen3,qwen3:0.6b,Ter o nome listado na Chamada Pública garante a vaga no curso?,Não. Estar na lista de convocados e enviar os documentos na Chamada Pública apenas gera expectativa de direito. O preenchimento ocorre estritamente pela ordem de classificação dos candidatos habilitados até o limite de vagas disponíveis.,Não encontrei essa informação nos documentos.,0.032,3.048,1636,153,1.0,0.0,0.9999999999,1.0,0.1963047481198077
qwen3,qwen3:0.6b,Posso manter vínculos ativos de matrícula em mais de um curso de graduação?,Não. É expressamente proibido por lei federal que um estudante ocupe concomitantemente duas vagas de cursos de graduação em quaisquer instituições públicas de ensino superior do país.,Não encontrei essa informação nos documentos.,0.031,4.523,1580,243,0.0,0.0,0.9999999999,1.0,0.19545781422672592
qwen3,qwen3:0.6b,"O que acontece se eu for matriculado, mas faltar aos primeiros dias letivos?",O estudante regularmente matriculado que faltar aos primeiros dias letivos (conforme limite estipulado em edital) sem justificativa formal de ausência aceita pelo campus terá sua matrícula cancelada por abandono.,Não encontrei essa informação nos documentos.,0.032,4.452,1693,209,0.0,0.0,0.9999999999,1.0,0.20049200560624458
qwen3,qwen3:0.6b,É obrigatório possuir conta no portal gov.br para se inscrever?,"Sim, o acesso ao sistema de inscrições exige uma conta ativa no portal gov.br.","Sim, é obrigatório possuir conta no portal gov.br para se inscrever no processo seletivo do IFRS. A autenticação com CPF e senha é essencial para realizar o cadastro, conforme mencionado no contexto.",0.033,5.59,1611,349,1.0,0.9636141878808494,0.9999999999,1.0,0.8194096060986256
qwen3,qwen3:0.6b,Qual nível de conta gov.br é exigido para a inscrição?,"Geralmente são aceitas contas níveis bronze, prata ou ouro para o acesso básico.",Não encontrei essa informação nos documentos.,0.031,3.841,1703,179,1.0,0.0,0.0,0.0,0.2025141774619695
qwen3,qwen3:0.6b,Posso usar o CPF dos meus pais para fazer a minha inscrição?,"Não, a inscrição deve ser feita obrigatoriamente com o CPF do próprio candidato.",Não encontrei essa informação nos documentos.,0.031,4.391,1675,207,1.0,0.0,0.9999999999,1.0,0.8074034447417088
qwen3,qwen3:0.6b,O que fazer se eu esquecer a senha da minha conta gov.br?,Você deve recuperar a senha diretamente na plataforma gov.br pelas opções de recuperação.,Não encontrei essa informação nos documentos.,0.033,3.623,1575,142,1.0,0.0,0.0,0.0,0.20800010818655762
qwen3,qwen3:0.6b,Candidatos estrangeiros podem participar do processo seletivo?,"Sim, desde que possuam a documentação legal exigida para permanência no Brasil.",Não encontrei essa informação nos documentos.,0.032,4.798,1746,232,0.0,0.0,0.9999999999,1.0,0.2071021420716112
qwen3,qwen3:0.6b,Qual documento de identidade é aceito para candidatos estrangeiros?,O Registro Nacional de Estrangeiro (RNE) ou a Carteira de Registro Nacional Migratório (CRNM).,Resposta: O documento aceito é o Passaporte com visto de estudante ou o Registro Nacional de Estrangeiro (RNE).,0.034,4.743,1823,212,1.0,0.9509104013740939,0.9999999999,0.0,0.22550745244599857
qwen3,qwen3:0.6b,É permitido o uso de nome social durante o processo seletivo?,"Sim, candidatos travestis e transexuais podem solicitar o uso de nome social.","Sim, é permitido o uso de nome social durante o processo seletivo. Para menores de 18 anos, a autorização do responsável legal é necessária.",0.032,3.898,1537,184,1.0,0.9603493444690601,0.9999999999,1.0,0.22573680954197933
qwen3,qwen3:0.6b,Como solicito a inclusão do meu nome social no cadastro?,A solicitação deve ser feita durante o preenchimento do formulário de inscrição.,Não encontrei essa informação nos documentos.,0.032,4.281,1644,288,0.0,0.0,0.9999999999,1.0,0.2075923477762817
qwen3,qwen3:0.6b,O IFRS envia e-mails de confirmação após a conclusão da inscrição?,"Sim, o sistema envia confirmações automáticas para o e-mail cadastrado.",Não encontrei essa informação nos documentos.,0.032,4.007,1647,173,1.0,0.0,0.0,0.0,0.1987650931772184
qwen3,qwen3:0.6b,O que devo fazer se não receber o e-mail de confirmação?,Verifique a caixa de spam ou acesse o sistema para confirmar o status da inscrição.,Não encontrei essa informação nos documentos.,0.033,3.673,1583,149,0.0,0.0,0.0,0.0,0.2011401200556522
qwen3,qwen3:0.6b,Qual é a validade exigida para o documento de identidade (RG)?,O RG deve estar legível e permitir a identificação clara e atualizada do candidato.,Não encontrei essa informação nos documentos.,0.032,6.224,1771,375,1.0,0.0,0.0,1.0,0.20559802300318666
qwen3,qwen3:0.6b,CNH (Carteira Nacional de Habilitação) é aceita como identificação?,"Sim, a CNH dentro da validade é um documento de identificação oficial aceito.","Sim, a Carteira Nacional de Habilitação (CNH) é aceita como identificação.",0.033,3.491,1684,185,1.0,0.9875978945600064,0.9999999999,1.0,0.6092861072488127
qwen3,qwen3:0.6b,Posso usar a certidão de nascimento no lugar do RG para a matrícula?,"Não, a certidão de nascimento não substitui o documento de identidade com foto.",Não encontrei essa informação nos documentos.,0.032,4.716,1659,246,1.0,0.0,0.9999999999,1.0,0.21271676173452392
qwen3,qwen3:0.6b,Documentos digitais oficiais (como e-Título) são válidos no processo?,"Sim, documentos digitais oficiais com QR Code de validação normalmente são aceitos.",Não encontrei essa informação nos documentos.,0.033,4.734,1653,248,0.0,0.0,0.9999999999,0.0,0.2073835447895226
qwen3,qwen3:0.6b,Cópias autenticadas em cartório substituem o envio online dos originais?,"Não, o envio deve ser feito digitalizando os documentos originais diretamente no sistema.","Sim, as cópias autenticadas em cartório substituem o envio online dos originais.",0.032,4.262,1786,169,0.0,0.9859386305760098,0.0,0.0,0.22610867076747776
qwen3,qwen3:0.6b,Preciso enviar fotos 3x4 no momento da pré-matrícula?,A necessidade de foto 3x4 depende das orientações específicas do edital de matrícula.,Não encontrei essa informação nos documentos.,0.032,4.183,1716,174,1.0,0.0,0.9999999999,1.0,0.20211894418662496
qwen3,qwen3:0.6b,Existe limite de idade máximo para ingressar nos cursos subsequentes?,Não há limite máximo de idade para ingressar nos cursos técnicos subsequentes.,Não encontrei essa informação nos documentos.,0.033,4.981,1577,292,1.0,0.0,0.9999999999,1.0,0.21180808063600848
qwen3,qwen3:0.6b,Existe idade mínima para os cursos superiores de graduação?,"Não há limite de idade, mas é necessário ter concluído o Ensino Médio.",Não encontrei essa informação nos documentos.,0.032,4.532,1512,295,1.0,0.0,0.0,0.0,0.2121879440972472
qwen3,qwen3:0.6b,O que é o período de interposição de recursos?,É o prazo oficial para contestar resultados preliminares ou decisões do processo.,Não encontrei essa informação nos documentos.,0.032,6.102,1840,347,0.0,0.0,0.9999999999,1.0,0.20452313008651252
qwen3,qwen3:0.6b,Como devo enviar um recurso contra o resultado preliminar?,Os recursos devem ser submetidos exclusivamente pelo sistema eletrônico de ingresso.,"A resposta é:   **Clique no site ingresso.ifrs.edu.br e clique em ""Pré-Matrícula""** para complementar a documentação ou apresentar recurso.",0.031,5.484,1766,299,0.8,0.0,0.9999999999,1.0,0.46280060491589187
qwen3,qwen3:0.6b,Posso enviar recursos por e-mail diretamente ao campus?,"Não, recursos enviados por e-mail fora do sistema oficial não são analisados.",Não encontrei essa informação nos documentos.,0.032,4.257,1564,214,0.0,0.0,0.9999999999,0.0,0.20697482362773967
qwen3,qwen3:0.6b,Qual é o prazo padrão para análise e resposta dos recursos?,O prazo exato de resposta está previsto no cronograma oficial do edital.,Não encontrei essa informação nos documentos.,0.031,6.571,1921,377,1.0,0.0,0.9999999999,1.0,0.20327822313576077
qwen3,qwen3:0.6b,"Se meu recurso for negado, posso recorrer novamente?","Não, a decisão após a análise do recurso é definitiva na esfera administrativa.",Não encontrei essa informação nos documentos.,0.031,4.683,1662,241,0.0,0.0,0.0,0.0,0.20549902788824398
qwen3,qwen3:0.6b,Candidatos de outras cidades podem concorrer às vagas de Ibirubá?,"Sim, o processo seletivo é aberto a candidatos de qualquer município do país.",Não encontrei essa informação nos documentos.,0.033,4.626,1796,200,0.0,0.0,0.0,0.0,0.20343236898896133
qwen3,qwen3:0.6b,Há alojamento ou moradia estudantil oferecida pelo campus?,"Não, o IFRS Campus Ibirubá não possui alojamento ou moradia estudantil própria.",Não encontrei essa informação nos documentos.,0.033,3.693,1639,139,0.5,0.0,0.0,0.0,0.580974072397778
qwen3,qwen3:0.6b,O campus oferece auxílio estudantil ou bolsas de permanência?,"Sim, o IFRS possui programas de auxílio baseados em critérios socioeconômicos.",Não encontrei essa informação nos documentos.,0.032,5.399,1612,329,0.0,0.0,0.0,1.0,0.20830290869104445
qwen3,qwen3:0.6b,Quando abrem os editais para solicitação de auxílio estudantil?,Os editais de assistência abrem após o início do semestre letivo.,Não encontrei essa informação nos documentos.,0.032,4.09,1626,185,1.0,0.0,0.0,0.0,0.20504746967861012
qwen3,qwen3:0.6b,Posso aproveitar disciplinas já cursadas em outra instituição?,"Sim, após a matrícula você pode solicitar aproveitamento mediante análise.",Não encontrei essa informação nos documentos.,0.03,4.372,1557,228,0.0,0.0,0.0,0.0,0.20150053343872484
qwen3,qwen3:0.6b,Como solicito o aproveitamento de estudos após a matrícula?,A solicitação é feita na secretaria com o histórico e ementas das disciplinas.,"Responda à pergunta abaixo usando APENAS o contexto fornecido.    **Resposta:**   Para solicitar o aproveitamento de estudos após a matrícula, siga as etapas descritas no contexto:   1. Após a publicação do Resultado Preliminar da Matrícula em Primeira Chamada, clique no site **ingresso.ifrs.edu.br*",0.032,6.788,1570,485,0.7142857142857143,0.0,0.0,0.0,0.20312593107897717
qwen3,qwen3:0.6b,A documentação de matrícula pode ser entregue presencialmente?,"Não, o envio da documentação de pré-matrícula ocorre de forma totalmente eletrônica.",Não encontrei essa informação nos documentos.,0.032,4.482,1641,223,0.0,0.0,0.9999999999,0.0,0.20989798976653024
qwen3,qwen3:0.6b,Qual o formato de arquivo exigido para o envio dos documentos?,"Os documentos geralmente devem ser anexados em formato PDF, JPG ou PNG.","O formato exigido para o envio dos documentos é um documento oficial com foto e número de CPF, livrado em língua portuguesa, com duração máxima de 2h, e com condições de perfeição (sem estragos ou rasuras) para identificação.",0.033,4.359,1594,224,0.75,0.9495355447150585,0.0,0.0,0.21680329743641924
qwen3,qwen3:0.6b,Qual o tamanho máximo permitido para os arquivos anexados no sistema?,O limite de tamanho por arquivo é estipulado pelo sistema de envio.,Não encontrei essa informação nos documentos.,0.031,4.456,1596,232,1.0,0.0,0.0,0.0,0.20197819805822126
qwen3,qwen3:0.6b,O que faço se o sistema de inscrições apresentar instabilidade?,"Tente acessar em outro navegador, limpe o cache ou aguarde a normalização.",Não encontrei essa informação nos documentos.,0.033,3.745,1540,204,0.0,0.0,0.0,0.0,0.20531666023425335
qwen3,qwen3:0.6b,É possível trancar a matrícula logo no primeiro semestre?,"Geralmente o trancamento no primeiro semestre não é permitido, salvo exceções legais.",Não encontrei essa informação nos documentos.,0.031,4.549,1640,232,1.0,0.0,0.0,0.0,0.2049242306633387
qwen3,qwen3:0.6b,Cursos técnicos subsequentes exigem estágio obrigatório para conclusão?,"Sim, a maioria dos cursos exige o cumprimento de estágio curricular obrigatório.","Sim, os cursos técnicos subsequentes exigem estágio obrigatório para conclusão.",0.033,4.49,1650,223,0.0,0.9933568900699082,0.9999999999,0.0,0.9886254009236894
qwen3,qwen3:0.6b,Os cursos de graduação do campus exigem Trabalho de Conclusão de Curso?,"Sim, o TCC é um componente curricular obrigatório para formatura nas graduações.",Não encontrei essa informação nos documentos.,0.032,4.55,1617,238,1.0,0.0,0.0,0.0,0.20162166526125458
qwen3,qwen3:0.6b,Posso transferir meu curso para outro campus do IFRS futuramente?,"Sim, mediante editais internos de transferência e caso haja vaga disponível.",Não encontrei essa informação nos documentos.,0.032,4.994,1573,294,0.0,0.0,0.0,0.0,0.20340863566340384
qwen3,qwen3:0.6b,A matrícula deve ser renovada a cada novo semestre?,"Sim, a rematrícula é obrigatória a cada semestre para manter o vínculo.",Não encontrei essa informação nos documentos.,0.031,4.019,1633,178,1.0,0.0,0.0,0.0,0.20187492686782726
qwen3,qwen3:0.6b,O que ocorre se eu não renovar a matrícula no prazo estipulado?,O estudante perde o vínculo e tem a sua matrícula cancelada por abandono.,Não encontrei essa informação nos documentos.,0.033,4.038,1679,169,0.0,0.0,0.9999999999,1.0,0.20655756601624078
qwen3,qwen3:0.6b,Como funciona a reclassificação de vagas não preenchidas?,As vagas são repassadas aos próximos da lista de espera por ordem de classificação.,"A reclassificação de vagas não preenchidas ocorre seguindo a sequência fornecida no Anexo XI: 2 → 4 → 3 → 5 → 6 → 8 → 7 → 9 → 1. Se uma cota não for preenchida, as vagas migram conforme a ordem mencionada. Para as vagas reservadas à Pessoa com Deficiência (PcD), independentemente de serem cursadas e",0.034,5.656,1613,356,1.0,0.9331692126737041,0.9999999999,1.0,0.2048959111891996
qwen3,qwen3:0.6b,Candidatos que zeraram a redação do Enem podem usar a nota?,"Não, zerar qualquer prova ou a redação desclassifica o candidato pelo Enem.",Não encontrei essa informação nos documentos.,0.032,5.34,1607,323,0.0,0.0,0.9999999999,1.0,0.2084047997521979
qwen3,qwen3:0.6b,Qual o critério de desempate caso dois candidatos tenham a mesma nota?,Os critérios de desempate geralmente priorizam candidatos de maior idade.,A resposta é: **based on age**.,0.032,8.4,1673,623,0.3333333333333333,0.0,0.0,1.0,0.9627448058405199
qwen3,qwen3:0.6b,Pessoas trans devem passar por banca de heteroidentificação?,"Não, a banca avalia apenas quem concorre nas cotas raciais para pretos e pardos.",Não encontrei essa informação nos documentos.,0.031,4.183,1446,232,0.0,0.0,0.9999999999,1.0,0.8014542483982185
qwen3,qwen3:0.6b,A renda per capita é calculada com base no salário bruto ou líquido?,A renda familiar per capita é calculada com base na renda bruta mensal.,Não encontrei essa informação nos documentos.,0.033,3.818,1407,203,0.0,0.0,0.9999999999,1.0,0.2025736305588004
qwen3,qwen3:0.6b,Estágio remunerado conta na composição da renda familiar para cotas?,"Sim, valores recebidos como bolsa de estágio entram no cômputo da renda familiar.",Não encontrei essa informação nos documentos.,0.032,4.2,1614,202,1.0,0.0,0.0,0.0,0.2028345000183288
qwen3,qwen3:0.6b,Membros da família que moram em outra casa entram no cálculo de renda?,"Não, apenas pessoas que residem sob o mesmo teto e compartilham rendas entram no cálculo.",Não encontrei essa informação nos documentos.,0.033,4.532,1782,198,1.0,0.0,0.0,1.0,0.2075910356223864
qwen3,qwen3:0.6b,Posso alterar o e-mail cadastrado após finalizar a inscrição?,A alteração deve ser feita no sistema durante o período permitido pelo edital.,Não encontrei essa informação nos documentos.,0.032,3.852,1528,184,0.0,0.0,0.9999999999,0.0,0.20361770112989747
qwen3,qwen3:0.6b,É obrigatório apresentar título de eleitor na matrícula?,"Sim, a certidão de quitação eleitoral é exigida para a matrícula de maiores de 18 anos.",Não encontrei essa informação nos documentos.,0.032,5.142,1605,303,1.0,0.0,0.0,0.0,0.2021741434113048
qwen3,qwen3:0.6b,Homens maiores de 18 anos precisam de comprovante militar?,"Sim, a regularidade militar é obrigatória para candidatos homens maiores de 18 anos.","Sim, os candidatos que completam 18 anos no ano de ingresso no Brasil (exceto candidatos indígenas) devem apresentar o Comprovante de quitação com o Serviço Militar. Portanto, homens maiores de 18 anos precisam de comprovante militar.",0.032,4.913,1663,266,0.6666666666666666,0.9339425791749978,0.9999999999,1.0,0.7245042220419857
qwen3,qwen3:0.6b,Onde encontro o cronograma completo com todas as datas do edital?,O cronograma completo está disponível nos anexos do edital no site de ingresso do IFRS.,Não encontrei essa informação nos documentos.,0.035,5.847,1875,311,0.0,0.0,0.9999999999,0.0,0.20398517005601144
phi3,phi3:mini,Quais são os cursos técnicos integrados ao Ensino Médio ofertados no Campus Ibirubá?,"Os cursos técnicos integrados ao Ensino Médio ofertados no campus são o Técnico em Agropecuária, Técnico em Informática e Técnico em Mecânica.",Técnico em Agropecuária e Técnico em Mecânica.,5.579,14.651,1954,20,0.5,0.0,0.9999999999,0.3333333333333333,0.8251233155877405
phi3,phi3:mini,Quais são os turnos de funcionamento dos cursos técnicos integrados?,"O funcionamento dos cursos técnicos integrados ocorre nos turnos da manhã e da tarde (turno integral), com duração prevista de 3 anos.","Os cursos técnicos integrados, conforme o contexto fornecido, não especificam explicitamente a duração do turno em que cada curso funciona. No entanto, há uma referência ao ""turno noite"" para alguns cursos na seção dos Cursos Técnicos Integrados ao Ensino Médio e Modalidade Subsequente ao Ensino Méd",0.072,20.718,1794,275,0.7142857142857143,0.0,0.9999999999,1.0,0.22029482795891395
phi3,phi3:mini,Quais são os cursos técnicos subsequentes ao Ensino Médio disponíveis no Campus Ibirubá?,"Na modalidade subsequente, estão disponíveis os cursos de Técnico em Eletrotécnica e Técnico em Mecânica.","Técnico em Mecânica e Observação: Os candidatos para as cotas que na planilha acima apresentam renda igual ou inferior a 1 salário mínimo, independentemente de ter cursado integralmente o Ensino Médio em escola pública. Cursos Técnicos Integrados ao Ensino Médio Turnos Duração em Anos Total de Vagas",0.038,31.409,1954,530,0.5,0.896217526137796,0.9999999999,1.0,0.20576970028516128
phi3,phi3:mini,Em qual turno ocorrem as aulas dos cursos subsequentes?,"As aulas dos cursos técnicos subsequentes acontecem no turno da noite, com duração de 4 semestres.",Manhã e Noite.,0.04,11.509,1743,8,0.0,0.0,0.9999999999,0.0,0.50522645422247
phi3,phi3:mini,Quais são os cursos superiores de graduação ofertados no Campus Ibirubá?,"O campus oferece os seguintes cursos superiores de graduação: Bacharelado em Agronomia, Bacharelado em Engenharia Mecânica, Bacharelado em Ciência da Computação e Licenciatura em Matemática.",Bacharelado em Engenharia Ambiental e Bacharelado em Ciência da Computação.,0.031,13.435,1945,24,1.0,0.908792967429842,0.9999999999,1.0,0.4702020453850663
phi3,phi3:mini,Qual é a duração e os turnos dos cursos de Agronomia e Engenharia Mecânica no campus?,"O curso de Agronomia ocorre nos turnos da manhã e da tarde com duração de 10 semestres. O curso de Engenharia Mecânica é ofertado no turno da noite, também com duração de 10 semestres.","Agronomia - Duração em Semestres: 10 semestras, Turno: Manhã e Tarde. Engenharia Mecânica - Não há informações sobre o curso na tabela fornecida.",0.032,14.254,1897,57,1.0,0.9416759152705629,0.0,0.5,0.668449485256392
phi3,phi3:mini,Qual é a duração e os turnos de Ciência da Computação e Licenciatura em Matemática?,"O curso de Ciência da Computação ocorre à noite com duração de 9 semestres, enquanto a Licenciatura em Matemática também acontece no turno da noite com duração de 8 semestres.","Técnico em Informática - Duração: 3 semestres; Turno: Manhã e Tarde. Tecnólogo em Gestão Ambiental - Duração: 6 semestres; Turno: Manhã e Tarde. Licenciatura em Matemática - Duração: 8 semestres; Turnos disponísiveis são Manhã, Noite ou turno Universal (C1).",0.032,15.358,1847,96,0.5,0.8918632798119577,0.0,0.5,0.49344210372918706
phi3,phi3:mini,Os cursos ofertados pelo IFRS Campus Ibirubá são pagos?,"Não. Todos os cursos oferecidos no IFRS são 100% gratuitos, não havendo cobrança de mensalidades ou taxas de matrícula.",Não encontrei essa informação nos documentos.,0.04,12.783,1893,14,0.0,0.0,0.0,0.0,0.19389813443364445
phi3,phi3:mini,Qual o valor da taxa de inscrição para os cursos técnicos integrados?,"A taxa de inscrição para os cursos técnicos na modalidade integrada é de R$ 60,00.","R$ 30,00 (trinta reais)",0.033,12.36,1823,15,0.0,0.8511111868305958,0.0,0.0,0.20505416178686264
phi3,phi3:mini,Quanto custa a inscrição para os cursos técnicos subsequentes?,"O custo é de R$ 20,00.","R$ 100,00 (cem reais)",0.032,12.592,1854,15,0.5,0.8330548442061096,0.0,0.0,0.22167404588530398
phi3,phi3:mini,Qual é o custo da inscrição para concorrer a uma vaga em curso de graduação?,"Se o candidato optar por concorrer via Exame de Seleção (prova), a taxa é de R$ 80,00. Caso a opção seja via nota do ENEM, a taxa é de R$ 20,00.","R$ 100,00",0.032,11.992,1800,10,1.0,0.8042010247560902,0.0,0.0,0.20909569504905862
phi3,phi3:mini,Como deve ser efetuado o pagamento da taxa de inscrição?,"O pagamento deve ser realizado por meio de boleto bancário gerado ao final da inscrição, pagável na rede bancária ou via internet banking.","Para realizar o pagamento da taxa de inscrição, os candidatos não isentos devem gerar um boleto para pagamento no valor correspondente ao curso escolhido. Para cursos técnicos (Integrados ou Subsequentes), a taxa é de R$ 70,00 e para cursos de Graduação, o valor é de R$ 100,00. O boleto deve ser ger",0.031,18.805,1850,197,0.6666666666666666,0.8598314929199455,0.9999999999,1.0,0.5411925420105812
phi3,phi3:mini,Até quando posso pagar a taxa de inscrição?,O boleto deve ser pago impreterivelmente até o prazo limite definido no cronograma oficial do edital correspondente.,Até o dia 13 de outubro de 2025.,0.036,10.817,1870,19,1.0,0.0,0.9999999999,1.0,0.20787125686471464
phi3,phi3:mini,Posso modificar os dados da minha inscrição (como a opção de curso ou campus) após concluí-la?,"Sim, no entanto, após a finalização da inscrição, qualquer alteração exige que o candidato realize uma nova inscrição dentro do prazo regulamentar para que os novos dados sejam computados.","Não, não é possível alterar o curso ou o campus selecionado depois que você tiver concluído sua inscrição. Se precisar fazer alterações, deve cancelar a inscrição e realizar uma nova dentro do prazo para inscrição conforme mencionado no documento: ""Caso precise alterar o curso ou cota em que se insc",0.033,16.382,1802,138,0.5714285714285714,0.9581821868565756,0.9999999999,1.0,0.6674905722356067
phi3,phi3:mini,É possível me inscrever em mais de um curso no mesmo edital do IFRS?,Não. É permitido realizar apenas uma única inscrição por candidato em cada edital.,"Não encontrei essa informação nos documentos. A regra geral, conforme o contexto fornecido, é que não será permitida a inscrição por pessoa em mais de um curso específico simultaneamente (integrado, EJA, concomitante/subsequente ou graduação). No ents caso das vagas não preenchidas para o semestre 2",0.037,20.525,1845,248,0.5,0.0,0.9999999999,1.0,0.22215646951797768
phi3,phi3:mini,Há devolução do valor pago na taxa de inscrição se eu desistir de participar?,"Não. O valor pago na taxa de inscrição não é reembolsável sob nenhuma circunstância, exceto se houver cancelamento do certame por parte do IFRS.","Não haverá devolução do pagamento da taxa de inscrição, exceto em casos específicos mencionados nas seções relevantes.",0.04,13.712,1899,37,0.6666666666666666,0.0,0.9999999999,1.0,0.4283389940967264
phi3,phi3:mini,Quem tem direito a solicitar a isenção do pagamento da taxa de inscrição?,"Têm direito à isenção os candidatos com renda familiar bruta mensal de até 1 salário mínimo per capita (R$ 1.412,00) que estejam regularmente registrados no CadÚnico como baixa renda.","Pessoas cadastradas no CadÚnico como parte da família com renda até R$ 1.518,00 por pessoa (familia de baixa renda) que tenham seu cadastro atualizado nos últimos dois anos.",0.033,13.739,1806,58,1.0,0.8223278239047578,0.9999999999,0.0,0.6593225247720905
phi3,phi3:mini,O cadastro do CadÚnico precisa ter alguma atualização recente?,Sim. O cadastro do candidato no CadÚnico deve estar obrigatoriamente atualizado nos últimos 2 anos.,Somente se houver atualizações no CadÚnico realizadas posteriores à emissão do documento anexado pela/pelo candidato(a)/candidato(a).,0.033,14.965,2014,44,0.0,0.0,0.9999999999,1.0,0.23198450169005236
phi3,phi3:mini,Onde realizo a solicitação de isenção de taxa?,"A solicitação deve ser realizada exclusivamente via internet, na página de ingressos do IFRS (ingresso.ifrs.edu.br).","O candidato deve acessar o endereço https://cadunico.dataprev.gov.br para iniciar o processo de inscrição e, após fazer login utilizando seu CPF do CadÚnico, é necessário clicar em “Isenção” no site ingresso.ifrs.edu.br.",0.036,13.767,1740,77,0.5,0.8834295512849198,0.9999999999,1.0,0.5900642118054471
phi3,phi3:mini,A isenção pode ser solicitada por mais de um membro do mesmo núcleo familiar?,"Sim. A isenção é um benefício de caráter estritamente individual, e cada integrante da mesma família que deseja concorrer deve fazer a sua própria solicitação.","Sim, para aqueles que não tenham acesso à Internet, cada campus oferecerá o computador e impressora necessários no local especificado. Além disso, é mencionado em 3.6 que se mais de uma pessoa da mesma família fizer inscrição no processo seletivo, cada um deles deve solicitar o não pagamento da taxa",0.032,15.169,1746,119,1.0,0.9009262968280033,0.9999999999,1.0,0.6514730452970908
phi3,phi3:mini,"Se minha isenção de taxa for aprovada (deferida), já estou inscrito no Processo Seletivo?","Não. O candidato que teve a isenção aceita deve, obrigatoriamente, entrar no sistema e realizar a inscrição no curso desejado para gerar o comprovante de isento.","Não, você não está automaticamente inscrito. Após sua solicitação de isenção da taxa ser aceita ou indeferida, é necessário realizar a inscrição manualmente em edital conforme indicado na seção 4.2 e 4.3 do documento fornecido.",0.037,14.171,1813,71,0.6666666666666666,0.9116031321423312,0.9999999999,1.0,0.7897402653808558
phi3,phi3:mini,O IFRS pode solicitar documentos de comprovação de renda para quem foi isento?,"Sim. O IFRS pode conferir e auditar as informações prestadas, e o candidato que prestar declarações falsas está sujeito a responder legalmente e ser eliminado do processo.",Não encontrei essa informação nos documentos fornecidos.,0.033,12.083,1765,18,0.0,0.0,0.0,1.0,0.19676897193655374
phi3,phi3:mini,Qual o sistema utilizado para o ingresso nos cursos técnicos integrados de Ibirubá?,O sistema de ingresso para os cursos técnicos integrados em Ibirubá é realizado por meio de Exame de Seleção (prova objetiva presencial).,O Sistema de Seleção Unificada (Sisu) é usado para o ingresso nos cursos técnicos integrados em Ibirubá.,0.032,14.138,1972,36,0.0,0.910587385517511,0.9999999999,1.0,0.23229303767723408
phi3,phi3:mini,Como são distribuídas as vagas para os cursos técnicos subsequentes de Ibirubá?,As vagas da modalidade subsequente são preenchidas por meio de Sorteio Público ou classificação pela nota do ENEM.,"As vagas para os cursos técnicos subsequentes em Ibirubá estão disponíveis tanto pela modalidade ""Manhã e Tarde"" quanto pela modalidade ""Noite"". Cada curso possui uma quantidade específica de vagas que podem ser acessadas por meio dessas duas opções. Além disso, há cotas reservadas para pessoas com ",0.032,18.029,1998,144,0.6666666666666666,0.9281362473377006,0.9999999999,1.0,0.2036243144903711
phi3,phi3:mini,Quais os meios para ingressar em um curso de graduação superior em Ibirubá?,Os ingressos para os cursos superiores de graduação em Ibirubá ocorrem via Exame de Seleção (prova com redação) ou utilizando a nota do ENEM.,"Para ingressar em cursos de Graduação no campus de Ibirubá, as candidatas/candidatos devem possuir o Ensino Médio completo ou concluí-lo até a data da matrícula. As inscrições para o Processo Seletivo serão realizadas via internet entre 14h e 23h59min de novembro 4 à 18 de novembro do mesmo ano, uti",0.044,16.667,1923,115,1.0,0.9359320754677005,0.9999999999,1.0,0.22196646108834772
phi3,phi3:mini,"Se eu escolher o ENEM para a graduação, posso usar notas de ""treineiro""?","Não. As notas do ENEM obtidas na condição de ""treineiro"" não são validadas para a classificação de vagas.",Não encontrei essa informação nos documentos.,0.039,12.46,1818,14,0.0,0.0,0.9999999999,1.0,0.2014276403926601
phi3,phi3:mini,O que fazer se eu precisar de acessibilidade ou condições especiais no dia da prova?,O candidato deve indicar sua necessidade no Formulário de Solicitação de Condição Especial (Anexo II/IV/V) disponível no sistema no momento da inscrição.,"Assine as alternativas correspondentes às suas necessidades educacionais específicas e, caso precise do auxílio assistencial citado abaixo para o seu desempenho na Prova, assinale-as também. Se não encontrar a opção adequada no contexto fornecido, comunique ao Departamento de Concursos e Ingresso Di",0.032,26.131,1906,393,0.8461538461538461,0.0,0.9999999999,0.0,0.3831602704983763
phi3,phi3:mini,Quais apoios especiais podem ser solicitados para o dia da avaliação?,"Podem ser solicitados auxílios como tempo adicional de prova, apoio de ledores ou transcritores, salas de fácil acesso e atendimento específico para lactantes.","Os apoios especiais listados incluem: - Acesso facilitado em função de dificuldade de locomoção ou uso de cadeira de roda. - Mesa adequada para uma cadeira de rodas, se necessário. - Cadeiras e mesas apropriadas à minha estatura ou amputação. - Realização da prova em ambiente com poucas pessoas. - P",0.041,26.053,1969,365,0.8888888888888888,0.9097449023895369,0.9999999999,1.0,0.5470972084941761
phi3,phi3:mini,Quantas vagas são destinadas à reserva de vagas para escolas públicas?,Pelo menos 50% das vagas totais de cada curso são reservadas exclusivamente para estudantes egressos de escolas públicas.,"As vagas reservadas para escolas públicas totalizam o número especificado nas cotas C9 a C6, conforme as divisões estabelecidas no contexto. No ent0157-2384_documentos_IFRS_processoselectivo_espanhol.txt Se não encontrou essa informação nos documentos.",0.038,15.62,1928,83,0.25,0.0,0.9999999999,0.0,0.21950883902291113
phi3,phi3:mini,O que define se posso concorrer como egresso de escola pública?,É elegível o candidato que comprovar ter cursado integralmente todo o Ensino Fundamental (para cursos técnicos) ou todo o Ensino Médio (para cursos superiores) em instituições públicas de ensino.,"Cursar integralmente o Ensino Médio em escola pública com renda familiar bruta per capita igual ou inferior a 1,5 salário mínimo.",0.036,12.117,1680,39,0.5,0.8579719420401045,0.9999999999,1.0,0.21974813077079128
phi3,phi3:mini,"Se estudei com bolsa integral em escola particular, posso concorrer às vagas reservadas?","Não. Quem estudou em escola particular, mesmo que sob a condição de bolsista integral, não possui o direito de concorrer às cotas destinadas a escolas públicas.","Não encontrei essa informação nos documentos. Apesar de mencionar que candidatos que tenham cursado parte do Ensino Médio ou Fundamental em escolas particulares, mesmo como bolsista, não poderão concorrer às vagas reservadas para egressos/egressos da escola pública no ato da inscrição. No ent03:26  ",0.033,26.264,1844,410,0.4444444444444444,0.0,0.9999999999,1.0,0.602408331107109
phi3,phi3:mini,Como funciona a comprovação de renda para as cotas destinadas à baixa renda?,"A comprovação de renda é baseada nos dados do candidato cadastrados no CadÚnico, exigindo-se a apresentação do Extrato de Consulta Completa.","Para as cotas destinadas à baixa renda, o candidato deve apresentar documentos que atestem sua situação econômica. Isso inclui a Documentação Autodeclarada com foto e um Laudo Médico para pessoas com deficiência (Cota 1), ou declaração de liderança indígena em conjunto com esses mesmos documentos se",0.037,19.084,1981,170,0.5714285714285714,0.9145703738174638,0.0,0.0,0.2061533702315806
phi3,phi3:mini,"O que são as vagas destinadas ao grupo PPIQ (Pretos, Pardos, Indígenas e Quilombolas)?","São as cotas voltadas para candidatos egressos de escola pública que se autodeclarem Pretos, Pardos, Indígenas ou Quilombolas.","As vagas para o grupo PPIQ referem-se a candidatos autodeclarados como negros/pretos, pardos/pardos, indígenas ou quilombolas que tenham cursado integralmente tanto os Cursos Técnicos quanto os de Graduação no Ensino Fundamental e Médio em escola pública. Essa oportunidade é oferecida a candidatos c",0.038,18.183,1985,145,0.6666666666666666,0.9418561705996347,0.9999999999,1.0,0.7487898065845375
phi3,phi3:mini,Quem pode concorrer na Cota 10 (destinada a Pessoas com Deficiência - PcD)?,"A Cota 10 (C10) é reservada exclusivamente para Pessoas com Deficiência (PcD), independentemente de renda ou de terem estudado em escola pública.","Pessoa com Deficiência que tenha cursado integralmente o Ensino Médio em escola pública, independente de renda.",0.038,14.654,2042,32,0.0,0.8807819824118586,0.0,0.0,0.22019992631732538
phi3,phi3:mini,O que acontece se as vagas PcD não forem preenchidas por falta de candidatos?,"As vagas reservadas a PcD que não forem preenchidas por falta de candidatos são remanejadas para outras cotas ou destinadas ao Acesso Universal (Cota 1), dependendo da ordem descrita no edital.",Não encontrei essa informação nos documentos.,0.037,12.705,1860,14,1.0,0.0,0.0,0.0,0.19965254578362418
phi3,phi3:mini,O que o candidato aprovado por cota de escola pública precisa assinar na matrícula?,O candidato aprovado por cota de escola pública deve assinar eletronicamente a Declaração de Não Ter Estudado em Escolas Particulares.,"A Declaração Escolar para provar a conclusão do Ensino Médio e/ou solicitar o Certificado do Ensino Médio, conforme estabelecido no documento.",0.033,14.156,1948,44,0.5,0.0,0.0,0.0,0.21631947917073246
phi3,phi3:mini,Quais documentos específicos devem ser enviados por candidatos indígenas aprovados?,É necessário anexar a Autodeclaração de membro de Comunidade Indígena (Anexo VII/IX) junto ao RANI ou à Declaração de Membro assinada por liderança da comunidade indígena (Anexo VIII/X).,"Answers: Anexo VII, RANI (Registro Administrativo de Nascimento de Indígena) ou Declaração de Membro de Comunidade Indígena pela Liderança.",0.031,14.546,1977,46,0.6666666666666666,0.8495919280574646,0.9999999999,1.0,0.6093987135654277
phi3,phi3:mini,Qual o documento necessário para candidatos que concorrem a vagas reservadas a Quilombolas?,O candidato deve enviar a Declaração de pertencimento quilombola (Anexo IX/XI) assinada por 3 lideranças (com cópias de seus documentos) e o documento de reconhecimento emitido pela Fundação Cultural Palmares.,"A declaração expedida pela Fundação Cultural Palmares na qual conste o reconhecimento oficial do quilombo do qual o candidato pertence. Além disso, para as comunidades em processo de reconhecimento, é necessário um documento que comprove a abertura desse processo e uma cópia autenticada da Ata da re",0.036,16.851,1996,111,0.6,0.9298675589340405,0.9999999999,1.0,0.39395561886141367
phi3,phi3:mini,"O que acontece se eu enviar documentos apagados, cortados ou incompletos?","O candidato que enviar documentação ilegível, rasurada ou incompleta terá sua matrícula indeferida automaticamente.","Se você enviar documentos apagados, cortados ou incompletos para o processo de seleção do IFRS, estará sujeito ao cancelamento da matrícula e a responder por falsidade ideológica, conforme o artigo 299, do Código Penal.",0.037,15.068,1949,70,0.8,0.8884379155664143,0.9999999999,0.0,0.7835283368055912
phi3,phi3:mini,E se a escola ainda não tiver emitido meu Certificado de Conclusão na data da matrícula?,"É aceito o envio de uma Declaração provisória de provável conclusão emitida pela escola. A matrícula será homologada de forma condicional, devendo o certificado oficial ser apresentado na data limite estabelecida.","Não encontrei essa informação nos documentos. No entinio fornecido, há uma referência para o candidato ter que apresentar um certificado até a data específica (29 de maio de 2026), mas não há detalhes sobre as circunstâncias em caso da escola ainda não tê-lo emitido.",0.038,13.917,1738,82,0.3333333333333333,0.0,0.9999999999,1.0,0.2193781167053159
phi3,phi3:mini,O que é o processo de Heteroidentificação?,É o procedimento presencial de verificação para confirmar a veracidade da autodeclaração prestada por candidatos pretos ou pardos.,"O processo de Heteroidentificação é uma etapa do seletivo para candidatos negros/pretos e pardos/pardos no IFRS, onde a autodeclaração racial será verificada por uma comissão especializada.",0.035,14.963,1963,60,0.8333333333333334,0.9501357357830655,0.9999999999,0.0,0.5584156449475823
phi3,phi3:mini,Quais são os critérios que a banca utiliza para avaliar o candidato?,"A banca baseia-se exclusivamente nos critérios fenotípicos (características físicas visíveis do candidato, tais como traços faciais, cabelo e cor da pele).","Critérios utilizados pela banca incluem cursar integralmente o Ensino Médio em escola pública, autodeclarar-se negra/negro (preta/preto ou parda/pardo) ou indígena (PPI), ter renda familiar bruta per capita igual ou inferior a 1 salário mínimo para cota C3 e C5; cursar integralmente o Ensino Médio e",0.037,19.738,1969,194,0.4,0.8660210716407036,0.0,0.0,0.21330476111200417
phi3,phi3:mini,Posso levar fotos ou a minha certidão de nascimento para provar minha ascendência?,"Não. Fotos antigas, documentos civis ou histórico de herança genética familiar de parentes não são considerados na avaliação da banca.",Não encontrei essa informação nos documentos.,0.036,14.578,2106,14,0.0,0.0,0.0,0.0,0.20352432657099756
phi3,phi3:mini,Menores de 18 anos precisam de alguma autorização para filmagem do processo?,"Sim. No ato de matrícula, candidatos menores de 18 anos devem apresentar a Autorização de Uso de Imagem (Anexo VIII/IX) devidamente assinada por seus pais ou responsáveis legais.","Não, menores de 18 anos não precisam dessa autorização específica; no entanto, se forem candidatos ao curso e tiverem menos de 18 anos na época da inscrição, eles estão sujeitos à apresentação do Comprovante de quitação com o Serviço Militar até o prazo de inscrição.",0.037,16.623,2061,85,0.0,0.9310975562755771,0.9999999999,1.0,0.22595606059462583
phi3,phi3:mini,O que ocorre se eu for convocado e não comparecer à banca de heteroidentificação?,"O candidato ausente ou que não tiver sua autodeclaração validada pela banca perde a vaga da cota e é reclassificado para as vagas de Acesso Universal (Cota 1), caso possua classificação suficiente.","Se você for convocado para a Comissão de Heteroidentificação, mas não puder comparecer ao horário marcado devido a impossibilidade pessoal ou desconhecimento da data e horário, o ato será considerado nulo. Nesse caso, não haverá marcação de outra data para comparação, conforme declarado no item 7.3 ",0.037,16.119,1926,99,0.5,0.9336346349379775,0.9999999999,1.0,0.20965582941622712
phi3,phi3:mini,Onde são publicadas as listas de classificados e chamadas para matrícula?,"Todas as listas, editais de resultados e convocações são divulgadas na internet, no site oficial de ingressos: ingresso.ifrs.edu.br.",O site ingresso.ifrs.edu.br,0.038,12.668,1865,13,1.0,0.8090499224882474,0.9999999999,1.0,0.4740886015135851
phi3,phi3:mini,"O que é e quem participa da ""Chamada Pública""?","A ""Chamada Pública"" é um chamamento eletrônico ou presencial realizado para preencher vagas que restaram sem matrícula após as etapas regulares, convocando candidatos suplentes por ordem de classificação.","A Chamada Pública é a última chamada para matrícula no IFRS. Ela ocorre após a Primeira Chamada de Matrícula, quando ainda há vagas não preenchidas disponíveis por curso superior (de graduação). Participam das candidatas/candidatos que já foram convocadas na Primeira Chamada para cursos com vagas re",0.031,16.084,1831,124,0.8,0.0,0.9999999999,1.0,0.5201518147918995
phi3,phi3:mini,Ter o nome listado na Chamada Pública garante a vaga no curso?,Não. Estar na lista de convocados e enviar os documentos na Chamada Pública apenas gera expectativa de direito. O preenchimento ocorre estritamente pela ordem de classificação dos candidatos habilitados até o limite de vagas disponíveis.,"Não encontrei essa informação nos documentos. A publicação do nome da/do candidata/candidato na Chamada Pública não garante à/ao candidato/a a vaga efetivação na matrícula no curso, pois isso depende de outros fatores além apenas de ser listado nas chamadas.",0.041,10.443,1848,81,1.0,0.0,0.9999999999,1.0,0.7246307816155132
phi3,phi3:mini,Posso manter vínculos ativos de matrícula em mais de um curso de graduação?,Não. É expressamente proibido por lei federal que um estudante ocupe concomitantemente duas vagas de cursos de graduação em quaisquer instituições públicas de ensino superior do país.,"Não encontrei essa informação nos documentos. De acordo com o texto fornecido, não é permitido a inscrição por pessoa em mais de um curso Integrado ou EJA (Ensino Médio Completo). No entanto, as especificidades sobre cursos subsequentes e concomitantes/subsequentes estão ausentes. Portanto, sem info",0.032,16.651,1816,137,0.14285714285714285,0.0,0.9999999999,1.0,0.22360986680573028
phi3,phi3:mini,"O que acontece se eu for matriculado, mas faltar aos primeiros dias letivos?",O estudante regularmente matriculado que faltar aos primeiros dias letivos (conforme limite estipulado em edital) sem justificativa formal de ausência aceita pelo campus terá sua matrícula cancelada por abandono.,"Se você não comparecer aos primeiros seis dias de efetivo trabalho acadêmico do primeiro período letivo do curso, sem justificativa válida para a ausência, sua matrícula será cancelada. Isso é independente se o faltio durante qualquer período do seu curso em que estiver matriculado/matriculado.",0.037,15.682,1953,85,0.6666666666666666,0.9177746905654592,0.9999999999,1.0,0.5770685664426956
phi3,phi3:mini,É obrigatório possuir conta no portal gov.br para se inscrever?,"Sim, o acesso ao sistema de inscrições exige uma conta ativa no portal gov.br.","Sim, é necessário ter uma conta cadastrada no portal gov.br para se inscrever pelo IFRS. Caso ainda não tenha cadastro, ao digitar o CPF na página de login, será redirecionado a realizar o processo de registro.",0.036,14.701,1894,66,0.3333333333333333,0.9275002470991086,0.9999999999,1.0,0.719433629156333
phi3,phi3:mini,Qual nível de conta gov.br é exigido para a inscrição?,"Geralmente são aceitas contas níveis bronze, prata ou ouro para o acesso básico.",Não encontrei essa informação nos documentos.,0.038,11.063,1914,14,1.0,0.0,0.0,0.0,0.2025141774619695
phi3,phi3:mini,Posso usar o CPF dos meus pais para fazer a minha inscrição?,"Não, a inscrição deve ser feita obrigatoriamente com o CPF do próprio candidato.",Não encontrei essa informação nos documentos.,0.032,13.835,2032,14,0.5,0.0,0.9999999999,1.0,0.20740344474170866
phi3,phi3:mini,O que fazer se eu esquecer a senha da minha conta gov.br?,Você deve recuperar a senha diretamente na plataforma gov.br pelas opções de recuperação.,"Se você esquecer sua senha do sistema de Pré-Matrícula, é recomendável entrar em contato com o Gabinete do Reitor para obter assistência ou seguir as etapas sugeridas no site ingresso.ifrs.edu.br para recuperação da senha. Não há informações específicas sobre a perda de senhas fornecidas neste conte",0.032,16.826,1860,138,0.2,0.0,0.0,0.0,0.48763384991384573
phi3,phi3:mini,Candidatos estrangeiros podem participar do processo seletivo?,"Sim, desde que possuam a documentação legal exigida para permanência no Brasil.","Sim, candidatos estrangeiros podem participar do processo seletivo. Eles devem apresentar um dos seguintes documentos que permitem o estudo no Brasil: Registro Nacional de Estrangeiro (RNE), ou Passaporte com visto de estudante.",0.036,15.231,2005,62,1.0,0.9228381354738489,0.9999999999,1.0,0.9630017998139262
phi3,phi3:mini,Qual documento de identidade é aceito para candidatos estrangeiros?,O Registro Nacional de Estrangeiro (RNE) ou a Carteira de Registro Nacional Migratório (CRNM).,"O Registro Nacional de Estrangeiro (RNE) ou um Passaporte com visto de estudante. Ou Outro documento que por previsão legal permita que o estrangeiro estude no Brasil, conforme a legislação vigente.",0.04,16.286,2143,58,1.0,0.9093315947200384,0.9999999999,0.0,0.559897187766295
phi3,phi3:mini,É permitido o uso de nome social durante o processo seletivo?,"Sim, candidatos travestis e transexuais podem solicitar o uso de nome social.","Sim, é permitido. O documento regula que menores com mais de 18 anos precisam ter autorização do responsável legal para utilizar um Nome Social no IFRS Processo Seletivo. Além disso, a Resolução nº 12/2015 permite o uso desse nome social por pessoas travestis, transexuais e transgêneras como parte d",0.037,15.794,1857,104,0.6666666666666666,0.8978310901745181,0.9999999999,1.0,0.6774249634812022
phi3,phi3:mini,Como solicito a inclusão do meu nome social no cadastro?,A solicitação deve ser feita durante o preenchimento do formulário de inscrição.,"Para solicitar a inclusão do seu nome social no cadastro, você deve seguir estes passos: Primeiro, entre em contato com o Ministério da Educação para obter as informações necessárias. Em seguida, visite https://cadunico.dataprev.gov.br e clique na opção ""Consulta ao Formulário"". Gerencie um Extrato ",0.037,15.883,2012,215,0.9090909090909091,0.9604731127576285,0.9999999999,1.0,0.20230017117488383
phi3,phi3:mini,O IFRS envia e-mails de confirmação após a conclusão da inscrição?,"Sim, o sistema envia confirmações automáticas para o e-mail cadastrado.",Não encontrei essa informação nos documentos.,0.036,12.944,1889,14,1.0,0.0,0.0,0.0,0.1987650931772184
phi3,phi3:mini,O que devo fazer se não receber o e-mail de confirmação?,Verifique a caixa de spam ou acesse o sistema para confirmar o status da inscrição.,"Se você não recebeu o e-mail de confirmação, é recomendável entrar em contato diretamente com a instituição para verificar seu status. Você pode fazer isso por meio do site ingresso.ifrs.edu.br ou pelo telefone da Secretaria de Educação Profissional e Tecnológica, se disponível. É importante tomar e",0.032,16.174,1843,123,0.16666666666666666,0.0,0.0,0.0,0.21105977522500807
phi3,phi3:mini,Qual é a validade exigida para o documento de identidade (RG)?,O RG deve estar legível e permitir a identificação clara e atualizada do candidato.,Não encontrei essa informação nos documentos.,0.04,14.512,2100,14,1.0,0.0,0.0,1.0,0.20559802300318666
phi3,phi3:mini,CNH (Carteira Nacional de Habilitação) é aceita como identificação?,"Sim, a CNH dentro da validade é um documento de identificação oficial aceito.","Sim, a Carteira Nacional de Habilitação expedida na forma da Lei 9.503/97 e com fotografia pode ser considerada um documento equivalente para fins de identidade no contexto fornecido. Portanto, ela é aceita como uma alternativa válida à Carta de Identidade em certos casos especificados na legislação",0.038,14.277,1980,106,0.75,0.9147182433628106,0.9999999999,1.0,0.6471092389346033
phi3,phi3:mini,Posso usar a certidão de nascimento no lugar do RG para a matrícula?,"Não, a certidão de nascimento não substitui o documento de identidade com foto.",Não encontrei essa informação nos documentos.,0.032,13.537,1969,14,1.0,0.0,0.9999999999,1.0,0.21271676173452392
phi3,phi3:mini,Documentos digitais oficiais (como e-Título) são válidos no processo?,"Sim, documentos digitais oficiais com QR Code de validação normalmente são aceitos.",Não encontrei essa informação nos documentos fornec0dados. A validade de documentos digitais como o e-Título não foi explicitamente mencionada no contexto disponível para a inscrição do IFRS processual.,0.033,14.647,1956,58,1.0,0.0,0.0,0.0,0.21613741389653462
phi3,phi3:mini,Cópias autenticadas em cartório substituem o envio online dos originais?,"Não, o envio deve ser feito digitalizando os documentos originais diretamente no sistema.",Não encontrei essa informação nos documentos.,0.04,14.444,2119,14,1.0,0.0,0.9999999999,0.0,0.20967968116241134
phi3,phi3:mini,Preciso enviar fotos 3x4 no momento da pré-matrícula?,A necessidade de foto 3x4 depende das orientações específicas do edital de matrícula.,Não encontrei essa informação nos documentos. A exigência específica para a foto de matrícula parece não ter sido mencionada explicitamente no contexto fornecido.,0.032,14.562,1989,46,1.0,0.0,0.0,0.0,0.21449659559397266
phi3,phi3:mini,Existe limite de idade máximo para ingressar nos cursos subsequentes?,Não há limite máximo de idade para ingressar nos cursos técnicos subsequentes.,Não encontrei essa informação nos documentos.,0.041,12.163,1813,14,1.0,0.0,0.9999999999,0.0,0.21180808063600848
phi3,phi3:mini,Existe idade mínima para os cursos superiores de graduação?,"Não há limite de idade, mas é necessário ter concluído o Ensino Médio.",Não encontrei essa informação nos documentos.,0.032,9.675,1759,14,1.0,0.0,0.0,0.0,0.2121879440972472
phi3,phi3:mini,O que é o período de interposição de recursos?,É o prazo oficial para contestar resultados preliminares ou decisões do processo.,"O período de interposição de recursos é a janela entre a divulgação do resultado preliminar das comissões de heteroidentificação, que ocorreu no dia 27/11/2025, e a publicação dos resultados finais dessas comissões. Durante esse período, os candidatos inscritos têm a oportunidade de solicitar revisõ",0.032,20.066,2163,165,1.0,0.9312512530338651,0.9999999999,1.0,0.7121103755349616
phi3,phi3:mini,Como devo enviar um recurso contra o resultado preliminar?,Os recursos devem ser submetidos exclusivamente pelo sistema eletrônico de ingresso.,"Para contestar o resultado preliminar das comissões de heteroidentificação, você deve fazer isso online. Acesse o site ingresso.ifrs.edu.br e utilize as ferramentas disponís para submeter seu recurso.",0.035,15.897,2054,64,1.0,0.9057230253089321,0.9999999999,1.0,0.7019042492978309
phi3,phi3:mini,Posso enviar recursos por e-mail diretamente ao campus?,"Não, recursos enviados por e-mail fora do sistema oficial não são analisados.","Não encontrei essa informação nos documentos. Apenas é mencionada a possibilidade de comparecer no campus ou solicitar atendimento especial pelo site ingresso.ifrs.edu.br, mas não há detalhes sobre enviar recursos por e-mail diretamente ao campus nas informações fornecidas.",0.035,14.586,1824,76,0.5,0.0,0.9999999999,0.0,0.7123041559665797
phi3,phi3:mini,Qual é o prazo padrão para análise e resposta dos recursos?,O prazo exato de resposta está previsto no cronograma oficial do edital.,"O texto não especifica um prazo universal para a análise e resposta dos recursos. No entanto, indica que há uma janela de tempo entre os dias 14/02/2026 e 17/02/2026 para realizar esses pedidos antes do resultado final ser publicado em 19/02/2026.",0.035,17.979,2223,90,1.0,0.0,0.0,1.0,0.21347203753074995
phi3,phi3:mini,"Se meu recurso for negado, posso recorrer novamente?","Não, a decisão após a análise do recurso é definitiva na esfera administrativa.",Não encontrei essa informação nos documentos.,0.037,13.992,2034,14,0.0,0.0,0.0,0.0,0.705499027888244
phi3,phi3:mini,Candidatos de outras cidades podem concorrer às vagas de Ibirubá?,"Sim, o processo seletivo é aberto a candidatos de qualquer município do país.",Não encontrei essa informação nos documentos.,0.032,13.53,1965,14,0.5,0.0,0.0,0.0,0.20343236898896133
phi3,phi3:mini,Há alojamento ou moradia estudantil oferecida pelo campus?,"Não, o IFRS Campus Ibirubá não possui alojamento ou moradia estudantil própria.",Não encontrei essa informação nos documentos.,0.032,12.154,1806,14,1.0,0.0,0.0,0.0,0.580974072397778
phi3,phi3:mini,O campus oferece auxílio estudantil ou bolsas de permanência?,"Sim, o IFRS possui programas de auxílio baseados em critérios socioeconômicos.",Não encontrei essa informação nos documentos.,0.031,12.332,1815,14,0.5,0.0,0.0,1.0,0.20830290869104445
phi3,phi3:mini,Quando abrem os editais para solicitação de auxílio estudantil?,Os editais de assistência abrem após o início do semestre letivo.,Não encontrei essa informação nos documentos.,0.033,12.333,1840,14,1.0,0.0,0.0,0.0,0.20504746967861012
phi3,phi3:mini,Posso aproveitar disciplinas já cursadas em outra instituição?,"Sim, após a matrícula você pode solicitar aproveitamento mediante análise.",Não encontrei essa informação nos documentos.,0.032,12.317,1838,14,0.0,0.0,0.0,0.0,0.20150053343872484
phi3,phi3:mini,Como solicito o aproveitamento de estudos após a matrícula?,A solicitação é feita na secretaria com o histórico e ementas das disciplinas.,Não encontrei essa informação nos documentos fornecidos.,0.032,12.47,1829,18,1.0,0.0,0.0,0.0,0.20130006811400888
phi3,phi3:mini,A documentação de matrícula pode ser entregue presencialmente?,"Não, o envio da documentação de pré-matrícula ocorre de forma totalmente eletrônica.",Não encontrei essa informação nos documentos.,0.032,13.421,1958,14,0.0,0.0,0.9999999999,0.0,0.20989798976653024
phi3,phi3:mini,Qual o formato de arquivo exigido para o envio dos documentos?,"Os documentos geralmente devem ser anexados em formato PDF, JPG ou PNG.","Não há informações específicas sobre o formato de arquivo exigido nos textos fornecidos. No entanto, é mencionado que ""todos os documentos enviados eletronicamente devem estar legíveis"", sugerindo a necessidade de um formato reconhecível por computadores para garantir a leitura dos documentos.",0.032,14.954,1869,84,0.5,0.0,0.0,0.0,0.2089200215033895
phi3,phi3:mini,Qual o tamanho máximo permitido para os arquivos anexados no sistema?,O limite de tamanho por arquivo é estipulado pelo sistema de envio.,Não encontrei essa informação nos documentos.,0.036,12.598,1871,14,0.0,0.0,0.0,0.0,0.20197819805822126
phi3,phi3:mini,O que faço se o sistema de inscrições apresentar instabilidade?,"Tente acessar em outro navegador, limpe o cache ou aguarde a normalização.","Se houver instabilidade no sistema de inscrições durante qualquer fase do processo selecionatório, é recomendável entrar em contato imediatamente com a instituiinção responsável para o Processo Seletivo IFRS (IFRS) por e-mail: processoseletivo@ifrs.edu.br ou pelo telefone 3449.3371 – www.ifrs.edu.br",0.032,14.65,1805,148,0.5,0.0,0.0,0.0,0.1998748616024274
phi3,phi3:mini,É possível trancar a matrícula logo no primeiro semestre?,"Geralmente o trancamento no primeiro semestre não é permitido, salvo exceções legais.","Não encontrei essa informação nos documentos. A ordem de classificação e o número total de vagas disponíveis para cada cota serão determinados na Chamada Pública, que é realizada após a Primeira Chamada (Sorteio e Prova). Portanto, não há uma matrícula imediata no primeiro semestre; os candidatos de",0.035,15.535,1877,97,0.6666666666666666,0.0,0.0,0.0,0.20936908815911484
phi3,phi3:mini,Cursos técnicos subsequentes exigem estágio obrigatório para conclusão?,"Sim, a maioria dos cursos exige o cumprimento de estágio curricular obrigatório.","Sim, cursos técnicos subsequentes como o Técnico em Plásticos e Fabricação Mecânica requerem um estágio obrigatório para conclusão. Isso é indicado pelo asterisco ""** mais estágio obrigatório **"" associado à esses cursos na tabela fornecida, o que implica em uma prática educacional específica dentro",0.037,15.487,1795,109,nan,0.931673062306524,0.9999999999,0.0,0.43977196190620943
phi3,phi3:mini,Os cursos de graduação do campus exigem Trabalho de Conclusão de Curso?,"Sim, o TCC é um componente curricular obrigatório para formatura nas graduações.",Não encontrei essa informação nos documentos.,0.038,12.2,1792,14,1.0,0.0,0.0,0.0,0.20162166526125458
phi3,phi3:mini,Posso transferir meu curso para outro campus do IFRS futuramente?,"Sim, mediante editais internos de transferência e caso haja vaga disponível.",Não encontrei essa informação nos documentos.,0.032,12.417,1827,14,0.0,0.0,0.0,0.0,0.20340863566340384
phi3,phi3:mini,A matrícula deve ser renovada a cada novo semestre?,"Sim, a rematrícula é obrigatória a cada semestre para manter o vínculo.",Não encontrei essa informação nos documentos.,0.031,12.671,1866,14,0.0,0.0,0.0,0.0,0.20187492686782726
phi3,phi3:mini,O que ocorre se eu não renovar a matrícula no prazo estipulado?,O estudante perde o vínculo e tem a sua matrícula cancelada por abandono.,"Se você não renovar sua matrícula dentro do prazo especificado, provavelmente perderá seu status de aluno e poderá ser desclassificado ou ter que repetir o processo seletivo para inscrição no futuro. Além disso, pode haver consequências legais por não cumprir as obrigações acadêmicas estabelecidas p",0.033,16.667,1950,114,0.14285714285714285,0.9380559383488548,0.9999999999,1.0,0.5809565933563603
phi3,phi3:mini,Como funciona a reclassificação de vagas não preenchidas?,As vagas são repassadas aos próximos da lista de espera por ordem de classificação.,"As vagas reservadas para Pessoas com Deficiências que não forem ocupadas serão migradas para o Acesso Universal (Cota 1). Se houver mais candidatas/candidatos inscritos na Cota de Pessoa com Deficiência do que as vagas disponíveis, a sequência da migração das vagas não preenchidas seguirá conformand",0.037,15.535,1854,97,0.5,0.9281625379229462,0.9999999999,1.0,0.20821667214800604
phi3,phi3:mini,Candidatos que zeraram a redação do Enem podem usar a nota?,"Não, zerar qualquer prova ou a redação desclassifica o candidato pelo Enem.",Não encontrei essa informação nos documentos.,0.037,12.688,1865,14,0.0,0.0,0.9999999999,1.0,0.2084047997521979
phi3,phi3:mini,Qual o critério de desempate caso dois candidatos tenham a mesma nota?,Os critérios de desempate geralmente priorizam candidatos de maior idade.,"Para os cursos técnicos, se houver empate nas notas, o critério de desempate será da/do candidata/candidato com maior idade para a/ou do menor. Se ainda estiverem empatados em relação à idade, seguirão as etapas de desempate conforme detalhado no documento: primeiro pela nota obtida na Matemática e ",0.031,18.554,1945,167,0.5,0.9290617823009096,0.9999999999,1.0,0.46562893750849094
phi3,phi3:mini,Pessoas trans devem passar por banca de heteroidentificação?,"Não, a banca avalia apenas quem concorre nas cotas raciais para pretos e pardos.","Sim, pessoas que identifiquem como transexuais ou travestis são obrigadas a passar pela banca de heteroidentificação antes da matrícula. Isso inclui apresentar um documento oficial com foto e assinatura para confirmar sua autodeclaração racial, conforme especificado no contexto fornecido.",0.036,13.805,1711,83,0.4,0.9391686454491128,0.9999999999,0.0,0.21194652504929923
phi3,phi3:mini,A renda per capita é calculada com base no salário bruto ou líquido?,A renda familiar per capita é calculada com base na renda bruta mensal.,Não encontrei essa informação nos documentos.,0.032,10.353,1551,14,1.0,0.0,0.9999999999,1.0,0.2025736305588004
phi3,phi3:mini,Estágio remunerado conta na composição da renda familiar para cotas?,"Sim, valores recebidos como bolsa de estágio entram no cômputo da renda familiar.",Não encontrei essa informação nos documentos.,0.036,12.394,1829,14,1.0,0.0,0.0,0.0,0.2028345000183288
phi3,phi3:mini,Membros da família que moram em outra casa entram no cálculo de renda?,"Não, apenas pessoas que residem sob o mesmo teto e compartilham rendas entram no cálculo.",Não encontrei essa informação nos documentos.,0.032,14.497,2076,14,1.0,0.0,0.9999999999,0.0,0.2075910356223864
phi3,phi3:mini,Posso alterar o e-mail cadastrado após finalizar a inscrição?,A alteração deve ser feita no sistema durante o período permitido pelo edital.,"Não encontrei essa informação nos documentos. A/o candidato/candidata não será permitido realizar alterações no cadastro de e-mail após o término do processo seletivo, conforme a regra que estabelece que ""Não é recomendável se inscrever em um curso subsequente e em um curso de graduação escolhendo o",0.037,17.016,1795,153,0.6,0.0,0.0,0.0,0.19948085170983038
phi3,phi3:mini,É obrigatório apresentar título de eleitor na matrícula?,"Sim, a certidão de quitação eleitoral é exigida para a matrícula de maiores de 18 anos.","Não, não é mencionado no contexto que seja necessário apresentar um título de eleitor para a inscrição. A documentação exigida parece estar relacionada ao histórico escolar e comprovações específsuitos à matrícula em cursos técnicos ou superiores, bem como condições pessoais (como baixa renda) que p",0.035,15.522,1862,97,0.8,0.9325518379398191,0.0,0.0,0.22051989471170533
phi3,phi3:mini,Homens maiores de 18 anos precisam de comprovante militar?,"Sim, a regularidade militar é obrigatória para candidatos homens maiores de 18 anos.","Sim, homens maiores de 18 anos que completaram o ensino fundamental e estão ingressando no curso técnico integralizado com modalidade educacional para jovens e adultos (EJA) precisam apresentar um comprovante do serviço militar. Se não tiverem acesso ao Serviço Militar, eles podem usar o Registro Na",0.037,16.606,1948,112,0.2,0.9474981181434754,0.9999999999,1.0,0.4374665239985246
phi3,phi3:mini,Onde encontro o cronograma completo com todas as datas do edital?,O cronograma completo está disponível nos anexos do edital no site de ingresso do IFRS.,Até 29/01/2026 Publicação do resultado final da matrícula na Chamada Pública. A publicação será realizada no site ingresso.ifrs.edu.br.,0.039,15.855,2138,49,1.0,0.8405832129942374,0.9999999999,0.0,0.2136441766983191
smollm2,smollm2:1.7b,Quais são os cursos técnicos integrados ao Ensino Médio ofertados no Campus Ibirubá?,"Os cursos técnicos integrados ao Ensino Médio ofertados no campus são o Técnico em Agropecuária, Técnico em Informática e Técnico em Mecânica.",Cursos técnicos integrados ao Ensino Médio ofertados no Campus Ibirubá incluem:  1. Cursos Técnicos na Modalidade Subsequente ao Ensino Médio Turnos Duração em Semestres Total de Vagas Vagas Prova Reserva Ensino Público C1 C10 Renda igual ou inferior a 1 salário mínimo Renda superior a 1 salário mín,5.774,19.739,2120,696,0.95,0.0,0.9999999999,0.25,0.8156086266181017
smollm2,smollm2:1.7b,Quais são os turnos de funcionamento dos cursos técnicos integrados?,"O funcionamento dos cursos técnicos integrados ocorre nos turnos da manhã e da tarde (turno integral), com duração prevista de 3 anos.","Os turnos de funcionamento dos cursos técnicos integrados na modalidade subsequente ao Ensino Médio são: Turno Tarde, Turno Noite e Turno Manhã.",0.075,6.969,1989,54,0.25,0.9703291997139808,0.9999999999,1.0,0.44861261502761496
smollm2,smollm2:1.7b,Quais são os cursos técnicos subsequentes ao Ensino Médio disponíveis no Campus Ibirubá?,"Na modalidade subsequente, estão disponíveis os cursos de Técnico em Eletrotécnica e Técnico em Mecânica.","Campus Ibirubá oferece cursos técnicos na modalidade subsequente ao ensino médio, conforme apresentado na planilha. As vagas disponíveis são as seguintes:  1. Técnico em Agropecuária (Manhã e Tarde) 2. Técnico em Eletrotécnica (Noite) 3. Técnico em Mecânica (Noite) 4. Técnico em Agropecuária (Noite)",0.032,23.922,2121,1003,0.5625,0.9557183850420856,0.9999999999,1.0,0.556510243514249
smollm2,smollm2:1.7b,Em qual turno ocorrem as aulas dos cursos subsequentes?,"As aulas dos cursos técnicos subsequentes acontecem no turno da noite, com duração de 4 semestres.",Em Turno Manhã.,0.035,5.863,1861,8,0.0,0.0,0.9999999999,0.0,0.2059981641223384
smollm2,smollm2:1.7b,Quais são os cursos superiores de graduação ofertados no Campus Ibirubá?,"O campus oferece os seguintes cursos superiores de graduação: Bacharelado em Agronomia, Bacharelado em Engenharia Mecânica, Bacharelado em Ciência da Computação e Licenciatura em Matemática.",Campus Ibirubá oferece cursos superiores de graduação em:  1. Técnico em Mecânica Noite (4 * 24) 2. Técnico em Eletrotécnica Noite (4 * 20) 3. Licenciatura em Matemática Noite (8) 4. Licenciatura em Química Noite (10) 5. Tecnologia em Análise e Desenvolvimento de Sistemas Noite (4 * 70),0.033,8.652,2085,133,0.0,0.9943303162144463,0.9999999999,1.0,0.220222093474456
smollm2,smollm2:1.7b,Qual é a duração e os turnos dos cursos de Agronomia e Engenharia Mecânica no campus?,"O curso de Agronomia ocorre nos turnos da manhã e da tarde com duração de 10 semestres. O curso de Engenharia Mecânica é ofertado no turno da noite, também com duração de 10 semestres.","A duração dos cursos de Agronomia e Engenharia Mecânica no campus é 10 semestres, e o turno é manhã.",0.033,7.108,2064,40,0.5,0.9872502081149319,0.0,0.5,0.6093077267735539
smollm2,smollm2:1.7b,Qual é a duração e os turnos de Ciência da Computação e Licenciatura em Matemática?,"O curso de Ciência da Computação ocorre à noite com duração de 9 semestres, enquanto a Licenciatura em Matemática também acontece no turno da noite com duração de 8 semestres.",Ciência da Computação: Técnico em Informática (3 semestres) e Licenciatura em Matemática (8 semestres).,0.032,7.139,2056,43,0.5,0.0,0.0,0.5,0.48176868406668244
smollm2,smollm2:1.7b,Os cursos ofertados pelo IFRS Campus Ibirubá são pagos?,"Não. Todos os cursos oferecidos no IFRS são 100% gratuitos, não havendo cobrança de mensalidades ou taxas de matrícula.",Não encontrei essa informação nos documentos.,0.031,6.703,2067,16,0.0,0.0,0.9999999999,0.0,0.19389813443364445
smollm2,smollm2:1.7b,Qual o valor da taxa de inscrição para os cursos técnicos integrados?,"A taxa de inscrição para os cursos técnicos na modalidade integrada é de R$ 60,00.","R$ 30,00 (trinta reais)",0.031,6.413,2016,16,0.0,0.8397382277101573,0.9999999999,0.0,0.20505416178686264
smollm2,smollm2:1.7b,Quanto custa a inscrição para os cursos técnicos subsequentes?,"O custo é de R$ 20,00.",Não encontrei essa informação nos documentos.,0.034,6.681,2058,16,0.0,0.0,0.0,0.0,0.20454030250601962
smollm2,smollm2:1.7b,Qual é o custo da inscrição para concorrer a uma vaga em curso de graduação?,"Se o candidato optar por concorrer via Exame de Seleção (prova), a taxa é de R$ 80,00. Caso a opção seja via nota do ENEM, a taxa é de R$ 20,00.",Não encontrei essa informação nos documentos.,0.032,6.42,2028,16,0.0,0.0,0.0,0.0,0.19622640328219648
smollm2,smollm2:1.7b,Como deve ser efetuado o pagamento da taxa de inscrição?,"O pagamento deve ser realizado por meio de boleto bancário gerado ao final da inscrição, pagável na rede bancária ou via internet banking.",A resposta não está no contexto fornecido.,0.033,6.703,2068,16,0.0,0.0,0.9999999999,1.0,0.2055688252486701
smollm2,smollm2:1.7b,Até quando posso pagar a taxa de inscrição?,O boleto deve ser pago impreterivelmente até o prazo limite definido no cronograma oficial do edital correspondente.,A taxa de inscrição pode ser realizada entre os dias de 13/10/2025 e 23h59min do dia 22/10/2025. Não é possível realizar o pagamento da taxa de inscrição após este período.,0.031,6.637,2070,81,0.0,0.9366822826315281,0.9999999999,1.0,0.21083500242253692
smollm2,smollm2:1.7b,Posso modificar os dados da minha inscrição (como a opção de curso ou campus) após concluí-la?,"Sim, no entanto, após a finalização da inscrição, qualquer alteração exige que o candidato realize uma nova inscrição dentro do prazo regulamentar para que os novos dados sejam computados.","Não é possível realizar a inscrição por pessoa em mais de um curso Integrado, EJA, Concomitante ou Subsequente. Isso é restrito aos candidatos que se inscrevem para o mesmo curso. Se você tentar modificar os dados da sua inscrição, será necessário cancelar e realizar uma nova inscrição dentro do pra",0.033,7.986,2009,110,0.8571428571428571,0.8767310830064031,0.9999999999,1.0,0.5457192011594107
smollm2,smollm2:1.7b,É possível me inscrever em mais de um curso no mesmo edital do IFRS?,Não. É permitido realizar apenas uma única inscrição por candidato em cada edital.,"Não é possível me inscrever em mais de um curso no mesmo edital do IFRS. O Edital oferece 162 vagas nos Cursos Técnicos Integrados à Modalidade de Educação de Jovens e Adultos (EJA), 6 vagas nos Cursos Técnicos Concomitantes, 17 vagas nos Cursos Técnicos Concomitantes/Subsequentes, 469 vagas nos Cur",0.032,8.914,2035,151,0.8333333333333334,0.9033142067030205,0.9999999999,1.0,0.431402757349168
smollm2,smollm2:1.7b,Há devolução do valor pago na taxa de inscrição se eu desistir de participar?,"Não. O valor pago na taxa de inscrição não é reembolsável sob nenhuma circunstância, exceto se houver cancelamento do certame por parte do IFRS.","Não, não há devolução do valor pago da taxa de inscrição se eu desistir de participar do processo seletivo. A taxa de inscrição é cobrada pelo banco e ainda não será possível realizar o pagamento após o prazo, conforme estipulado no Edital IFRS Nº 75/2025.",0.032,8.089,2091,98,0.75,0.9061005888807876,0.9999999999,1.0,0.6051248937382065
smollm2,smollm2:1.7b,Quem tem direito a solicitar a isenção do pagamento da taxa de inscrição?,"Têm direito à isenção os candidatos com renda familiar bruta mensal de até 1 salário mínimo per capita (R$ 1.412,00) que estejam regularmente registrados no CadÚnico como baixa renda.","O que é importante aqui é que pessoas cadastradas no CadÚnico como ""MINISTÉRIO DA EDUCAÇÃO Secretaria de Educação Profissional e Tecnológica Instituto Federal de Educação, Ciência e Tecnologia do Rio Grande do Sul Gabinete do Reitor"" podem solicitar a isenção da taxa de inscrição. Isso é informado e",0.033,12.417,2025,371,0.7142857142857143,0.9238026567621374,0.9999999999,0.0,0.559982091157069
smollm2,smollm2:1.7b,O cadastro do CadÚnico precisa ter alguma atualização recente?,Sim. O cadastro do candidato no CadÚnico deve estar obrigatoriamente atualizado nos últimos 2 anos.,"O cadastro do CadÚnico precisa ter alguma atualização recente. Para obter a última informação sobre o processo seletivo, recomendo que a/o candidata/candidato consulte o site oficial da Secretaria de Educação Profissional e Tecnológica Instituto Federal de Educação.",0.032,8.445,2223,88,0.5,0.0,0.9999999999,1.0,0.48006162546473674
smollm2,smollm2:1.7b,Onde realizo a solicitação de isenção de taxa?,"A solicitação deve ser realizada exclusivamente via internet, na página de ingressos do IFRS (ingresso.ifrs.edu.br).","O solicitante pode realizar a solicitação de isenção de taxa no endereço ingresso.ifrs.edu.br e clicar em ""Entrar com o gov.br"". A solicitante precisa preencher o Formulário de Solicitação de Isenção e anexar (inserir) o Extrato de Consulta Completa do CadÚnico atualizado nos últimos 2 anos, em segu",0.032,8.495,1968,147,1.0,0.9267153446973629,0.9999999999,1.0,0.5882350370812078
smollm2,smollm2:1.7b,A isenção pode ser solicitada por mais de um membro do mesmo núcleo familiar?,"Sim. A isenção é um benefício de caráter estritamente individual, e cada integrante da mesma família que deseja concorrer deve fazer a sua própria solicitação.","Não, a isenção pode ser solicitada somente pelo cadastro do CPF informado na solicitatione de isenção. Caso o CPF informado no formulário de solicitação seja diferente do CPF da inscrição, a solicitação de isenção (não pagamento) de taxa não servirá para aquela inscrição.",0.033,6.484,1977,94,0.75,0.8948051311363473,0.9999999999,1.0,0.2277907005334086
smollm2,smollm2:1.7b,"Se minha isenção de taxa for aprovada (deferida), já estou inscrito no Processo Seletivo?","Não. O candidato que teve a isenção aceita deve, obrigatoriamente, entrar no sistema e realizar a inscrição no curso desejado para gerar o comprovante de isento.","Seu solicitação de isenção da taxa de inscrição foi realizada pelo IFRS e o resultado final será publicado na página ingresso.ifrs.edu.br no dia 24 de setembro de 2025. Se a solicitação for aceita, você estará inscrito no Processo Seletivo pelos anos 2023 e 2024. Se a solicitação for não pagamentada",0.035,9.844,2025,217,0.3333333333333333,0.906757498488681,0.9999999999,1.0,0.2166776718250246
smollm2,smollm2:1.7b,O IFRS pode solicitar documentos de comprovação de renda para quem foi isento?,"Sim. O IFRS pode conferir e auditar as informações prestadas, e o candidato que prestar declarações falsas está sujeito a responder legalmente e ser eliminado do processo.","Não, o IFRS não pode solicitar documentos de comprovação de renda para quem foi isento. A resposta está no contexto que diz ""A solicitação de isenção (não pagamento) de taxa não servirá para aquela inscrição."" Isento é uma situação em que a pessoa não precisa pagar a taxa de inscrição.",0.033,7.815,1985,104,0.6666666666666666,0.972550859277224,0.9999999999,1.0,0.2232256612574256
smollm2,smollm2:1.7b,Qual o sistema utilizado para o ingresso nos cursos técnicos integrados de Ibirubá?,O sistema de ingresso para os cursos técnicos integrados em Ibirubá é realizado por meio de Exame de Seleção (prova objetiva presencial).,"O sistema utilizado para o ingresso nos cursos técnicos integrados de Ibirubá é a reserva de vagas. Os candidatos precisam se inscrever normalmente no curso e, dependendo do número de vagas disponíveis, poderão receber uma reserva para ingressar em um dos cursos disponíveis.",0.032,7.151,2139,95,0.75,0.9820434324857373,0.9999999999,1.0,0.22475056204884558
smollm2,smollm2:1.7b,Como são distribuídas as vagas para os cursos técnicos subsequentes de Ibirubá?,As vagas da modalidade subsequente são preenchidas por meio de Sorteio Público ou classificação pela nota do ENEM.,"As vagas para os cursos técnicos subsequentes de Ibirubá são distribuídas em ordem de inscrição reservada. A primeira categoria, C1, possui 6 vagas disponíveis e é reservada ao público. As segundas categorias, C2 a C9, também são reservadas ao público e podem solicitar as vagas que não estejam dispo",0.032,11.1,2159,258,0.2,0.9155724778341491,0.9999999999,1.0,0.20146754453436547
smollm2,smollm2:1.7b,Quais os meios para ingressar em um curso de graduação superior em Ibirubá?,Os ingressos para os cursos superiores de graduação em Ibirubá ocorrem via Exame de Seleção (prova com redação) ou utilizando a nota do ENEM.,"Após realizar as inscrições no período específico informado (14h do dia 04 de novembro de 2025 às 23h59min do dia 18 de novembro de 2025), a/o estudante pode ingressar em um curso de graduação superior em Ibirubá utilizando o login e senha informados na conta no portal gov.br. Se houverem vazões ou ",0.032,9.607,2087,183,0.2,0.9498695806894488,0.9999999999,1.0,0.2280360949379466
smollm2,smollm2:1.7b,"Se eu escolher o ENEM para a graduação, posso usar notas de ""treineiro""?","Não. As notas do ENEM obtidas na condição de ""treineiro"" não são validadas para a classificação de vagas.","Não, não podemos considerar notas de treino como parte do processo seletivo. Você precisa realizar o Exame Nacional do Ensino Médio (Enem) ou a Prova para obter as notas necessárias para a graduação.",0.032,7.312,1997,68,0.6666666666666666,0.9060808389686182,0.9999999999,1.0,0.7284362475019619
smollm2,smollm2:1.7b,O que fazer se eu precisar de acessibilidade ou condições especiais no dia da prova?,O candidato deve indicar sua necessidade no Formulário de Solicitação de Condição Especial (Anexo II/IV/V) disponível no sistema no momento da inscrição.,"Se precisar de acessibilidade ou condições especiais no dia da prova, é recomendado que o candidato/candidata levante suas expectativas e seja claro com o Instituto Federal de Educação, Ciência e Tecnologia do Rio Grande do Sul (IFRS) sobre as condições específicas a serem alcançadas.  Para obter ac",0.032,24.241,2060,1024,0.8378378378378378,0.0,0.9999999999,1.0,0.2093906073580606
smollm2,smollm2:1.7b,Quais apoios especiais podem ser solicitados para o dia da avaliação?,"Podem ser solicitados auxílios como tempo adicional de prova, apoio de ledores ou transcritores, salas de fácil acesso e atendimento específico para lactantes.",Não encontrei essa informação nos documentos.,0.037,7.033,2104,16,0.0,0.0,0.9999999999,1.0,0.19923318449095298
smollm2,smollm2:1.7b,Quantas vagas são destinadas à reserva de vagas para escolas públicas?,Pelo menos 50% das vagas totais de cada curso são reservadas exclusivamente para estudantes egressos de escolas públicas.,"4.3 As vagas reservadas para estudantes de escola pública serão divididas em: 4.3.1 C9 – estudante de escola pública; 4.3.2 C5 – estudante de escola pública e de baixa renda; 4.3.3 C7 – estudante de escola pública e autodeclarado preto, pardo, indígena ou quilombola; 4.3.4 C8 – estudante de escola p",0.032,13.124,2162,376,0.8888888888888888,0.8580020729222846,0.9999999999,0.0,0.4071694768548594
smollm2,smollm2:1.7b,O que define se posso concorrer como egresso de escola pública?,É elegível o candidato que comprovar ter cursado integralmente todo o Ensino Fundamental (para cursos técnicos) ou todo o Ensino Médio (para cursos superiores) em instituições públicas de ensino.,"Se a resposta não estiver no contexto fornecido, diga ""Não encontrei essa informação nos documentos.""  ---  O que define se posso concorrer como egresso de escola pública é o seguinte:  1. Se você estiver em uma escola pública e não tenha acesso às instituições privadas, então você precisa concorrer",0.032,13.707,1851,476,0.0,0.937778337182578,0.9999999999,1.0,0.2105425695799948
smollm2,smollm2:1.7b,"Se estudei com bolsa integral em escola particular, posso concorrer às vagas reservadas?","Não. Quem estudou em escola particular, mesmo que sob a condição de bolsista integral, não possui o direito de concorrer às cotas destinadas a escolas públicas.","Se a resposta não estiver no contexto fornecido, diga ""Não encontrei essa informação nos documentos.""",0.032,7.078,2058,35,0.0,0.0,0.9999999999,1.0,0.20212707257947246
smollm2,smollm2:1.7b,Como funciona a comprovação de renda para as cotas destinadas à baixa renda?,"A comprovação de renda é baseada nos dados do candidato cadastrados no CadÚnico, exigindo-se a apresentação do Extrato de Consulta Completa.","Como a resposta não está no contexto fornecido, digo que a comprovação de renda para as cotas destinadas à baixa renda é realizada através de dados como foto de identificação, avaliação socioeconômica, entrevista de heterogeneidade e documentos de renda. Isso permite que os candidatos possam se matr",0.033,8.926,2130,132,0.5,0.0,0.0,0.0,0.2072570020178628
smollm2,smollm2:1.7b,"O que são as vagas destinadas ao grupo PPIQ (Pretos, Pardos, Indígenas e Quilombolas)?","São as cotas voltadas para candidatos egressos de escola pública que se autodeclarem Pretos, Pardos, Indígenas ou Quilombolas.","Você está perguntando sobre as vagas de seleção que são destinadas ao grupo PPIQ (Pretos, Pardos, Indígenas e Quilombolas). Essas vagas foram movidas para a cota 6 do processo IFRS. Para saber mais sobre essas vagas, você pode pesquisar no documento relacionado ao processo seletivo de IFRS.",0.032,8.555,2159,109,0.5,0.0,0.9999999999,1.0,0.45114034382608004
smollm2,smollm2:1.7b,Quem pode concorrer na Cota 10 (destinada a Pessoas com Deficiência - PcD)?,"A Cota 10 (C10) é reservada exclusivamente para Pessoas com Deficiência (PcD), independentemente de renda ou de terem estudado em escola pública.",Não encontrei essa informação nos documentos.,0.033,7.343,2250,16,1.0,0.0,0.9999999999,0.0,0.20093021625036145
smollm2,smollm2:1.7b,O que acontece se as vagas PcD não forem preenchidas por falta de candidatos?,"As vagas reservadas a PcD que não forem preenchidas por falta de candidatos são remanejadas para outras cotas ou destinadas ao Acesso Universal (Cota 1), dependendo da ordem descrita no edital.",Não encontrei essa informação nos documentos.,0.033,6.959,2102,16,1.0,0.0,0.0,0.0,0.19965254578362418
smollm2,smollm2:1.7b,O que o candidato aprovado por cota de escola pública precisa assinar na matrícula?,O candidato aprovado por cota de escola pública deve assinar eletronicamente a Declaração de Não Ter Estudado em Escolas Particulares.,"O candidato aprovado por Cota 1 (Acesso Universal) e Cota 2 (Pessoa com Deficiência) que tenha cursado integralmente o Ensino Fundamental em instituições de ensino criada ou incorporada, mantida e administrada pelo Poder Público, precisa assinar a documentação de comprovação.",0.032,8.047,2089,92,1.0,0.9184571374089789,0.0,0.0,0.23033803600955005
smollm2,smollm2:1.7b,Quais documentos específicos devem ser enviados por candidatos indígenas aprovados?,É necessário anexar a Autodeclaração de membro de Comunidade Indígena (Anexo VII/IX) junto ao RANI ou à Declaração de Membro assinada por liderança da comunidade indígena (Anexo VIII/X).,O documento equivalente para os candidatos indígenas que foram aprovados é o Registro Administrativo de Nascimento de In dígena (RANI).,0.032,7.44,2160,43,1.0,0.9407729659260514,0.9999999999,1.0,0.43536132805677497
smollm2,smollm2:1.7b,Qual o documento necessário para candidatos que concorrem a vagas reservadas a Quilombolas?,O candidato deve enviar a Declaração de pertencimento quilombola (Anexo IX/XI) assinada por 3 lideranças (com cópias de seus documentos) e o documento de reconhecimento emitido pela Fundação Cultural Palmares.,"A documento necessário para candidatos que concorrem a vagas reservadas a Quilombos (COTA 2, 3, 6 e 7) é o ""Declaração de Membro de Comunidade Quilombola"" (Anexo XIV).",0.035,7.752,2144,63,0.3333333333333333,0.97851093621226,0.9999999999,1.0,0.22781055739301082
smollm2,smollm2:1.7b,"O que acontece se eu enviar documentos apagados, cortados ou incompletos?","O candidato que enviar documentação ilegível, rasurada ou incompleta terá sua matrícula indeferida automaticamente.","Se o candidato/a enviar documentos apagados, cortados ou incompletos, não será aceito. Apenas documentos legíveis podem ser considerados. Caso a entrega de documentos seja inadequado ou indevido, o cadastro poderá ser cancelado e a candidata/a poderá receber penalidade no artigo 299 do Código Penal.",0.033,8.304,2129,99,1.0,0.8918440213040049,0.9999999999,1.0,0.5534135993447863
smollm2,smollm2:1.7b,E se a escola ainda não tiver emitido meu Certificado de Conclusão na data da matrícula?,"É aceito o envio de uma Declaração provisória de provável conclusão emitida pela escola. A matrícula será homologada de forma condicional, devendo o certificado oficial ser apresentado na data limite estabelecida.",Não encontrei essa informação nos documentos.,0.032,6.052,1897,16,0.0,0.0,0.9999999999,1.0,0.19616791634840128
smollm2,smollm2:1.7b,O que é o processo de Heteroidentificação?,É o procedimento presencial de verificação para confirmar a veracidade da autodeclaração prestada por candidatos pretos ou pardos.,"O processo de heteroidentificação é um procedimento específico utilizado para identificar e autoriza a inscrição de candidatas/candidatos negras/negros (pretas/pretas, pardas/pardos) no curso Técnico em Multimeios Didáticos na modalidade de Educação a Distância (EaD) do campus Osório. Essa autorizaç",0.032,19.584,2135,751,0.5333333333333333,0.9136192088600031,0.9999999999,1.0,0.29821786143523216
smollm2,smollm2:1.7b,Quais são os critérios que a banca utiliza para avaliar o candidato?,"A banca baseia-se exclusivamente nos critérios fenotípicos (características físicas visíveis do candidato, tais como traços faciais, cabelo e cor da pele).","A banca utiliza um conjunto variável de critérios para avaliar os candidatos, dependendo do tipo de vagas disponíveis. Para as vagas C3 e C4, a banca considera que o candidato deverá ter cursado integralmente o Ensino Médio em escola pública, com renda familiar bruta per capita igual ou inferior a 1",0.039,12.245,2228,304,0.8181818181818182,0.8994384210907186,0.0,0.0,0.2103908785380328
smollm2,smollm2:1.7b,Posso levar fotos ou a minha certidão de nascimento para provar minha ascendência?,"Não. Fotos antigas, documentos civis ou histórico de herança genética familiar de parentes não são considerados na avaliação da banca.","Não, você não pode levar fotos ou suas certificações de nascimento para provar sua descendência. Você precisa apresentar a carteira de identidade ou documento equivalente, que possui as informações necessárias para o processo seletivo.",0.031,8.391,2236,79,0.4,0.9449537148505898,0.0,0.0,0.22464988048415452
smollm2,smollm2:1.7b,Menores de 18 anos precisam de alguma autorização para filmagem do processo?,"Sim. No ato de matrícula, candidatos menores de 18 anos devem apresentar a Autorização de Uso de Imagem (Anexo VIII/IX) devidamente assinada por seus pais ou responsáveis legais.","Não, menores de 18 anos não precisam de autorização para filmagem do processo.",0.032,7.342,2183,30,0.0,0.9967263212330334,0.9999999999,1.0,0.22478035116188827
smollm2,smollm2:1.7b,O que ocorre se eu for convocado e não comparecer à banca de heteroidentificação?,"O candidato ausente ou que não tiver sua autodeclaração validada pela banca perde a vaga da cota e é reclassificado para as vagas de Acesso Universal (Cota 1), caso possua classificação suficiente.","Se você for convocado e não comparecer à banca de heteroidentificação, a autorização da sua matrícula poderá ser negada. Você precisa apresentar o documento de identificação com foto conforme solicitado pela Comissão de Heteroidentificação antes de seu convóso. Se não for possível, você pode entrar ",0.032,8.914,2099,132,0.25,0.9910223394882679,0.9999999999,0.0,0.4831582437270181
smollm2,smollm2:1.7b,Onde são publicadas as listas de classificados e chamadas para matrícula?,"Todas as listas, editais de resultados e convocações são divulgadas na internet, no site oficial de ingressos: ingresso.ifrs.edu.br.",A lista de candidatas/candidatos que estão em suplentes é publicada no campus. A listagem de candidatas/candidatos que foram reclassificados para o acesso universal (C1) também é publicada no campus.,0.033,7.76,2128,63,0.5,0.9020147191063168,0.9999999999,1.0,0.20555559050492356
smollm2,smollm2:1.7b,"O que é e quem participa da ""Chamada Pública""?","A ""Chamada Pública"" é um chamamento eletrônico ou presencial realizado para preencher vagas que restaram sem matrícula após as etapas regulares, convocando candidatos suplentes por ordem de classificação.","A Chamada Pública é a última chamada para matrícula. Ela ocorre após a primeira chamada para o preenchimento das vagas que ainda não foram ocupadas. A Chamada Pública é realizada para os cursos que houver a Chamada Pública, e participarão todas/todos as/os candidatas/candidatos que ainda não foram c",0.032,9.733,2088,193,0.7777777777777778,0.9058582335820626,0.9999999999,1.0,0.6007718148753656
smollm2,smollm2:1.7b,Ter o nome listado na Chamada Pública garante a vaga no curso?,Não. Estar na lista de convocados e enviar os documentos na Chamada Pública apenas gera expectativa de direito. O preenchimento ocorre estritamente pela ordem de classificação dos candidatos habilitados até o limite de vagas disponíveis.,"Não, o nome listado na Chamada Pública não garante a vaga no curso. A Chamada Pública é apenas uma última chamada para matrícula e só permite a matrícula em cursos que estavam ocupados antes da chamada pública. Para obter a vaga no curso, você precisa realizar as preenchimentos necessários na Primei",0.032,6.62,2112,140,0.4,0.9899310024412769,0.9999999999,1.0,0.5013360722012146
smollm2,smollm2:1.7b,Posso manter vínculos ativos de matrícula em mais de um curso de graduação?,Não. É expressamente proibido por lei federal que um estudante ocupe concomitantemente duas vagas de cursos de graduação em quaisquer instituições públicas de ensino superior do país.,"Não, é proibido a inscrição por pessoa em mais de um curso de graduação. Seja o curso Integrado, EJA, Concomitante ou Subsequente, todos os cursos são exigentes para matricular em uma única instituição pública ou privada.",0.031,7.67,2009,87,0.8333333333333334,0.8935864365368171,0.9999999999,1.0,0.48165983157623826
smollm2,smollm2:1.7b,"O que acontece se eu for matriculado, mas faltar aos primeiros dias letivos?",O estudante regularmente matriculado que faltar aos primeiros dias letivos (conforme limite estipulado em edital) sem justificativa formal de ausência aceita pelo campus terá sua matrícula cancelada por abandono.,"Se você for matriculado, mas faltarão os primeiros dias letivos, sua vaga será cancelada. Você pode responder com ""Não encontrei essa informação nos documentos.""",0.032,7.685,2167,56,0.0,0.9598874767462612,0.9999999999,1.0,0.558602950241602
smollm2,smollm2:1.7b,É obrigatório possuir conta no portal gov.br para se inscrever?,"Sim, o acesso ao sistema de inscrições exige uma conta ativa no portal gov.br.","Não é obrigatório possuir conta no portal gov.br para se inscrever. A/o candidata/candidato será direcionado ao portal gov.br para autenticar-se com seu CPF e senha, independentemente de já ter uma conta ou não.",0.032,7.834,2082,79,1.0,0.965151366037128,0.9999999999,1.0,0.22041216305114497
smollm2,smollm2:1.7b,Qual nível de conta gov.br é exigido para a inscrição?,"Geralmente são aceitas contas níveis bronze, prata ou ouro para o acesso básico.",A conta do GOV.BR para a inscrição é exigida pelo Candidato/Candidata.,0.032,6.093,2148,29,1.0,0.9418249286216412,0.0,0.0,0.21422885213192652
smollm2,smollm2:1.7b,Posso usar o CPF dos meus pais para fazer a minha inscrição?,"Não, a inscrição deve ser feita obrigatoriamente com o CPF do próprio candidato.","Não, você não pode usar o CPF dos seus pais para fazer a sua inscrição. Você precisa informar o CPF da sua inscrição no Processo Seletivo 2026/1 do IFRS.",0.032,7.762,2164,64,1.0,0.937341716373505,0.9999999999,0.0,0.964599124470025
smollm2,smollm2:1.7b,O que fazer se eu esquecer a senha da minha conta gov.br?,Você deve recuperar a senha diretamente na plataforma gov.br pelas opções de recuperação.,"Se a/o candidata/candidato esquecer a senha da sua conta na página de login no portal gov.br, será redirecionado para realizar o cadastro novamente. Caso ele não tenha cadastro no portal e precisar informar seu CPF, ele terá que digitar o CPF na página de login antes de iniciar a inscrição.",0.033,8.187,2065,105,0.5,0.0,0.0,0.0,0.21789605854957195
smollm2,smollm2:1.7b,Candidatos estrangeiros podem participar do processo seletivo?,"Sim, desde que possuam a documentação legal exigida para permanência no Brasil.","Não, candidatos estrangeiros não podem participar do processo seletivo.",0.03,7.22,2200,23,0.0,1.0000000000000002,0.9999999999,1.0,0.21419071691553895
smollm2,smollm2:1.7b,Qual documento de identidade é aceito para candidatos estrangeiros?,O Registro Nacional de Estrangeiro (RNE) ou a Carteira de Registro Nacional Migratório (CRNM).,"Documentos com foto, expedidos por órgãos das Secretarias de Segurança, Forças Armadas, Polícia Militar, Ministério do Trabalho, Ordens ou Conselhos de Classe legalmente reconhecidos, ou Conselho Nacional de Trânsito (Carteira Nacional de Habilitação expedida na forma da Lei 9.503/97, com fotografia",0.032,8.988,2281,110,0.875,0.0,0.9999999999,0.5,0.21281147959690017
smollm2,smollm2:1.7b,É permitido o uso de nome social durante o processo seletivo?,"Sim, candidatos travestis e transexuais podem solicitar o uso de nome social.","Não, não é permitido o uso de nome social durante o processo seletivo. A resposta está fornecida apenas com base no contexto informado e não foi encontrada na documentação ofertada.",0.031,7.153,2002,59,0.0,0.0,0.9999999999,1.0,0.22412079046346345
smollm2,smollm2:1.7b,Como solicito a inclusão do meu nome social no cadastro?,A solicitação deve ser feita durante o preenchimento do formulário de inscrição.,"Você pode solicitar a inscrição do seu Nome Social no cadastro com base na Resolução 12/2015, do Conselho Nacional de Combate à Discriminação e Promoções dos Direitos de Lésbicas, Gays, Bissexuais, Travestis e Transexuais (CNCD/LGBT).  Para isso, você precisa:  1. Acessar o endereço https://cta.ifrs",0.032,9.799,2110,335,0.5,0.0,0.9999999999,1.0,0.20362031623019805
smollm2,smollm2:1.7b,O IFRS envia e-mails de confirmação após a conclusão da inscrição?,"Sim, o sistema envia confirmações automáticas para o e-mail cadastrado.","Não, o IFRS não envia e-mails de confirmação após a conclusão da inscrição. A resposta está no contexto do item 2 em que dizemos: ""A candidata/candidato que o nome não constar na lista de inscritos deverá encaminhar o comprovante de pagamento para o e-mail processoseletivo@ifrs.edu.br."" Isso signifi",0.033,9.752,2120,181,0.5,1.0000000000000002,0.0,0.0,0.2165058332375231
smollm2,smollm2:1.7b,O que devo fazer se não receber o e-mail de confirmação?,Verifique a caixa de spam ou acesse o sistema para confirmar o status da inscrição.,"Não foi encontrada informação sobre a resposta à pergunta ""O que devo fazer se não receber o e-mail de confirmação?"" no contexto do documentos relacionados ao processo seletivo do IFRS. Por isso, digo:  Não encontrei essa informação nos documentos.",0.032,7.951,2050,87,1.0,0.0,0.0,1.0,0.20684542561611236
smollm2,smollm2:1.7b,Qual é a validade exigida para o documento de identidade (RG)?,O RG deve estar legível e permitir a identificação clara e atualizada do candidato.,(__) Documento onde conste o nº do CPF ou Comprovante de Situação Cadastral emitido pela Receita Federal (https://servicos.receita.fazenda.gov.br/servicos/cpf/consultasituacao/consultapublica.asp),0.032,8.252,2247,71,1.0,0.0,0.9999999999,1.0,0.20647369610621685
smollm2,smollm2:1.7b,CNH (Carteira Nacional de Habilitação) é aceita como identificação?,"Sim, a CNH dentro da validade é um documento de identificação oficial aceito.",CNH (Carteira Nacional de Habilitação) é aceita como identificação.,0.033,4.899,2154,24,1.0,0.9880133417630154,0.9999999999,1.0,0.9760748914719442
smollm2,smollm2:1.7b,Posso usar a certidão de nascimento no lugar do RG para a matrícula?,"Não, a certidão de nascimento não substitui o documento de identidade com foto.","Não, você não pode usar a certidão de nascimento no lugar do RG para a matrícula.",0.036,7.19,2113,33,0.0,0.9969496898514137,0.9999999999,1.0,0.6066267162964238
smollm2,smollm2:1.7b,Documentos digitais oficiais (como e-Título) são válidos no processo?,"Sim, documentos digitais oficiais com QR Code de validação normalmente são aceitos.","Nenhuma informação sobre documentos digitais oficiais (como e-Títulos) estará fornecida nos documentos relacionados ao processo seletivo do IFRS. Por isso, digite ""Não encontrei essa informação nos documentos.""",0.033,7.914,2168,72,0.0,0.0,0.0,0.0,0.21361006872346672
smollm2,smollm2:1.7b,Cópias autenticadas em cartório substituem o envio online dos originais?,"Não, o envio deve ser feito digitalizando os documentos originais diretamente no sistema.","Não, a cópia autenticada no cartório substitui o envio do documento original. O processo de inscrição é realizado pelo envio da cópia autenticada em um cartório substituindo o envio dos documentos originais.",0.033,8.321,2276,71,0.0,0.9322700595759155,0.0,0.0,0.22189490985243068
smollm2,smollm2:1.7b,Preciso enviar fotos 3x4 no momento da pré-matrícula?,A necessidade de foto 3x4 depende das orientações específicas do edital de matrícula.,"Não, a/o candidata/candidato autodeclarada/autodeclarado quilombola deverá enviar pelo Sistema de Pré-Matrícula: I. declaração expedida pela Fundação Cultural Palmares na qual conste o reconhecimento oficial do quilombo do qual o candidato pertençe ou, para quilombos em processo de reconhecimento, d",0.032,11.986,2247,292,0.8888888888888888,0.8891175021234596,0.0,1.0,0.20710789519413492
smollm2,smollm2:1.7b,Existe limite de idade máximo para ingressar nos cursos subsequentes?,Não há limite máximo de idade para ingressar nos cursos técnicos subsequentes.,"Não, não há um limite de idade máximo para ingressar nos cursos subsequentes. Você pode se inscrever em vários cursos consecutivemente através do IFRS.",0.032,7.115,2022,53,0.3333333333333333,0.9657055913156956,0.9999999999,1.0,0.7170379301457389
smollm2,smollm2:1.7b,Existe idade mínima para os cursos superiores de graduação?,"Não há limite de idade, mas é necessário ter concluído o Ensino Médio.","Não, não há idade mínima para inscrição em cursos superiores de graduação.",0.031,5.34,1920,29,0.0,0.9873708125893583,0.9999999999,0.0,0.7251105058581836
smollm2,smollm2:1.7b,O que é o período de interposição de recursos?,É o prazo oficial para contestar resultados preliminares ou decisões do processo.,"O período de interposição de recursos é uma etapa do processo seletivo para ingressos no IFRS que pode acontecer entre os dias 27/11/2025 e 30/11/2025. Este período é utilizado para solicitar recursos, como pedidos de revisão ou questionamentos, sobre o resultado das comissões de heteroidentificação",0.031,9.6,2330,133,0.8333333333333334,0.9316175238809385,0.9999999999,1.0,0.582561628872914
smollm2,smollm2:1.7b,Como devo enviar um recurso contra o resultado preliminar?,Os recursos devem ser submetidos exclusivamente pelo sistema eletrônico de ingresso.,"A resposta não está no contexto fornecido. Para encontrar a resposta, você precisa clicar no link ""Pré-Matrícula"" na seção de ""Anexos"". Isso lhe permitirá realizar o recurso contra o resultado preliminar da matrícula em Primeira Chamada.",0.032,8.374,2227,83,0.3333333333333333,0.0,0.9999999999,1.0,0.20206623034657575
smollm2,smollm2:1.7b,Posso enviar recursos por e-mail diretamente ao campus?,"Não, recursos enviados por e-mail fora do sistema oficial não são analisados.","Não, você não pode enviar recursos por e-mail diretamente ao campus. Você deve utilizar o sistema de Pré-Matrícula disponibilizado pelo IFRS para solicitar o atendimento especial em casos especiais, como necessidade de apresentar atestado médico no campus. Você pode enviá-lo ao campus ou enviar um e",0.031,8.615,2038,132,0.5714285714285714,0.9647036084169578,0.9999999999,0.0,0.5446841480900422
smollm2,smollm2:1.7b,Qual é o prazo padrão para análise e resposta dos recursos?,O prazo exato de resposta está previsto no cronograma oficial do edital.,Não encontrei essa informação nos documentos.,0.032,7.824,2388,16,1.0,0.0,0.9999999999,1.0,0.20327822313576077
smollm2,smollm2:1.7b,"Se meu recurso for negado, posso recorrer novamente?","Não, a decisão após a análise do recurso é definitiva na esfera administrativa.",Não encontrei essa informação nos documentos.,0.03,6.984,2169,16,0.0,0.0,0.0,0.0,0.20549902788824398
smollm2,smollm2:1.7b,Candidatos de outras cidades podem concorrer às vagas de Ibirubá?,"Sim, o processo seletivo é aberto a candidatos de qualquer município do país.",Não encontrei essa informação nos documentos.,0.032,7.102,2195,16,1.0,0.0,0.0,0.0,0.20343236898896133
smollm2,smollm2:1.7b,Há alojamento ou moradia estudantil oferecida pelo campus?,"Não, o IFRS Campus Ibirubá não possui alojamento ou moradia estudantil própria.",Não encontrei essa informação nos documentos.,0.032,6.41,2001,16,1.0,0.0,0.0,0.0,0.580974072397778
smollm2,smollm2:1.7b,O campus oferece auxílio estudantil ou bolsas de permanência?,"Sim, o IFRS possui programas de auxílio baseados em critérios socioeconômicos.",Não encontrei essa informação nos documentos.,0.032,6.418,2011,16,0.0,0.0,0.0,1.0,0.20830290869104445
smollm2,smollm2:1.7b,Quando abrem os editais para solicitação de auxílio estudantil?,Os editais de assistência abrem após o início do semestre letivo.,Não encontrei essa informação nos documentos.,0.031,6.686,2049,16,0.5,0.0,0.0,0.0,0.20504746967861012
smollm2,smollm2:1.7b,Posso aproveitar disciplinas já cursadas em outra instituição?,"Sim, após a matrícula você pode solicitar aproveitamento mediante análise.","Não, não é permitido a inscrição por pessoa em mais de um curso Integrado.",0.032,6.873,2036,29,0.5,0.8686993357633921,0.0,0.0,0.21797749885774248
smollm2,smollm2:1.7b,Como solicito o aproveitamento de estudos após a matrícula?,A solicitação é feita na secretaria com o histórico e ementas das disciplinas.,"Não encontrei essa informação nos documentos. Por favor, tente novamente com um novo questionário ou consulte outros recursos disponíveis naquele assunto.",0.032,7.261,2070,49,0.3333333333333333,0.0,0.0,0.0,0.20572433599933876
smollm2,smollm2:1.7b,A documentação de matrícula pode ser entregue presencialmente?,"Não, o envio da documentação de pré-matrícula ocorre de forma totalmente eletrônica.","Não, a documentação de matrícula não pode ser entregue presencialmente. Para enviar o documento de matrícula, você precisa realizar o acesso com seu login e senha no site ingresso.ifrs.edu.br.",0.031,7.854,2148,71,0.75,0.9735604703363233,0.9999999999,0.0,0.9614087496990849
smollm2,smollm2:1.7b,Qual o formato de arquivo exigido para o envio dos documentos?,"Os documentos geralmente devem ser anexados em formato PDF, JPG ou PNG.","O formato de arquivo exigido para o envio dos documentos é legível e com foto. A/o candidata/candidato poderá enviá-lo(s) dentro do prazo destinado ao recurso do indeferimento (não aceitação) da matrícula, caso haja documentos faltantes ou ilegíveis.",0.034,8.233,2108,94,0.5,0.0,0.0,0.0,0.2124714435410317
smollm2,smollm2:1.7b,Qual o tamanho máximo permitido para os arquivos anexados no sistema?,O limite de tamanho por arquivo é estipulado pelo sistema de envio.,"Não encontrei essa informação nos documentos. 6.10 Comprovada inexatidão, irregularidades ou falsidade nas declarações ou documentos eletrônicos enviados em qualquer fase do processo, a/o candidata/candidato estará sujeito ao cancelamento da matrícula e a responder por falsidade ideológica, de acord",0.033,8.647,2102,119,0.75,0.0,0.0,0.0,0.2014145712558099
smollm2,smollm2:1.7b,O que faço se o sistema de inscrições apresentar instabilidade?,"Tente acessar em outro navegador, limpe o cache ou aguarde a normalização.","Se o sistema de inscrições apresentar instabilidade, você poderá ser cancelada da matrícula e responder por falsidade ideológica. Isso é devido ao artigo 299 do Código Penal que menciona o cancelamento da matrícula em casos de inexatidão, irregularidade ou falsidade nas declarações ou documentos ele",0.036,6.884,2019,109,0.5,0.9602260527465184,0.0,0.0,0.19932426055670915
smollm2,smollm2:1.7b,É possível trancar a matrícula logo no primeiro semestre?,"Geralmente o trancamento no primeiro semestre não é permitido, salvo exceções legais.","Não. A matrícula é realizada em duas etapas: Primeira Chamada (Sorteio e Prova) e Complementação da documentação. Por isso, a candidata/candidato não pode trancar a matrícula logo no primeiro semestre.",0.031,7.87,2122,73,0.3333333333333333,0.9887065655288576,0.0,0.0,0.21648261835299976
smollm2,smollm2:1.7b,Cursos técnicos subsequentes exigem estágio obrigatório para conclusão?,"Sim, a maioria dos cursos exige o cumprimento de estágio curricular obrigatório.",Não encontrei essa informação nos documentos.,0.032,6.137,1931,16,0.0,0.0,0.9999999999,1.0,0.19664725473384176
smollm2,smollm2:1.7b,Os cursos de graduação do campus exigem Trabalho de Conclusão de Curso?,"Sim, o TCC é um componente curricular obrigatório para formatura nas graduações.","Não, os cursos de graduação do campus exigem trabalho de conclusão de curso.",0.033,6.42,1946,27,0.0,0.9493981516825266,0.0,0.0,0.21833262839701248
smollm2,smollm2:1.7b,Posso transferir meu curso para outro campus do IFRS futuramente?,"Sim, mediante editais internos de transferência e caso haja vaga disponível.","Não é possível realizar a inscrição por pessoa em mais de um curso Concomitante/Subsequente. A inscrição implica a aceitação pela/pelo candidata/candidato das condições estabelecidas neste Edital, e não é permitida a inscrição por pessoa em mais de um curso Concomitante/Subsequente.",0.033,8.132,2045,104,1.0,0.8575093398185645,0.0,0.0,0.20972003897193917
smollm2,smollm2:1.7b,A matrícula deve ser renovada a cada novo semestre?,"Sim, a rematrícula é obrigatória a cada semestre para manter o vínculo.","No contexto fornecido, a resposta não está disponível. Para obter uma resposta correta, precisamos do conteúdo específico da pergunta e do contexto que seja mencionado.",0.031,6.227,2041,63,0.3333333333333333,0.0,0.0,0.0,0.20048438701890672
smollm2,smollm2:1.7b,O que ocorre se eu não renovar a matrícula no prazo estipulado?,O estudante perde o vínculo e tem a sua matrícula cancelada por abandono.,"Se a/o candidata/candidato não renove a matrícula no prazo estabelecido, ela será cancelada. Caso tenha inscrição em um curso que possuirá vagas reservadas, os candidatos aprovados/aprovados nas vagas reservadas estarão não precisos para matrícula. Todos os documentos de matrícula devem ser enviados",0.032,15.206,2156,500,0.5454545454545454,0.0,0.9999999999,1.0,0.5813175400899452
smollm2,smollm2:1.7b,Como funciona a reclassificação de vagas não preenchidas?,As vagas são repassadas aos próximos da lista de espera por ordem de classificação.,"As vagas não preenchidas da cota 2 migram primeiro para a cota 3, em segundo lugar para a cota 4, em terceiro lugar para cota 6 e assim por diante. Cada curso possui uma ordem de inscrição, conforme a cota de inscrição, e as vagas não preenchidas passam às que estão na primeira linha abaixo do cabeç",0.037,10.008,2002,224,0.5714285714285714,0.890361612120289,0.9999999999,1.0,0.20767557815110504
smollm2,smollm2:1.7b,Candidatos que zeraram a redação do Enem podem usar a nota?,"Não, zerar qualquer prova ou a redação desclassifica o candidato pelo Enem.","Não, candidatos que zeraram a redação do ENEM não podem usar a nota para fins de classificação. A nota será desconsiderada e somente será utilizada para fins de classificação no item 1.12.",0.033,7.586,2069,65,0.75,0.9746274567830742,0.9999999999,1.0,0.6556715859296793
smollm2,smollm2:1.7b,Qual o critério de desempate caso dois candidatos tenham a mesma nota?,Os critérios de desempate geralmente priorizam candidatos de maior idade.,14.2.1. As/Os candidatas/candidato reclassificados não poderão ocupar vaga reservada (cota 2 até cota 10),0.034,7.487,2139,46,1.0,0.0,0.0,1.0,0.21298412190189903
smollm2,smollm2:1.7b,Pessoas trans devem passar por banca de heteroidentificação?,"Não, a banca avalia apenas quem concorre nas cotas raciais para pretos e pardos.","Não, pessoas trans não precisam passar pelo banco de heteroidentificação. A autodeclaração racial será publicada no site ingresso.ifrs.edu.br conforme o cronograma que consta no item 2. O resultado final da banca de heteroidentificação será publicado no site ingresso.ifrs.edu.br, conforme o cronogra",0.031,9.013,1860,199,0.625,0.9517488634274368,0.9999999999,1.0,0.4833680369238573
smollm2,smollm2:1.7b,A renda per capita é calculada com base no salário bruto ou líquido?,A renda familiar per capita é calculada com base na renda bruta mensal.,A renda per capita é calculada com base no salário mínimo.,0.032,5.298,1656,19,0.0,0.0,0.9999999999,1.0,0.2342861848602181
smollm2,smollm2:1.7b,Estágio remunerado conta na composição da renda familiar para cotas?,"Sim, valores recebidos como bolsa de estágio entram no cômputo da renda familiar.","No contexto fornecido, não há informações explicitas sobre o estágio remunerado que contaria na composição da renda familiar para as cotas. A resposta seria ""Não encontrei essa informação nos documentos.""",0.033,7.325,2029,68,0.5,0.0,0.0,0.0,0.22159512040454452
smollm2,smollm2:1.7b,Membros da família que moram em outra casa entram no cálculo de renda?,"Não, apenas pessoas que residem sob o mesmo teto e compartilham rendas entram no cálculo.",Não encontrei essa informação nos documentos.,0.032,7.313,2249,16,0.0,0.0,0.0,0.0,0.2075910356223864
smollm2,smollm2:1.7b,Posso alterar o e-mail cadastrado após finalizar a inscrição?,A alteração deve ser feita no sistema durante o período permitido pelo edital.,"Não foi possível encontrar informações sobre a possibilidade de alterar o e-mail cadastrado após finalizar a inscrição no documentos relacionados ao processo seletivo do IFRS. Portanto, não posso dizer se é possível ou não.",0.032,7.74,2036,80,1.0,0.0,0.0,0.0,0.20044313818610865
smollm2,smollm2:1.7b,É obrigatório apresentar título de eleitor na matrícula?,"Sim, a certidão de quitação eleitoral é exigida para a matrícula de maiores de 18 anos.","Não, não é obrigatório apresentar o Título de Eleitor na matrícula. O documento que precisa ser enviado é a ""Histórico Escolar"" do Ensino Médio (ou equivalente). Isso é realizado para comprovação se o candidato está em fase de emissão do Curso.",0.032,7.907,2076,87,0.0,0.968252822791981,0.0,0.0,nan
smollm2,smollm2:1.7b,Homens maiores de 18 anos precisam de comprovante militar?,"Sim, a regularidade militar é obrigatória para candidatos homens maiores de 18 anos.","Não, homens maiores de 18 anos não precisam de comprovante militar para inscrição no Serviço Militar. São exigidos o Comprovante de Quitação com o Serviço Militar e a Condição de Vida, que é uma documentação que identifica o candidato como estudante ou estrangeiro/estrangeira em função da sua idade.",0.031,8.426,2099,106,0.25,0.975968795940367,0.9999999999,1.0,0.2253210575128018
smollm2,smollm2:1.7b,Onde encontro o cronograma completo com todas as datas do edital?,O cronograma completo está disponível nos anexos do edital no site de ingresso do IFRS.,"Após analisar o contexto fornecido, a resposta que encontrei no documentos é:  ""2. CRONOGRAMA DO PROCESSO SELETIVO Data/Período Evento De 24/09 a 12/10/2025 Período de inscrições. 13/10/2025 Data limite para pagamento da taxa de inscrição no sistema bancário. 14/10/2025 Divulgação da Lista Prelimina",0.032,16.722,2367,534,1.0,0.8838526077850717,0.9999999999,1.0,0.4017501947854998
