branch,modelo,pergunta,resposta_esperada,resposta_gerada,tempo_retrieval_s,tempo_llm_s,tokens_entrada,tokens_saida,faithfulness,answer_relevancy,context_precision,context_recall,answer_correctness
qwen3,qwen3:0.6b,Quais são os cursos técnicos integrados ao Ensino Médio ofertados no Campus Ibirubá?,"Os cursos técnicos integrados ao Ensino Médio ofertados no campus são o Técnico em Agropecuária, Técnico em Informática e Técnico em Mecânica.","Os cursos técnicos integrados ao Ensino Médio ofertados no Campus Ibirubá são:   - **Técnico em Mecânica Noite** (4 semestres, valor R$ 30,00)   - **Técnico em Eletrotécnica Noite** (4 semestres, valor R$ 30,00)    Os detalhes estão mencionados na tabela fornecida.",6.107,8.739,1779,521,0.7142857142857143,1.0000000000000002,0.0,0.0,0.3781447755390527
qwen3,qwen3:0.6b,Quais são os turnos de funcionamento dos cursos técnicos integrados?,"O funcionamento dos cursos técnicos integrados ocorre nos turnos da manhã e da tarde (turno integral), com duração prevista de 3 anos.",Os turnos de funcionamento dos cursos técnicos integrados são **Manhã e Tarde**.,0.067,6.677,1639,480,1.0,0.9698394433434033,0.9999999999,0.0,0.6094323576130602
qwen3,qwen3:0.6b,Quais são os cursos técnicos subsequentes ao Ensino Médio disponíveis no Campus Ibirubá?,"Na modalidade subsequente, estão disponíveis os cursos de Técnico em Eletrotécnica e Técnico em Mecânica.","Os cursos técnicos subsequentes ao Ensino Médio disponíveis no Campus Ibirubá são:   - **Técnico em Mecânica** (Manhã e Tarde, 3 semestres, 30 horas)   - **Técnico em Eletrotécnica** (Manhã e Tarde, 3 semestres, 30 horas)   - **Técnico em Agropecuária** (Manhã e Tarde, 3 semestres, 32 horas)    Os o",0.035,7.697,1777,550,0.42857142857142855,0.9962352836281919,0.9999999999,1.0,0.4457807018546005
qwen3,qwen3:0.6b,Em qual turno ocorrem as aulas dos cursos subsequentes?,"As aulas dos cursos técnicos subsequentes acontecem no turno da noite, com duração de 4 semestres.",Resposta: Manhã.,0.032,4.9,1631,286,0.0,0.0,0.9999999999,0.0,0.1989721308388357
qwen3,qwen3:0.6b,Quais são os cursos superiores de graduação ofertados no Campus Ibirubá?,"O campus oferece os seguintes cursos superiores de graduação: Bacharelado em Agronomia, Bacharelado em Engenharia Mecânica, Bacharelado em Ciência da Computação e Licenciatura em Matemática.",Os cursos superiores ofertados no Campus Ibirubá são:   - Bacharelado em Engenharia Ambiental   - Bacharelado em Engenharia Química   - Licenciatura em Letras – Português/Inglês   - Tecnologia em Análise e Desenvolvimento de Sistemas   - Tecnologia em Processos Gerenciais   - Bacharelado em Ciência ,0.033,6.34,1791,401,0.8333333333333334,0.9924700182864824,0.9999999999,1.0,0.37843921032998273
qwen3,qwen3:0.6b,Qual é a duração e os turnos dos cursos de Agronomia e Engenharia Mecânica no campus?,"O curso de Agronomia ocorre nos turnos da manhã e da tarde com duração de 10 semestres. O curso de Engenharia Mecânica é ofertado no turno da noite, também com duração de 10 semestres.","A duração dos cursos de Agronomia e Engenharia Mecânica no campus é de 7 semestres, com turnos em horário da tarde.",0.033,7.945,1721,582,0.25,0.976199431019886,0.0,0.5,0.2314741719126427
qwen3,qwen3:0.6b,Qual é a duração e os turnos de Ciência da Computação e Licenciatura em Matemática?,"O curso de Ciência da Computação ocorre à noite com duração de 9 semestres, enquanto a Licenciatura em Matemática também acontece no turno da noite com duração de 8 semestres.",Não encontrei essa informação nos documentos.,0.033,8.92,1719,677,0.5,0.0,0.0,0.5,0.1976044592026734
qwen3,qwen3:0.6b,Os cursos ofertados pelo IFRS Campus Ibirubá são pagos?,"Não. Todos os cursos oferecidos no IFRS são 100% gratuitos, não havendo cobrança de mensalidades ou taxas de matrícula.",Não encontrei essa informação nos documentos.,0.033,5.332,1655,318,1.0,0.0,0.9999999999,0.0,0.19389813443364445
qwen3,qwen3:0.6b,Qual o valor da taxa de inscrição para os cursos técnicos integrados?,"A taxa de inscrição para os cursos técnicos na modalidade integrada é de R$ 60,00.","R$ 30,00 (trinta reais).",0.032,4.676,1582,265,0.5,0.8397972245407057,0.9999999999,0.0,0.20636817237680974
qwen3,qwen3:0.6b,Quanto custa a inscrição para os cursos técnicos subsequentes?,"O custo é de R$ 20,00.","Responda: R$ 100,00.",0.035,4.965,1595,296,0.0,0.0,0.0,0.0,0.21474187792196836
qwen3,qwen3:0.6b,Qual é o custo da inscrição para concorrer a uma vaga em curso de graduação?,"Se o candidato optar por concorrer via Exame de Seleção (prova), a taxa é de R$ 80,00. Caso a opção seja via nota do ENEM, a taxa é de R$ 20,00.","A resposta é: R$ 100,00.",0.035,3.871,1547,179,1.0,0.8254121027015018,0.0,0.0,0.21367263913858656
qwen3,qwen3:0.6b,Como deve ser efetuado o pagamento da taxa de inscrição?,"O pagamento deve ser realizado por meio de boleto bancário gerado ao final da inscrição, pagável na rede bancária ou via internet banking.","A taxa de inscrição deve ser realizada até o dia 13 de outubro de 2025. Se for necessário, o pagamento deve ser realizado no último dia, informando o horário limite imposto pelo banco para o processo no mesmo dia. O sistema oferece uma opção de pagamento bancário, e a confirmação da inscrição só oco",0.032,5.917,1570,401,1.0,0.9198156921910112,0.9999999999,1.0,0.21601226572711896
qwen3,qwen3:0.6b,Até quando posso pagar a taxa de inscrição?,O boleto deve ser pago impreterivelmente até o prazo limite definido no cronograma oficial do edital correspondente.,Responda: Até o dia 13 de outubro de 2025.,0.03,6.17,1609,449,1.0,0.0,0.9999999999,1.0,0.21015280798892425
qwen3,qwen3:0.6b,Posso modificar os dados da minha inscrição (como a opção de curso ou campus) após concluí-la?,"Sim, no entanto, após a finalização da inscrição, qualquer alteração exige que o candidato realize uma nova inscrição dentro do prazo regulamentar para que os novos dados sejam computados.",Não encontrei essa informação nos documentos.,0.032,3.831,1536,185,0.0,0.0,0.9999999999,1.0,0.2042637652842807
qwen3,qwen3:0.6b,É possível me inscrever em mais de um curso no mesmo edital do IFRS?,Não. É permitido realizar apenas uma única inscrição por candidato em cada edital.,Não encontrei essa informação nos documentos.,0.033,4.31,1600,221,0.0,0.0,0.9999999999,1.0,0.19889481705557124
qwen3,qwen3:0.6b,Há devolução do valor pago na taxa de inscrição se eu desistir de participar?,"Não. O valor pago na taxa de inscrição não é reembolsável sob nenhuma circunstância, exceto se houver cancelamento do certame por parte do IFRS.",Não encontrei essa informação nos documentos.,0.033,4.031,1602,190,0.0,0.0,0.9999999999,1.0,0.20203240366286468
qwen3,qwen3:0.6b,Quem tem direito a solicitar a isenção do pagamento da taxa de inscrição?,"Têm direito à isenção os candidatos com renda familiar bruta mensal de até 1 salário mínimo per capita (R$ 1.412,00) que estejam regularmente registrados no CadÚnico como baixa renda.","A pessoa que tem direito a solicitar a isenção do pagamento da taxa de inscrição é aqueles que são cadastrados no CadÚnico como candidatos da família de baixa renda, com renda mensal até R$1.518,00.",0.032,4.739,1550,274,1.0,0.9999999999999999,0.9999999999,0.0,0.7415122925447287
qwen3,qwen3:0.6b,O cadastro do CadÚnico precisa ter alguma atualização recente?,Sim. O cadastro do candidato no CadÚnico deve estar obrigatoriamente atualizado nos últimos 2 anos.,"Sim, o cadastro do CadÚnico precisa ser atualizado nos últimos 2 anos para ser aceito.",0.033,4.839,1735,241,1.0,0.9392795973299921,0.9999999999,1.0,0.9891079615343521
qwen3,qwen3:0.6b,Onde realizo a solicitação de isenção de taxa?,"A solicitação deve ser realizada exclusivamente via internet, na página de ingressos do IFRS (ingresso.ifrs.edu.br).","Onde realizo a solicitação de isenção de taxa é:   1. **No site CadÚnico (https://cadunico.dataprev.gov.br)**, após logar com o gov.br e seguir as instruções.   2. **No site ingresso.ifrs.edu.br**.    Resposta: No site CadÚnico (https://cadunico.dataprev.gov.br) e no site ingresso.ifrs.edu.br.",0.031,4.579,1507,271,0.6666666666666666,0.9736457226979236,0.9999999999,1.0,0.5143637624044919
qwen3,qwen3:0.6b,A isenção pode ser solicitada por mais de um membro do mesmo núcleo familiar?,"Sim. A isenção é um benefício de caráter estritamente individual, e cada integrante da mesma família que deseja concorrer deve fazer a sua própria solicitação.","Sim, a isenção pode ser solicitada por mais de um membro do mesmo núcleo familiar, conforme mencionado no contexto. Cada membro da família pode solicitar a isenção individualmente, garantindo que o CPF seja o mesmo utilizado para a inscrição no Processo Seletivo.",0.032,4.541,1513,268,1.0,0.9568352307795122,0.9999999999,1.0,0.6637559223777424
qwen3,qwen3:0.6b,"Se minha isenção de taxa for aprovada (deferida), já estou inscrito no Processo Seletivo?","Não. O candidato que teve a isenção aceita deve, obrigatoriamente, entrar no sistema e realizar a inscrição no curso desejado para gerar o comprovante de isento.","Não encontrei essa informação nos documentos. A isenção de taxa é deferida apenas se a solicitação for aceita, mas não há relação direta entre a aplicação e a deferência.",0.032,5.144,1554,314,0.6666666666666666,0.0,0.9999999999,1.0,0.5961818181479033
qwen3,qwen3:0.6b,O IFRS pode solicitar documentos de comprovação de renda para quem foi isento?,"Sim. O IFRS pode conferir e auditar as informações prestadas, e o candidato que prestar declarações falsas está sujeito a responder legalmente e ser eliminado do processo.",Não encontrei essa informação nos documentos.,0.032,4.756,1517,291,1.0,0.0,0.9999999999,1.0,0.19584245625632093
qwen3,qwen3:0.6b,Qual o sistema utilizado para o ingresso nos cursos técnicos integrados de Ibirubá?,O sistema de ingresso para os cursos técnicos integrados em Ibirubá é realizado por meio de Exame de Seleção (prova objetiva presencial).,"O sistema utilizado para o ingresso nos cursos técnicos integrados de Ibirubá é o processo seletivo, que envolve inscrições, provas e reservas conforme detalhado no contexto fornecido.",0.032,4.873,1806,230,0.8,0.9820434324857373,0.9999999999,1.0,0.5724581760218694
qwen3,qwen3:0.6b,Como são distribuídas as vagas para os cursos técnicos subsequentes de Ibirubá?,As vagas da modalidade subsequente são preenchidas por meio de Sorteio Público ou classificação pela nota do ENEM.,Não encontrei essa informação nos documentos.,0.031,5.618,1831,300,0.0,0.0,0.9999999999,1.0,0.20385303073870198
qwen3,qwen3:0.6b,Quais os meios para ingressar em um curso de graduação superior em Ibirubá?,Os ingressos para os cursos superiores de graduação em Ibirubá ocorrem via Exame de Seleção (prova com redação) ou utilizando a nota do ENEM.,A resposta é: o portal gov.br.,0.033,4.501,1730,203,0.0,0.8014473348365193,0.9999999999,1.0,0.20405840803642125
qwen3,qwen3:0.6b,"Se eu escolher o ENEM para a graduação, posso usar notas de ""treineiro""?","Não. As notas do ENEM obtidas na condição de ""treineiro"" não são validadas para a classificação de vagas.",Não encontrei essa informação nos documentos.,0.031,4.458,1591,235,1.0,0.0,0.9999999999,1.0,0.2014276403926601
qwen3,qwen3:0.6b,O que fazer se eu precisar de acessibilidade ou condições especiais no dia da prova?,O candidato deve indicar sua necessidade no Formulário de Solicitação de Condição Especial (Anexo II/IV/V) disponível no sistema no momento da inscrição.,"Se precisar de acessibilidade ou condições especiais no dia da prova, você pode assinalar as condições listadas no contexto:   **Deficiência Física**   **Surdez**   **Deficiência Auditiva (baixa audição)**   **Cegueira**   **Baixa Visão**   **Visão Monocular**   **Surdocegueira**   **Deficiência Int",0.032,9.634,1570,777,1.0,0.0,0.9999999999,1.0,0.587836216928916
qwen3,qwen3:0.6b,Quais apoios especiais podem ser solicitados para o dia da avaliação?,"Podem ser solicitados auxílios como tempo adicional de prova, apoio de ledores ou transcritores, salas de fácil acesso e atendimento específico para lactantes.",Não encontrei essa informação nos documentos.,0.032,6.674,1620,458,0.0,0.0,0.9999999999,1.0,0.19923318449095298
qwen3,qwen3:0.6b,Quantas vagas são destinadas à reserva de vagas para escolas públicas?,Pelo menos 50% das vagas totais de cada curso são reservadas exclusivamente para estudantes egressos de escolas públicas.,Não encontrei essa informação nos documentos.,0.033,4.296,1718,185,0.0,0.0,0.0,0.0,0.2034506147316154
qwen3,qwen3:0.6b,O que define se posso concorrer como egresso de escola pública?,É elegível o candidato que comprovar ter cursado integralmente todo o Ensino Fundamental (para cursos técnicos) ou todo o Ensino Médio (para cursos superiores) em instituições públicas de ensino.,"O que define se posso concorrer como egresso de escola pública é a educação integral e o renda familiar bruta per capita igual ou inferior a 1,5 salário mínimo - 0 vagas, além de ser autodeclarado negra/negra ou indígena, com renda familiar bruta per capita igual ou inferior a 1,5 salário mínimo - 0",0.033,5.863,1512,406,0.5,0.905977884582109,0.9999999999,1.0,0.2162619484601071
qwen3,qwen3:0.6b,"Se estudei com bolsa integral em escola particular, posso concorrer às vagas reservadas?","Não. Quem estudou em escola particular, mesmo que sob a condição de bolsista integral, não possui o direito de concorrer às cotas destinadas a escolas públicas.","Sim, se estudei com bolsa integral em escola particular, posso concorrer às vagas reservadas, conforme o contexto mencionado. O texto afirma que candidatos que estudaram em escolas particulares, mesmo que com bolsas, podem concorrer às vagas reservadas, independentemente das suas origens.",0.031,5.221,1644,302,0.0,1.0000000000000002,0.9999999999,1.0,0.2278035935903349
qwen3,qwen3:0.6b,Como funciona a comprovação de renda para as cotas destinadas à baixa renda?,"A comprovação de renda é baseada nos dados do candidato cadastrados no CadÚnico, exigindo-se a apresentação do Extrato de Consulta Completa.",A comprovação de renda para as cotas destinadas à baixa renda envolve fornecer documentos como a declaração de renda (RANI ou declaração de liderança indígena) e a avaliação socioeconômica. O processo de documentação segue a ordem fornecida nos documentos: C2 (para pessoas com deficiência) é a prime,0.032,7.518,1672,534,0.42857142857142855,0.9471330587792511,0.0,0.0,0.2087533627034218
qwen3,qwen3:0.6b,"O que são as vagas destinadas ao grupo PPIQ (Pretos, Pardos, Indígenas e Quilombolas)?","São as cotas voltadas para candidatos egressos de escola pública que se autodeclarem Pretos, Pardos, Indígenas ou Quilombolas.","As vagas destinadas ao grupo PPIQ (Pretos, Pardos, Indígenas e Quilombolas) são as cotações mencionadas em C3 e C4, que envolvem candidatos/candidatos com renda familiar igual ou inferior a 1 salário mínimo, autodeclarados/autodeclarados negros/negros, indígenas ou quilombolas, com cursamento integr",0.032,7.782,1718,546,0.42857142857142855,0.9260672830201157,0.9999999999,1.0,0.7275892261326412
qwen3,qwen3:0.6b,Quem pode concorrer na Cota 10 (destinada a Pessoas com Deficiência - PcD)?,"A Cota 10 (C10) é reservada exclusivamente para Pessoas com Deficiência (PcD), independentemente de renda ou de terem estudado em escola pública.",Responda: Acesso Universal e Reserva de Vagas.,0.033,6.502,1781,399,1.0,0.0,0.0,0.0,0.20843725248875639
qwen3,qwen3:0.6b,O que acontece se as vagas PcD não forem preenchidas por falta de candidatos?,"As vagas reservadas a PcD que não forem preenchidas por falta de candidatos são remanejadas para outras cotas ou destinadas ao Acesso Universal (Cota 1), dependendo da ordem descrita no edital.",Não encontrei essa informação nos documentos.,0.033,4.051,1694,165,0.0,0.0,0.9999999999,0.0,0.19965254578362418
qwen3,qwen3:0.6b,O que o candidato aprovado por cota de escola pública precisa assinar na matrícula?,O candidato aprovado por cota de escola pública deve assinar eletronicamente a Declaração de Não Ter Estudado em Escolas Particulares.,"O candidato aprovado por cota de escola pública precisa assinar a documentação exigida para a matrícula, que inclui:   - A documentação comprovação da educação pública (certificado ou histórico escolar) e   - A documentação comprovação da renda familiar (com base nos requisitos estabelecidos no Edit",0.032,6.759,1631,468,0.8,0.9647767403229947,0.0,0.0,0.22460378974622217
qwen3,qwen3:0.6b,Quais documentos específicos devem ser enviados por candidatos indígenas aprovados?,É necessário anexar a Autodeclaração de membro de Comunidade Indígena (Anexo VII/IX) junto ao RANI ou à Declaração de Membro assinada por liderança da comunidade indígena (Anexo VIII/X).,"Responda: Anexo VII, Registro Administrativo de Nascimento de Indígena (RANI), e Declaração de Membro de Comunidade Indígena pela Liderança.",0.032,5.607,1723,324,1.0,0.0,0.9999999999,1.0,0.796097996682882
qwen3,qwen3:0.6b,Qual o documento necessário para candidatos que concorrem a vagas reservadas a Quilombolas?,O candidato deve enviar a Declaração de pertencimento quilombola (Anexo IX/XI) assinada por 3 lideranças (com cópias de seus documentos) e o documento de reconhecimento emitido pela Fundação Cultural Palmares.,O documento necessário para candidatos que concorrem a vagas reservadas a Quilombolas é:   - **Anexo X** (Declaração de Pertencimento à Comunidade Quilombola)   - **Anexo XIV** (Declaração de Pertencimento à Comunidade Quilombola)   - **Extrato de Consulta Completa** (emitido no site [cadunico.datap,0.032,6.146,1689,386,0.5,0.99430234357179,0.9999999999,1.0,0.22653133231206368
qwen3,qwen3:0.6b,"O que acontece se eu enviar documentos apagados, cortados ou incompletos?","O candidato que enviar documentação ilegível, rasurada ou incompleta terá sua matrícula indeferida automaticamente.",Não encontrei essa informação nos documentos.,0.038,3.691,1630,140,0.0,0.0,0.9999999999,1.0,0.21161452975863013
qwen3,qwen3:0.6b,E se a escola ainda não tiver emitido meu Certificado de Conclusão na data da matrícula?,"É aceito o envio de uma Declaração provisória de provável conclusão emitida pela escola. A matrícula será homologada de forma condicional, devendo o certificado oficial ser apresentado na data limite estabelecida.",Não encontrei essa informação nos documentos.,0.032,4.226,1502,230,0.0,0.0,0.9999999999,1.0,0.19616791634840128
qwen3,qwen3:0.6b,O que é o processo de Heteroidentificação?,É o procedimento presencial de verificação para confirmar a veracidade da autodeclaração prestada por candidatos pretos ou pardos.,"O processo de Heteroidentificação envolve comparecer ao local descrito na convocação, apresentar o documento de identificação com foto, e verificar a autodeclaração online conforme o cronograma fornecido. Para o curso Técnico em Multimeios Didáticos na modalidade EaD do campus Osório, a verificação ",0.031,6.347,1687,409,1.0,0.9091391897820292,0.9999999999,1.0,0.36355639803817535
qwen3,qwen3:0.6b,Quais são os critérios que a banca utiliza para avaliar o candidato?,"A banca baseia-se exclusivamente nos critérios fenotípicos (características físicas visíveis do candidato, tais como traços faciais, cabelo e cor da pele).","C3: Candidata/Candidato que tenha cursado integralmente o Ensino Médio em escola pública, autodeclarada/autodeclarado negra/negro (preta/preto, parda/pardo) ou indígena (PPI), com renda familiar bruta per capita igual ou inferior a 1,5 salário mínimo - 1 vagas;   C4: Pessoa com Deficiência (PcD) que",0.033,12.897,1772,1024,0.9090909090909091,0.0,0.0,0.0,0.20782210306227455
qwen3,qwen3:0.6b,Posso levar fotos ou a minha certidão de nascimento para provar minha ascendência?,"Não. Fotos antigas, documentos civis ou histórico de herança genética familiar de parentes não são considerados na avaliação da banca.","Sim, você pode apresentar a sua certidão de nascimento para provar sua ascendência, conforme exigido pelo processo seletivo.",0.033,5.132,1751,263,0.0,0.9192561813052822,0.0,0.0,0.21771693174515988
qwen3,qwen3:0.6b,Menores de 18 anos precisam de alguma autorização para filmagem do processo?,"Sim. No ato de matrícula, candidatos menores de 18 anos devem apresentar a Autorização de Uso de Imagem (Anexo VIII/IX) devidamente assinada por seus pais ou responsáveis legais.",Não encontrei essa informação nos documentos.,0.033,5.229,1734,277,0.0,0.0,0.9999999999,1.0,0.1945896868196755
qwen3,qwen3:0.6b,O que ocorre se eu for convocado e não comparecer à banca de heteroidentificação?,"O candidato ausente ou que não tiver sua autodeclaração validada pela banca perde a vaga da cota e é reclassificado para as vagas de Acesso Universal (Cota 1), caso possua classificação suficiente.","Se você for convocado e não comparecer à banca de heteroidentificação, não haverá resultado final. A candidata/candidato que não confirmar a autodeclaração racial pela Comissão de Heteroidentificação poderá entrar com recurso dentro do prazo indicado no cronograma.",0.032,4.674,1644,243,0.6666666666666666,0.978227141098134,0.9999999999,0.0,0.6665601340134643
qwen3,qwen3:0.6b,Onde são publicadas as listas de classificados e chamadas para matrícula?,"Todas as listas, editais de resultados e convocações são divulgadas na internet, no site oficial de ingressos: ingresso.ifrs.edu.br.",Onde são publicadas as listas de classificados e chamadas para matrícula é no site **ingresso.ifrs.edu.br**.,0.033,4.813,1621,263,1.0,0.9650907332923817,0.9999999999,1.0,0.4805858644374536
qwen3,qwen3:0.6b,"O que é e quem participa da ""Chamada Pública""?","A ""Chamada Pública"" é um chamamento eletrônico ou presencial realizado para preencher vagas que restaram sem matrícula após as etapas regulares, convocando candidatos suplentes por ordem de classificação.","A Chamada Pública é a última chamada para matrícula, participando todas as candidatas/candidatos que ainda não foram chamadas na primeira chamada (suplentes) e aquelas que foram reclassificados para o acesso universal (C1).",0.033,5.189,1600,311,1.0,0.9140697706862015,0.9999999999,1.0,0.5650493494790494
qwen3,qwen3:0.6b,Ter o nome listado na Chamada Pública garante a vaga no curso?,Não. Estar na lista de convocados e enviar os documentos na Chamada Pública apenas gera expectativa de direito. O preenchimento ocorre estritamente pela ordem de classificação dos candidatos habilitados até o limite de vagas disponíveis.,Não encontrei essa informação nos documentos.,0.032,3.841,1636,238,1.0,0.0,0.9999999999,1.0,0.1963047481198077
qwen3,qwen3:0.6b,Posso manter vínculos ativos de matrícula em mais de um curso de graduação?,Não. É expressamente proibido por lei federal que um estudante ocupe concomitantemente duas vagas de cursos de graduação em quaisquer instituições públicas de ensino superior do país.,Não encontrei essa informação nos documentos.,0.033,5.615,1580,358,0.0,0.0,0.9999999999,1.0,0.19545781422672592
qwen3,qwen3:0.6b,"O que acontece se eu for matriculado, mas faltar aos primeiros dias letivos?",O estudante regularmente matriculado que faltar aos primeiros dias letivos (conforme limite estipulado em edital) sem justificativa formal de ausência aceita pelo campus terá sua matrícula cancelada por abandono.,"Se você for matriculado mas faltar aos primeiros dias letivos do curso, o direito à vaga será cancelado, exceto para os ingressantes por transferência ou ingresso de diplomado. A inscrição será considerada invalida caso haja irregularidades ou falsidades nas declarações ou documentos eletrônicos env",0.032,4.669,1693,232,0.8333333333333334,0.9661887531894255,0.9999999999,1.0,0.5007424370620455
qwen3,qwen3:0.6b,É obrigatório possuir conta no portal gov.br para se inscrever?,"Sim, o acesso ao sistema de inscrições exige uma conta ativa no portal gov.br.","Sim, é obrigatório possuir conta no portal gov.br para se inscrever no processo seletivo do IFRS. Caso ainda não tenha cadastro no portal, ao digitar o CPF na página de login, a/o candidata/candidato será redirecionado para realizar o cadastro.",0.032,5.97,1611,252,1.0,0.9555338197067267,0.9999999999,1.0,0.9676406979593897
qwen3,qwen3:0.6b,Qual nível de conta gov.br é exigido para a inscrição?,"Geralmente são aceitas contas níveis bronze, prata ou ouro para o acesso básico.",Não encontrei essa informação nos documentos.,0.032,4.599,1703,260,1.0,0.0,0.0,0.0,0.2025141774619695
qwen3,qwen3:0.6b,Posso usar o CPF dos meus pais para fazer a minha inscrição?,"Não, a inscrição deve ser feita obrigatoriamente com o CPF do próprio candidato.",Não encontrei essa informação nos documentos.,0.032,4.598,1675,228,1.0,0.0,0.9999999999,1.0,0.20740344474170866
qwen3,qwen3:0.6b,O que fazer se eu esquecer a senha da minha conta gov.br?,Você deve recuperar a senha diretamente na plataforma gov.br pelas opções de recuperação.,Não encontrei essa informação nos documentos.,0.033,3.624,1575,144,1.0,0.0,0.0,0.0,0.20800010818655762
qwen3,qwen3:0.6b,Candidatos estrangeiros podem participar do processo seletivo?,"Sim, desde que possuam a documentação legal exigida para permanência no Brasil.",Não encontrei essa informação nos documentos.,0.031,4.651,1746,218,0.0,0.0,0.9999999999,1.0,0.2071021420716112
qwen3,qwen3:0.6b,Qual documento de identidade é aceito para candidatos estrangeiros?,O Registro Nacional de Estrangeiro (RNE) ou a Carteira de Registro Nacional Migratório (CRNM).,Resposta: Carteira de identidade ou documento equivalente; (__) Documento onde conste o nº do CPF ou Comprovante de Situação Cadastral emitido pela Receita Federal (https://servicos.receita.fazenda.gov.br/servicos/cpf/consultasituacao/consultapublica.asp) (__) Se candidata/candidato estrangeira/estr,0.033,6.338,1823,375,0.6666666666666666,0.0,0.9999999999,0.0,0.21959415221772943
qwen3,qwen3:0.6b,É permitido o uso de nome social durante o processo seletivo?,"Sim, candidatos travestis e transexuais podem solicitar o uso de nome social.","Sim, é permitido o uso de nome social durante o processo seletivo. Para menores de 18 anos, a autorização do responsável legal é necessária.",0.033,4.342,1537,233,1.0,0.971869752657043,0.9999999999,1.0,0.47573680954197933
qwen3,qwen3:0.6b,Como solicito a inclusão do meu nome social no cadastro?,A solicitação deve ser feita durante o preenchimento do formulário de inscrição.,"Se a resposta não estiver no contexto fornecido, diga ""Não encontrei essa informação nos documentos.""    **Resposta:**   Para solicitar a inclusão do seu nome social no cadastro, siga as instruções fornecidas nos documentos:   1. Acesse o site [https://cta.ifrs.edu.br/ps-formularios/formulario-nome-",0.033,7.62,1644,633,0.9,0.9604731127576285,0.9999999999,1.0,0.20858184264947327
qwen3,qwen3:0.6b,O IFRS envia e-mails de confirmação após a conclusão da inscrição?,"Sim, o sistema envia confirmações automáticas para o e-mail cadastrado.",Não encontrei essa informação nos documentos.,0.032,4.89,1647,265,1.0,0.0,0.0,0.0,0.1987650931772184
qwen3,qwen3:0.6b,O que devo fazer se não receber o e-mail de confirmação?,Verifique a caixa de spam ou acesse o sistema para confirmar o status da inscrição.,Não encontrei essa informação nos documentos.,0.032,4.689,1583,261,0.5,0.0,0.0,0.0,0.2011401200556522
qwen3,qwen3:0.6b,Qual é a validade exigida para o documento de identidade (RG)?,O RG deve estar legível e permitir a identificação clara e atualizada do candidato.,Não encontrei essa informação nos documentos.,0.033,5.279,1771,277,1.0,0.0,0.0,1.0,0.20559802300318666
qwen3,qwen3:0.6b,CNH (Carteira Nacional de Habilitação) é aceita como identificação?,"Sim, a CNH dentro da validade é um documento de identificação oficial aceito.","Sim, a Carteira Nacional de Habilitação (CNH) é aceita como identificação válida.",0.032,3.937,1684,234,1.0,0.9794160638427026,0.9999999999,1.0,0.9881742429130294
qwen3,qwen3:0.6b,Posso usar a certidão de nascimento no lugar do RG para a matrícula?,"Não, a certidão de nascimento não substitui o documento de identidade com foto.",Não encontrei essa informação nos documentos.,0.032,6.169,1659,399,0.0,0.0,0.9999999999,1.0,0.21271676173452392
qwen3,qwen3:0.6b,Documentos digitais oficiais (como e-Título) são válidos no processo?,"Sim, documentos digitais oficiais com QR Code de validação normalmente são aceitos.","Sim, documentos digitais oficiais (como e-Título) são válidos no processo, pois devem estar legíveis conforme especificado no Anexo VIII. A validade depende da conformidade com a norma eletrônica, garantindo que as informações sejam acessíveis e autênticas.",0.033,5.703,1653,350,0.2,0.9627609126988822,0.0,0.0,0.5279852367550137
qwen3,qwen3:0.6b,Cópias autenticadas em cartório substituem o envio online dos originais?,"Não, o envio deve ser feito digitalizando os documentos originais diretamente no sistema.","Sim, cópias autenticadas em cartório substituem o envio online dos originais.",0.033,4.392,1786,181,0.0,0.9859386305760098,0.0,0.0,0.22610896658083318
qwen3,qwen3:0.6b,Preciso enviar fotos 3x4 no momento da pré-matrícula?,A necessidade de foto 3x4 depende das orientações específicas do edital de matrícula.,Não encontrei essa informação nos documentos.,0.032,5.295,1716,292,1.0,0.0,0.9999999999,1.0,0.20211894418662496
qwen3,qwen3:0.6b,Existe limite de idade máximo para ingressar nos cursos subsequentes?,Não há limite máximo de idade para ingressar nos cursos técnicos subsequentes.,Não encontrei essa informação nos documentos.,0.033,4.572,1577,247,1.0,0.0,0.9999999999,0.0,0.21180808063600848
qwen3,qwen3:0.6b,Existe idade mínima para os cursos superiores de graduação?,"Não há limite de idade, mas é necessário ter concluído o Ensino Médio.",Não encontrei essa informação nos documentos.,0.031,3.153,1512,139,0.5,0.0,0.9999999999,0.0,0.2121879440972472
qwen3,qwen3:0.6b,O que é o período de interposição de recursos?,É o prazo oficial para contestar resultados preliminares ou decisões do processo.,"O período de interposição de recursos é entre 24 de novembro de 2025 e 27 de novembro de 2025, conforme mencionado nos documentos.",0.031,4.643,1840,197,0.5,0.9424015146845302,0.9999999999,1.0,0.2120550275823052
qwen3,qwen3:0.6b,Como devo enviar um recurso contra o resultado preliminar?,Os recursos devem ser submetidos exclusivamente pelo sistema eletrônico de ingresso.,Não encontrei essa informação nos documentos.,0.031,5.119,1766,261,0.0,0.0,0.9999999999,1.0,0.20587320607739512
qwen3,qwen3:0.6b,Posso enviar recursos por e-mail diretamente ao campus?,"Não, recursos enviados por e-mail fora do sistema oficial não são analisados.","Sim, posso enviar recursos por e-mail diretamente ao campus. A relação de e-mails dos campi para solicitação de atendimento on-line está publicada no site ingresso.ifrs.edu.br.",0.03,3.851,1564,169,1.0,0.9898619137386377,0.9999999999,1.0,0.21137033248387105
qwen3,qwen3:0.6b,Qual é o prazo padrão para análise e resposta dos recursos?,O prazo exato de resposta está previsto no cronograma oficial do edital.,Não encontrei essa informação nos documentos.,0.03,5.991,1921,321,1.0,0.0,0.9999999999,1.0,0.20327822313576077
qwen3,qwen3:0.6b,"Se meu recurso for negado, posso recorrer novamente?","Não, a decisão após a análise do recurso é definitiva na esfera administrativa.",Não encontrei essa informação nos documentos.,0.033,4.965,1662,273,0.0,0.0,0.0,0.0,0.20549902788824398
qwen3,qwen3:0.6b,Candidatos de outras cidades podem concorrer às vagas de Ibirubá?,"Sim, o processo seletivo é aberto a candidatos de qualquer município do país.",Não encontrei essa informação nos documentos.,0.032,5.282,1796,271,0.0,0.0,0.0,0.0,0.20343236898896133
qwen3,qwen3:0.6b,Há alojamento ou moradia estudantil oferecida pelo campus?,"Não, o IFRS Campus Ibirubá não possui alojamento ou moradia estudantil própria.",Não encontrei essa informação nos documentos.,0.031,4.115,1639,186,1.0,0.0,0.0,0.0,0.20597407239777799
qwen3,qwen3:0.6b,O campus oferece auxílio estudantil ou bolsas de permanência?,"Sim, o IFRS possui programas de auxílio baseados em critérios socioeconômicos.",Não encontrei essa informação nos documentos.,0.033,5.738,1612,233,1.0,0.0,0.0,0.0,0.20830290869104445
qwen3,qwen3:0.6b,Quando abrem os editais para solicitação de auxílio estudantil?,Os editais de assistência abrem após o início do semestre letivo.,Não encontrei essa informação nos documentos.,0.033,4.416,1626,222,1.0,0.0,0.0,0.0,0.20504746967861012
qwen3,qwen3:0.6b,Posso aproveitar disciplinas já cursadas em outra instituição?,"Sim, após a matrícula você pode solicitar aproveitamento mediante análise.",Não encontrei essa informação nos documentos.,0.031,3.973,1557,185,1.0,0.0,0.0,0.0,0.20150053343872484
qwen3,qwen3:0.6b,Como solicito o aproveitamento de estudos após a matrícula?,A solicitação é feita na secretaria com o histórico e ementas das disciplinas.,Não encontrei essa informação nos documentos.,0.031,4.505,1570,245,1.0,0.0,0.0,0.0,0.20119049314115056
qwen3,qwen3:0.6b,A documentação de matrícula pode ser entregue presencialmente?,"Não, o envio da documentação de pré-matrícula ocorre de forma totalmente eletrônica.",Não encontrei essa informação nos documentos.,0.032,4.119,1641,188,0.0,0.0,0.0,0.0,0.20989798976653024
qwen3,qwen3:0.6b,Qual o formato de arquivo exigido para o envio dos documentos?,"Os documentos geralmente devem ser anexados em formato PDF, JPG ou PNG.",Não encontrei essa informação nos documentos.,0.032,4.54,1594,244,1.0,0.0,0.0,0.0,0.2104391948380765
qwen3,qwen3:0.6b,Qual o tamanho máximo permitido para os arquivos anexados no sistema?,O limite de tamanho por arquivo é estipulado pelo sistema de envio.,Não encontrei essa informação nos documentos.,0.032,3.773,1596,160,1.0,0.0,0.0,0.0,0.20197819805822126
qwen3,qwen3:0.6b,O que faço se o sistema de inscrições apresentar instabilidade?,"Tente acessar em outro navegador, limpe o cache ou aguarde a normalização.",Não encontrei essa informação nos documentos.,0.035,3.539,1540,183,0.0,0.0,0.0,0.0,0.20531666023425335
qwen3,qwen3:0.6b,É possível trancar a matrícula logo no primeiro semestre?,"Geralmente o trancamento no primeiro semestre não é permitido, salvo exceções legais.",Não encontrei essa informação nos documentos.,0.031,4.921,1640,274,1.0,0.0,0.0,0.0,0.2049242306633387
qwen3,qwen3:0.6b,Cursos técnicos subsequentes exigem estágio obrigatório para conclusão?,"Sim, a maioria dos cursos exige o cumprimento de estágio curricular obrigatório.",Não encontrei essa informação nos documentos.,0.032,5.415,1650,324,0.0,0.0,0.9999999999,1.0,0.19664725473384176
qwen3,qwen3:0.6b,Os cursos de graduação do campus exigem Trabalho de Conclusão de Curso?,"Sim, o TCC é um componente curricular obrigatório para formatura nas graduações.",Não encontrei essa informação nos documentos.,0.032,6.408,1617,292,1.0,0.0,0.0,0.0,0.20162166526125458
qwen3,qwen3:0.6b,Posso transferir meu curso para outro campus do IFRS futuramente?,"Sim, mediante editais internos de transferência e caso haja vaga disponível.",Não encontrei essa informação nos documentos.,0.033,4.166,1573,207,0.5,0.0,0.0,0.0,0.20340863566340384
qwen3,qwen3:0.6b,A matrícula deve ser renovada a cada novo semestre?,"Sim, a rematrícula é obrigatória a cada semestre para manter o vínculo.",Não encontrei essa informação nos documentos.,0.033,4.178,1633,197,1.0,0.0,0.9999999999,0.0,0.20187492686782726
qwen3,qwen3:0.6b,O que ocorre se eu não renovar a matrícula no prazo estipulado?,O estudante perde o vínculo e tem a sua matrícula cancelada por abandono.,"Se você não renovar a matrícula no prazo estipulado, não haverá reembolso do valor pago na inscrição cancelada e não será permitido cancelar a inscrição e realizar uma nova após o período de inscrição.",0.034,4.632,1679,235,0.25,0.9997317046998588,0.9999999999,1.0,0.21662580142910054
qwen3,qwen3:0.6b,Como funciona a reclassificação de vagas não preenchidas?,As vagas são repassadas aos próximos da lista de espera por ordem de classificação.,"A reclassificação de vagas não preenchidas ocorre seguindo a sequência descrita no Anexo XI: 2 → 3 → 4 → 6 → 8 → 7 → 9 → 10. Se uma vaga não for preenchida, ela migra para a próxima cota conforme a ordem. Caso a vaga seja reservada e não for preenchida, ela é reclassificada para a condição universal",0.032,6.906,1613,357,0.5,0.9301969575635493,0.9999999999,1.0,0.20643364154926108
qwen3,qwen3:0.6b,Candidatos que zeraram a redação do Enem podem usar a nota?,"Não, zerar qualquer prova ou a redação desclassifica o candidato pelo Enem.",Não encontrei essa informação nos documentos.,0.032,5.294,1607,211,0.0,0.0,0.9999999999,1.0,0.2084047997521979
qwen3,qwen3:0.6b,Qual o critério de desempate caso dois candidatos tenham a mesma nota?,Os critérios de desempate geralmente priorizam candidatos de maior idade.,Não encontrei essa informação nos documentos.,0.033,10.995,1673,882,0.0,0.0,0.9999999999,1.0,0.2031883623429906
qwen3,qwen3:0.6b,Pessoas trans devem passar por banca de heteroidentificação?,"Não, a banca avalia apenas quem concorre nas cotas raciais para pretos e pardos.",Não encontrei essa informação nos documentos.,0.031,4.1,1446,221,0.0,0.0,0.9999999999,1.0,0.9514542483982185
qwen3,qwen3:0.6b,A renda per capita é calculada com base no salário bruto ou líquido?,A renda familiar per capita é calculada com base na renda bruta mensal.,Não encontrei essa informação nos documentos.,0.031,4.798,1407,314,0.0,0.0,0.9999999999,1.0,0.2025736305588004
qwen3,qwen3:0.6b,Estágio remunerado conta na composição da renda familiar para cotas?,"Sim, valores recebidos como bolsa de estágio entram no cômputo da renda familiar.",Não encontrei essa informação nos documentos.,0.032,6.017,1614,255,1.0,0.0,0.0,0.0,0.2028345000183288
qwen3,qwen3:0.6b,Membros da família que moram em outra casa entram no cálculo de renda?,"Não, apenas pessoas que residem sob o mesmo teto e compartilham rendas entram no cálculo.",Não encontrei essa informação nos documentos.,0.033,4.643,1782,210,1.0,0.0,0.0,0.0,0.2075910356223864
qwen3,qwen3:0.6b,Posso alterar o e-mail cadastrado após finalizar a inscrição?,A alteração deve ser feita no sistema durante o período permitido pelo edital.,Não encontrei essa informação nos documentos.,0.032,3.705,1528,167,1.0,0.0,0.0,0.0,0.20361770112989747
qwen3,qwen3:0.6b,É obrigatório apresentar título de eleitor na matrícula?,"Sim, a certidão de quitação eleitoral é exigida para a matrícula de maiores de 18 anos.",Não encontrei essa informação nos documentos.,0.031,5.608,1605,255,1.0,0.0,0.0,0.0,0.2021741434113048
qwen3,qwen3:0.6b,Homens maiores de 18 anos precisam de comprovante militar?,"Sim, a regularidade militar é obrigatória para candidatos homens maiores de 18 anos.","Sim, homens maiores de 18 anos precisam apresentar o Comprovante de quitação com o Serviço Militar conforme o contexto.",0.032,4.047,1663,174,1.0,0.9417319796187633,0.9999999999,1.0,0.7311632111847062
qwen3,qwen3:0.6b,Onde encontro o cronograma completo com todas as datas do edital?,O cronograma completo está disponível nos anexos do edital no site de ingresso do IFRS.,O cronograma completo do processo seletivo está disponível no site **ingresso.ifrs.edu.br**. As datas mencionadas incluem:   - 24/09 a 12/10/2025 (inscrições e limiar de pagamento)   - 13/10/2025 (divulgação da lista preliminar)   - 14/10/2025 (recursos e complementação)   - 22/10/2025 (divulgação d,0.033,7.681,1875,494,0.625,0.8865709476060589,0.9999999999,0.0,0.7174830555974083
phi3,phi3:mini,Quais são os cursos técnicos integrados ao Ensino Médio ofertados no Campus Ibirubá?,"Os cursos técnicos integrados ao Ensino Médio ofertados no campus são o Técnico em Agropecuária, Técnico em Informática e Técnico em Mecânica.",Técnico em Agropecuária e Técnico em Mecânica.,6.062,24.559,1954,20,0.0,0.0,0.9999999999,0.0,0.8251233155877405
phi3,phi3:mini,Quais são os turnos de funcionamento dos cursos técnicos integrados?,"O funcionamento dos cursos técnicos integrados ocorre nos turnos da manhã e da tarde (turno integral), com duração prevista de 3 anos.","Os cursos técnicos integrados, conforme o contexto fornecido, oferecem diferentes horários para seus turnos. Os Técnicos em Fabricação Mecânica e Plásticos disponibilizam aulas às quatro horas da tarde (Tarde), enquanto os cursos de Administração e Informática para Internet também têm sessões na Tar",0.071,18.051,1794,196,0.8181818181818182,0.0,0.9999999999,1.0,0.3257600656121622
phi3,phi3:mini,Quais são os cursos técnicos subsequentes ao Ensino Médio disponíveis no Campus Ibirubá?,"Na modalidade subsequente, estão disponíveis os cursos de Técnico em Eletrotécnica e Técnico em Mecânica.",Técnico em Mecânica e Técnico em Eletrotécnica.,0.041,13.229,1954,20,0.0,0.0,0.9999999999,1.0,0.9814965433314389
phi3,phi3:mini,Em qual turno ocorrem as aulas dos cursos subsequentes?,"As aulas dos cursos técnicos subsequentes acontecem no turno da noite, com duração de 4 semestres.",Manhã e Noite.,0.032,11.359,1743,8,0.0,0.0,0.0,0.0,0.50522645422247
phi3,phi3:mini,Quais são os cursos superiores de graduação ofertados no Campus Ibirubá?,"O campus oferece os seguintes cursos superiores de graduação: Bacharelado em Agronomia, Bacharelado em Engenharia Mecânica, Bacharelado em Ciência da Computação e Licenciatura em Matemática.",Bacharelado em Engenharia Ambiental e Bacharelado em Engenharia Química.,0.032,13.398,1945,26,1.0,0.8938606698540617,0.9999999999,1.0,0.21855146673985654
phi3,phi3:mini,Qual é a duração e os turnos dos cursos de Agronomia e Engenharia Mecânica no campus?,"O curso de Agronomia ocorre nos turnos da manhã e da tarde com duração de 10 semestres. O curso de Engenharia Mecânica é ofertado no turno da noite, também com duração de 10 semestres.",Agronomia - Duração em Semestres: 10 semestras; Turno(s): Manhã e Tarde   Engenharia Mecânica - Não há informações sobre a duração e os turnos no contexto fornecido.,0.033,14.423,1897,62,1.0,0.0,0.0,0.5,0.4050197146932235
phi3,phi3:mini,Qual é a duração e os turnos de Ciência da Computação e Licenciatura em Matemática?,"O curso de Ciência da Computação ocorre à noite com duração de 9 semestres, enquanto a Licenciatura em Matemática também acontece no turno da noite com duração de 8 semestres.","Técnico em Informática - turno Manhã e Tarde, 3 semestres; Licenciatura em Matemática - turno noite, 8 semestres.",0.037,13.418,1847,39,0.75,0.8816202936098293,0.0,0.5,0.5664066466405249
phi3,phi3:mini,Os cursos ofertados pelo IFRS Campus Ibirubá são pagos?,"Não. Todos os cursos oferecidos no IFRS são 100% gratuitos, não havendo cobrança de mensalidades ou taxas de matrícula.","Não encontrei essa informação nos documentos. A questão da taxa de inscrição não foi explicitamente abordada no contexto fornecido, portanto não pode ser determinada se os cursos estão gratuitos ou têm custo associado apenas a partir do texto disponível.",0.033,14.682,1893,70,0.6666666666666666,0.0,0.9999999999,0.0,0.22082715156466892
phi3,phi3:mini,Qual o valor da taxa de inscrição para os cursos técnicos integrados?,"A taxa de inscrição para os cursos técnicos na modalidade integrada é de R$ 60,00.","R$ 30,00 (trinta reais)",0.044,12.374,1823,15,0.0,0.8397972245407057,0.0,0.0,0.20505416178686264
phi3,phi3:mini,Quanto custa a inscrição para os cursos técnicos subsequentes?,"O custo é de R$ 20,00.","R$ 100,00 (cem reais)",0.03,12.597,1854,15,0.5,0.8330548442061096,0.0,0.0,0.22167404588530398
phi3,phi3:mini,Qual é o custo da inscrição para concorrer a uma vaga em curso de graduação?,"Se o candidato optar por concorrer via Exame de Seleção (prova), a taxa é de R$ 80,00. Caso a opção seja via nota do ENEM, a taxa é de R$ 20,00.","R$ 100,00",0.033,11.986,1800,10,1.0,0.8084389351434322,0.0,0.0,0.20909569504905862
phi3,phi3:mini,Como deve ser efetuado o pagamento da taxa de inscrição?,"O pagamento deve ser realizado por meio de boleto bancário gerado ao final da inscrição, pagável na rede bancária ou via internet banking.","Para realizar o pagamento da taxa de inscrição, os candidatos devem seguir as etapas a seguir. Se optaram por um curso técnico (Integrado ou Subsequente) e escolheram Prova como modo de ingresso:  1. Gere um boleto para pagamento da taxa no valor de R$ 70,00 (setenta reais). Este procedimento deve s",0.032,25.99,1850,399,0.6363636363636364,0.8857508571070459,0.9999999999,1.0,0.5896588778442795
phi3,phi3:mini,Até quando posso pagar a taxa de inscrição?,O boleto deve ser pago impreterivelmente até o prazo limite definido no cronograma oficial do edital correspondente.,Até o dia 22 de setembro de 2025.,0.038,10.811,1870,18,0.0,0.0,0.9999999999,1.0,0.20613740285768797
phi3,phi3:mini,Posso modificar os dados da minha inscrição (como a opção de curso ou campus) após concluí-la?,"Sim, no entanto, após a finalização da inscrição, qualquer alteração exige que o candidato realize uma nova inscrição dentro do prazo regulamentar para que os novos dados sejam computados.","Não, não é possível alterar o curso ou cota selecionado depois que você tiver concluído sua inscrição. Se precisar fazer alterações, deve cancelar a inscrição e realizar uma nova dentro do prazo para inscrição conforme mencionado no documento (6.7). Além disso, se alterar de curso ou cota após o per",0.033,16.331,1802,134,0.75,0.9324782649500953,0.9999999999,1.0,0.589066208809614
phi3,phi3:mini,É possível me inscrever em mais de um curso no mesmo edital do IFRS?,Não. É permitido realizar apenas uma única inscrição por candidato em cada edital.,"Não encontrei essa informação nos documentos. De acordo com o contexto fornecido, não é permitida a inscrição por pessoa em mais de um curso Concomitante/Subsequente (5.10) e Graduação (5.11). Além disso, para cursos Integrados à Modalidade de Educação de Jovens e Adultos EJA, a inscrição é individu",0.036,15.9,1845,115,0.75,0.8909493172933307,0.9999999999,1.0,0.6758913979394437
phi3,phi3:mini,Há devolução do valor pago na taxa de inscrição se eu desistir de participar?,"Não. O valor pago na taxa de inscrição não é reembolsável sob nenhuma circunstância, exceto se houver cancelamento do certame por parte do IFRS.","Não, não haverá devolução do pagamento da taxa de inscrição se o processo for cancelado ou para as/os candidatos inscritos em cursos que são posteriormente cancelados. (6.9 e 6.10)",0.036,14.477,1899,60,0.0,0.9328092206826806,0.9999999999,1.0,0.6020685552963816
phi3,phi3:mini,Quem tem direito a solicitar a isenção do pagamento da taxa de inscrição?,"Têm direito à isenção os candidatos com renda familiar bruta mensal de até 1 salário mínimo per capita (R$ 1.412,00) que estejam regularmente registrados no CadÚnico como baixa renda.",Pessoas cadastradas no CadÚnico como parte da família de baixa renda.,0.04,12.515,1806,22,1.0,0.8466799635137033,0.9999999999,0.0,0.5259189526959442
phi3,phi3:mini,O cadastro do CadÚnico precisa ter alguma atualização recente?,Sim. O cadastro do candidato no CadÚnico deve estar obrigatoriamente atualizado nos últimos 2 anos.,"Somente se houver atualizações no CadÚnico realizadas posteriores à emissão do documento anexado pela/pelo candidato. Se o cadastro estiver atualizado nos últimos dois anos, será aceito para fins de comprovação da renda familiar bruta per capita mensal.",0.033,15.918,2014,74,0.5,0.0,0.9999999999,1.0,0.663983745860982
phi3,phi3:mini,Onde realizo a solicitação de isenção de taxa?,"A solicitação deve ser realizada exclusivamente via internet, na página de ingressos do IFRS (ingresso.ifrs.edu.br).","O candidato deve acessar o endereço ingresso.ifrs.edu.br e clicar em “Isenção”. Para fazer login, será necessário utilizar as credenciais do gov.br (login e senha). Se ainda não estiver cadastro no site do gov.br, ao digitar o CPF na página de login, você será redirecionado para realizar o cadastro.",0.036,14.575,1740,101,1.0,0.893105186452244,0.9999999999,1.0,0.8558817421312286
phi3,phi3:mini,A isenção pode ser solicitada por mais de um membro do mesmo núcleo familiar?,"Sim. A isenção é um benefício de caráter estritamente individual, e cada integrante da mesma família que deseja concorrer deve fazer a sua própria solicitação.","Não, cada pessoa que inscrever no processo seletivo deve solicitar o não pagamento da taxa de inscrição independentemente uns dos outros. Se houver vários membros em uma mesma família inscrevendo-se juntos, eles devem fazer essas solicitações separadamente para cada indivíduo.",0.037,13.805,1746,79,1.0,0.9165731098362181,0.9999999999,1.0,0.7283365808778532
phi3,phi3:mini,"Se minha isenção de taxa for aprovada (deferida), já estou inscrito no Processo Seletivo?","Não. O candidato que teve a isenção aceita deve, obrigatoriamente, entrar no sistema e realizar a inscrição no curso desejado para gerar o comprovante de isento.","Não, mesmo que sua solicitação de isenção da taxa seja aceita, você ainda precisará realizar a inscrição manualmente em edital.",0.033,12.983,1813,39,1.0,0.9120108764047227,0.9999999999,1.0,0.7825388274276953
phi3,phi3:mini,O IFRS pode solicitar documentos de comprovação de renda para quem foi isento?,"Sim. O IFRS pode conferir e auditar as informações prestadas, e o candidato que prestar declarações falsas está sujeito a responder legalmente e ser eliminado do processo.",Não encontrei essa informação nos documentos fornecidos.,0.033,11.992,1765,18,1.0,0.0,0.9999999999,1.0,0.19676897193655374
phi3,phi3:mini,Qual o sistema utilizado para o ingresso nos cursos técnicos integrados de Ibirubá?,O sistema de ingresso para os cursos técnicos integrados em Ibirubá é realizado por meio de Exame de Seleção (prova objetiva presencial).,Sorteio.,0.032,13.082,1972,5,0.0,0.8371621407904369,0.9999999999,1.0,0.20138923524780525
phi3,phi3:mini,Como são distribuídas as vagas para os cursos técnicos subsequentes de Ibirubá?,As vagas da modalidade subsequente são preenchidas por meio de Sorteio Público ou classificação pela nota do ENEM.,"Os candidatos se inscrevem normalmente nas cotas que apresentam nº de vagas igual a zero, pois essas podem migrar devido às mudanças. Além disso, as reservas para pessoa com deficiência (PcD) e indígenas também são consideradas independentemente do cursamento integral do ensino médio em escola públi",0.032,16.028,1998,88,0.8,0.8655519965549289,0.9999999999,1.0,0.20566474722035158
phi3,phi3:mini,Quais os meios para ingressar em um curso de graduação superior em Ibirubá?,Os ingressos para os cursos superiores de graduação em Ibirubá ocorrem via Exame de Seleção (prova com redação) ou utilizando a nota do ENEM.,"Para ingressar em cursos de Graduação em Ibirubá, é necessário possuir o Ensino Médio completo ou concluí-lo até a data da matrícula. As inscrições devem ser realizadas via internet no endereço ingresso.ifrs.edu.br utilizando as credenciais de login e senha do portal gov.br, durante o período das 14",0.043,17.055,1923,130,1.0,0.9380173757450735,0.9999999999,1.0,0.22015888023854074
phi3,phi3:mini,"Se eu escolher o ENEM para a graduação, posso usar notas de ""treineiro""?","Não. As notas do ENEM obtidas na condição de ""treineiro"" não são validadas para a classificação de vagas.","Não encontrei essa informação nos documentos. A resposta está no contexto fornecido que menciona explicitamente que as notas do Enem realizado como “treineiros” não serão consideradas para a inscrição ao IFRS, mas não especifica se isso afeta o uso de tais notas em si mesmas.",0.04,14.714,1818,80,0.3333333333333333,0.0,0.9999999999,1.0,0.4787622327748786
phi3,phi3:mini,O que fazer se eu precisar de acessibilidade ou condições especiais no dia da prova?,O candidato deve indicar sua necessidade no Formulário de Solicitação de Condição Especial (Anexo II/IV/V) disponível no sistema no momento da inscrição.,"Assine as alternativas correspondentes para suas necessidades educacionais específicas e, em caso de requerer um ambiente com poucas pessoas durante a prova, assinale essa opção. Se precisar do auxílio lector ou transcritor, também assine aquela alternativa. Para solicitar uma folha impressa em brai",0.037,16.491,1906,119,1.0,0.0,0.9999999999,1.0,0.20477388043511582
phi3,phi3:mini,Quais apoios especiais podem ser solicitados para o dia da avaliação?,"Podem ser solicitados auxílios como tempo adicional de prova, apoio de ledores ou transcritores, salas de fácil acesso e atendimento específico para lactantes.",Auxílio Ledor e Auxílio Transcritor.,0.037,13.602,1969,16,1.0,0.875424302642837,0.9999999999,1.0,0.6428795170578985
phi3,phi3:mini,Quantas vagas são destinadas à reserva de vagas para escolas públicas?,Pelo menos 50% das vagas totais de cada curso são reservadas exclusivamente para estudantes egressos de escolas públicas.,"As vagas reservadas para escolas públicas totalizam o número especificado nas cotas C9, C5, C7 e C3. No entanto, a quantidade exata não é fornecida no contexto dado. Para obter esse valor preciso, seria necessário consultar as informações detalhadas na referência externa ou documentos específicos qu",0.033,16.769,1928,122,0.8,0.0,0.9999999999,0.0,0.21464004816390272
phi3,phi3:mini,O que define se posso concorrer como egresso de escola pública?,É elegível o candidato que comprovar ter cursado integralmente todo o Ensino Fundamental (para cursos técnicos) ou todo o Ensino Médio (para cursos superiores) em instituições públicas de ensino.,Cursado integralmente o Ensino Médio em escola pública.,0.037,11.41,1680,17,0.5,0.8438818061384857,0.9999999999,1.0,0.22175990877132506
phi3,phi3:mini,"Se estudei com bolsa integral em escola particular, posso concorrer às vagas reservadas?","Não. Quem estudou em escola particular, mesmo que sob a condição de bolsista integral, não possui o direito de concorrer às cotas destinadas a escolas públicas.","Não encontrei essa informação nos documentos. A regra específica sobre candidatos que tenham cursado parte do Ensino Fundamental ou Médio em escolas particulares, mesmo com bolsa integral, não está explicitamente declarada no contexto fornecido.",0.032,14.089,1844,63,0.0,0.0,0.9999999999,1.0,0.22829781204534647
phi3,phi3:mini,Como funciona a comprovação de renda para as cotas destinadas à baixa renda?,"A comprovação de renda é baseada nos dados do candidato cadastrados no CadÚnico, exigindo-se a apresentação do Extrato de Consulta Completa.","Para as cotas destinadas à baixa renda, os candidatos devem apresentar documentos que atestem sua situação econômica. Isso inclui a documentação de renda e uma avaliação socioeconômica para comprovar que possuem renda familiar bruta per capita igual ou inferior ao salário mínimo.",0.036,15.959,1981,84,1.0,0.9262001680176217,0.0,0.0,0.20873680991362165
phi3,phi3:mini,"O que são as vagas destinadas ao grupo PPIQ (Pretos, Pardos, Indígenas e Quilombolas)?","São as cotas voltadas para candidatos egressos de escola pública que se autodeclarem Pretos, Pardos, Indígenas ou Quilombolas.","As vagas para o grupo PPIQ referem-se a candidatos autodeclarados como negros/pretos, pardos/pardos, indígenas ou quilombolas que tenham cursado integralmente o Ensino Fundamental (Cursos Técnicos) ou Ensino Médio (Cursos de Graduação), independentemente da escolha do curso técnico ou acadêmico. Ess",0.041,18.376,1985,151,0.6666666666666666,0.9164990072567208,0.9999999999,1.0,0.5903811760524748
phi3,phi3:mini,Quem pode concorrer na Cota 10 (destinada a Pessoas com Deficiência - PcD)?,"A Cota 10 (C10) é reservada exclusivamente para Pessoas com Deficiência (PcD), independentemente de renda ou de terem estudado em escola pública.","Pessoa com Deficiência que tenha cursado integralmente o Ensino Médio em escola pública, independente de renda.",0.037,14.674,2042,32,0.6666666666666666,0.880601844353038,0.9999999999,0.0,0.5951999263173253
phi3,phi3:mini,O que acontece se as vagas PcD não forem preenchidas por falta de candidatos?,"As vagas reservadas a PcD que não forem preenchidas por falta de candidatos são remanejadas para outras cotas ou destinadas ao Acesso Universal (Cota 1), dependendo da ordem descrita no edital.","Se as vagas para pessoas com Deficiência (PcD) no processo seletivo do IFRS não forem preenchidas devido à ausência de candidatos, o que poderia acontecer é uma redução nas oportunidades disponísicasse. Isso pode levar a um impacto negativo na diversidade e inclusão dentro da instituição ou organiza",0.037,21.109,1860,257,0.0,0.0,0.0,0.0,0.48332832053576213
phi3,phi3:mini,O que o candidato aprovado por cota de escola pública precisa assinar na matrícula?,O candidato aprovado por cota de escola pública deve assinar eletronicamente a Declaração de Não Ter Estudado em Escolas Particulares.,A Declaração Escolar conforme estabelecido no inciso V do documento fornecido.,0.037,13.679,1948,26,0.0,0.0,0.0,0.0,0.21692749713654408
phi3,phi3:mini,Quais documentos específicos devem ser enviados por candidatos indígenas aprovados?,É necessário anexar a Autodeclaração de membro de Comunidade Indígena (Anexo VII/IX) junto ao RANI ou à Declaração de Membro assinada por liderança da comunidade indígena (Anexo VIII/X).,"Answers incluídas no contexto são os seguints: Anexo VII (Autodeclaração de membro de Comunidade indígena), Registro Administrativo de Nascimento de Indígena (RANI) ou Declaração de Membro de Comunidade Indígena pela Liderança.",0.035,15.54,1977,72,0.8,0.0,0.9999999999,1.0,0.7327003603490457
phi3,phi3:mini,Qual o documento necessário para candidatos que concorrem a vagas reservadas a Quilombolas?,O candidato deve enviar a Declaração de pertencimento quilombola (Anexo IX/XI) assinada por 3 lideranças (com cópias de seus documentos) e o documento de reconhecimento emitido pela Fundação Cultural Palmares.,"A declaração expedida pela Fundação Cultural Palmares na qual conste o reconhecimento oficial do quilombo do qual o candidato pertence ou, para quilombos em processo de reconhecimento, documento que comprove a abertura de processo de reconhecimento nesta fundação.",0.042,15.65,1996,74,0.6666666666666666,0.9187178867291623,0.9999999999,1.0,0.41965414830913234
phi3,phi3:mini,"O que acontece se eu enviar documentos apagados, cortados ou incompletos?","O candidato que enviar documentação ilegível, rasurada ou incompleta terá sua matrícula indeferida automaticamente.","Se você enviar documentos apagados, cortados ou incompletos, eles não serão aceitos. Se forem solicitados a complementação dos documentos devido às irregularidades encontradas neles, é necessário que os envie dentro do prazo especificado para recurso pela matrícula não ter sido aceita. Caso ocorra i",0.04,17.083,1949,125,1.0,0.9050727826836442,0.9999999999,1.0,0.407820161587977
phi3,phi3:mini,E se a escola ainda não tiver emitido meu Certificado de Conclusão na data da matrícula?,"É aceito o envio de uma Declaração provisória de provável conclusão emitida pela escola. A matrícula será homologada de forma condicional, devendo o certificado oficial ser apresentado na data limite estabelecida.","Se a escola ainda não tiver emitido o Certificado de Conclusão até a data da matrícula, você pode apresentar um Declaração Escolar que declare provavelmente formando ou solicitar o Comprovante do Ensino Médio em fase de emissão. No entinete documento deve indicar em quais escolas estudou todas as sé",0.036,15.254,1738,118,0.5,0.0,0.9999999999,1.0,0.6333652203544461
phi3,phi3:mini,O que é o processo de Heteroidentificação?,É o procedimento presencial de verificação para confirmar a veracidade da autodeclaração prestada por candidatos pretos ou pardos.,"O processo de Heteroidentificação é uma etapa do seletivo para candidatos negros/pretos e indígenas, onde a autodeclaração racial será verificada por uma comissão especializada. Esse procedimento visa garantir que as vagas disponís no curso reservado àqueles pertencentes ao quilombo sejam preenchida",0.041,17.209,1963,121,0.3333333333333333,0.9416613300240261,0.9999999999,1.0,0.5190080905371699
phi3,phi3:mini,Quais são os critérios que a banca utiliza para avaliar o candidato?,"A banca baseia-se exclusivamente nos critérios fenotípicos (características físicas visíveis do candidato, tais como traços faciais, cabelo e cor da pele).","Critério C3: Curso Médio integral em escola pública, autodeclarada/autodeclarada negra/negro (preta/preto, parda/pardo) ou indígena (PPI), com renda familiar bruta per capita igual ou inferior a 1,5 salário mínimo. Criterio C4: Pessoa com Deficiência que tenha cursado integralmente o Ensino Médio em",0.037,23.099,1969,285,0.875,0.8743953106634049,0.0,0.0,0.20677831131527263
phi3,phi3:mini,Posso levar fotos ou a minha certidão de nascimento para provar minha ascendência?,"Não. Fotos antigas, documentos civis ou histórico de herança genética familiar de parentes não são considerados na avaliação da banca.",Não encontrei essa informação nos documentos.,0.037,14.597,2106,14,1.0,0.0,0.0,0.0,0.20352432657099756
phi3,phi3:mini,Menores de 18 anos precisam de alguma autorização para filmagem do processo?,"Sim. No ato de matrícula, candidatos menores de 18 anos devem apresentar a Autorização de Uso de Imagem (Anexo VIII/IX) devidamente assinada por seus pais ou responsáveis legais.","Não, menores de 18 anos não precisam dessa autorização específica; no entanto, se forem candidatos que completaram 18 anos em um determinado ano e estão inscritos para o serviço militar (alistamento), eles devem apresentar o Comprovante de quitação com o Serviço Militar até o prazo de inscrição no a",0.038,18.209,2061,129,0.6,0.9462619862605365,0.9999999999,1.0,0.22698836641894948
phi3,phi3:mini,O que ocorre se eu for convocado e não comparecer à banca de heteroidentificação?,"O candidato ausente ou que não tiver sua autodeclaração validada pela banca perde a vaga da cota e é reclassificado para as vagas de Acesso Universal (Cota 1), caso possua classificação suficiente.","Se você for convocado para a Comissão de Heteroidentificação, mas não puder comparecer ao horário marcado devido a impossibilidade pessoal ou desconhecimento da data e hora, o item 7.3 indica que nenhuma outra data será marcada para seu comparecimento. Portanto, é fundamental que você consulte as in",0.037,16.719,1926,116,0.5,0.9420607245431868,0.9999999999,0.0,0.2089445609099118
phi3,phi3:mini,Onde são publicadas as listas de classificados e chamadas para matrícula?,"Todas as listas, editais de resultados e convocações são divulgadas na internet, no site oficial de ingressos: ingresso.ifrs.edu.br.",O site ingresso.ifrs.edu.br,0.04,12.674,1865,13,1.0,0.8384262015576203,0.9999999999,1.0,0.4740886015135851
phi3,phi3:mini,"O que é e quem participa da ""Chamada Pública""?","A ""Chamada Pública"" é um chamamento eletrônico ou presencial realizado para preencher vagas que restaram sem matrícula após as etapas regulares, convocando candidatos suplentes por ordem de classificação.","A Chamada Pública é a última chamada para matrícula no IFRS. Ela ocorre após a primeira chamada para preencher as vagas não ocupadas. Participam todas/todos os candidatas/candidatos que ainda não foram chamados na Primeira Chamada, incluindo aquelas reclassificadas para Acesso Universal (C1), bem co",0.032,15.513,1831,104,0.8333333333333334,0.9040564019698445,0.9999999999,1.0,0.6309370331251508
phi3,phi3:mini,Ter o nome listado na Chamada Pública garante a vaga no curso?,Não. Estar na lista de convocados e enviar os documentos na Chamada Pública apenas gera expectativa de direito. O preenchimento ocorre estritamente pela ordem de classificação dos candidatos habilitados até o limite de vagas disponíveis.,"Não encontrei essa informação nos documentos. A publicação do nome da/do candidata/candidato na Chamada Pública não garante à/ao candidata/candidato à vaga no curso e a efetivação da matrícula, conforme o contexto fornecido.",0.036,10.132,1848,72,0.6,0.0,0.9999999999,0.6666666666666666,0.824320043935393
phi3,phi3:mini,Posso manter vínculos ativos de matrícula em mais de um curso de graduação?,Não. É expressamente proibido por lei federal que um estudante ocupe concomitantemente duas vagas de cursos de graduação em quaisquer instituições públicas de ensino superior do país.,Não é permitido a inscrição por pessoa em mais de um curso Graduação.,0.032,12.754,1816,23,1.0,0.8941026050591478,0.9999999999,1.0,0.6414717483987589
phi3,phi3:mini,"O que acontece se eu for matriculado, mas faltar aos primeiros dias letivos?",O estudante regularmente matriculado que faltar aos primeiros dias letivos (conforme limite estipulado em edital) sem justificativa formal de ausência aceita pelo campus terá sua matrícula cancelada por abandono.,"Se você não comparecer aos seis primeiros dias de efetivo trabalho acadêmico do primeiro período letivo do curso, sem justificativa válida para a ausência, sua matrícula será cancelada. Isso inclui situações em que o candidato é um transferente ou ingressante por diplomado.",0.032,15.348,1953,76,0.25,0.9144180741728978,0.9999999999,1.0,0.5759299768503529
phi3,phi3:mini,É obrigatório possuir conta no portal gov.br para se inscrever?,"Sim, o acesso ao sistema de inscrições exige uma conta ativa no portal gov.br.","Sim, é necessário que o candidato tenha uma conta cadastrada no portal gov.br para acessar e utilizar o sistema de inscrição do IFRS. Caso contrário, ao digitar o CPF na página de login, ele será redirecionado para realizar o cadastro.",0.037,14.932,1894,73,0.75,0.9542876944334859,0.9999999999,1.0,0.8623972235359613
phi3,phi3:mini,Qual nível de conta gov.br é exigido para a inscrição?,"Geralmente são aceitas contas níveis bronze, prata ou ouro para o acesso básico.",Não encontrei essa informação nos documentos.,0.036,11.061,1914,14,1.0,0.0,0.0,0.0,0.2025141774619695
phi3,phi3:mini,Posso usar o CPF dos meus pais para fazer a minha inscrição?,"Não, a inscrição deve ser feita obrigatoriamente com o CPF do próprio candidato.",Não encontrei essa informação nos documentos.,0.032,13.834,2032,14,1.0,0.0,0.9999999999,1.0,0.20740344474170866
phi3,phi3:mini,O que fazer se eu esquecer a senha da minha conta gov.br?,Você deve recuperar a senha diretamente na plataforma gov.br pelas opções de recuperação.,"Não encontrei essa informação nos documentos relacionados ao processo seletivo do IFRS. Para obter assistência com uma senha que você esqueceu, é recomendável entrar em contato diretamente com o Governo Federal através de seu site ou telefone para solicitar ajuda no redefinir a sua senha.",0.032,14.95,1860,83,0.0,0.0,0.0,0.0,0.21671278238698485
phi3,phi3:mini,Candidatos estrangeiros podem participar do processo seletivo?,"Sim, desde que possuam a documentação legal exigida para permanência no Brasil.","Sim, candidatos estrangeiros podem participar do Processo Seletivo IFRS desde que apresentem um dos seguintes documentos válidos para comprovação de sua situação como estrangeiro estudante no Brasil: o Registro Nacional de Estrangeiro (RNE), ou o Passaporte com visto de estudante, ou outro documento",0.035,15.895,2005,84,1.0,0.90940260732409,0.9999999999,1.0,0.8167634576679107
phi3,phi3:mini,Qual documento de identidade é aceito para candidatos estrangeiros?,O Registro Nacional de Estrangeiro (RNE) ou a Carteira de Registro Nacional Migratório (CRNM).,O Passaporte com visto de estudante ou Outro documento legalizado permitindo a permanência no Brasil.,0.039,18.746,2143,25,1.0,0.8744303864825757,0.9999999999,0.0,0.21791335609622423
phi3,phi3:mini,É permitido o uso de nome social durante o processo seletivo?,"Sim, candidatos travestis e transexuais podem solicitar o uso de nome social.","Sim, é permitido. O documento especifica que um menor com autorização do responsável legal pode solicitar tratamento pelo seu Nome Social no âmbito do IFRS para inscrições e divulgações dos resultados de processos seletivos. Isso está alinhado com a Resolução 12/2015, que regula o uso do nome social",0.037,16.056,1857,115,1.0,0.8813664979305343,0.9999999999,1.0,0.5268892685663982
phi3,phi3:mini,Como solicito a inclusão do meu nome social no cadastro?,A solicitação deve ser feita durante o preenchimento do formulário de inscrição.,"Para solicitar a inclusão do seu nome social no cadastro, você deve seguir estes passos: Primeiro, entre em contato com o Ministério da Educação para obter as informações necessárias. Em seguida, visite o site https://cadunico.dataprev.gov.br e clique no botão ""Entrar com o gov.br"" para fazer login ",0.04,17.762,2012,270,0.7272727272727273,0.9734677285208562,0.9999999999,1.0,0.20406756088302613
phi3,phi3:mini,O IFRS envia e-mails de confirmação após a conclusão da inscrição?,"Sim, o sistema envia confirmações automáticas para o e-mail cadastrado.",Não encontrei essa informação nos documentos.,0.036,12.952,1889,14,1.0,0.0,0.0,0.0,0.1987650931772184
phi3,phi3:mini,O que devo fazer se não receber o e-mail de confirmação?,Verifique a caixa de spam ou acesse o sistema para confirmar o status da inscrição.,"Se você não recebeu o e-mail de confirmação, é recomendável verificar seu correio eletrônico para garantir que a mensagem não foi filtrada ou perdida. Se ainda não tiverem aparecido após uma revisão do spam/tóxicos em sua caixa de entrada, você deve entrar em contato diretamente com o Gabinete do Re",0.033,15.972,1843,117,0.0,0.0,0.0,0.0,0.54799268259635
phi3,phi3:mini,Qual é a validade exigida para o documento de identidade (RG)?,O RG deve estar legível e permitir a identificação clara e atualizada do candidato.,Não encontrei essa informação nos documentos.,0.037,14.514,2100,14,1.0,0.0,0.0,1.0,0.20559802300318666
phi3,phi3:mini,CNH (Carteira Nacional de Habilitação) é aceita como identificação?,"Sim, a CNH dentro da validade é um documento de identificação oficial aceito.","Sim, a Carteira Nacional de Habilitação expedida na forma da Lei 9.503/97 com fotografia pode ser considerada um documento equivalente para fins de identidade no processo seletivo do IFRS conforme o contexto fornecido.",0.036,12.791,1980,64,1.0,0.9065108097599951,0.9999999999,1.0,0.6480721786436815
phi3,phi3:mini,Posso usar a certidão de nascimento no lugar do RG para a matrícula?,"Não, a certidão de nascimento não substitui o documento de identidade com foto.",Não encontrei essa informação nos documentos.,0.032,13.536,1969,14,0.5,0.0,0.9999999999,0.0,0.21271676173452392
phi3,phi3:mini,Documentos digitais oficiais (como e-Título) são válidos no processo?,"Sim, documentos digitais oficiais com QR Code de validação normalmente são aceitos.",Não encontrei essa informação nos documentos fornec0dados.,0.033,13.455,1956,20,1.0,0.0,0.0,0.0,0.2036864577207777
phi3,phi3:mini,Cópias autenticadas em cartório substituem o envio online dos originais?,"Não, o envio deve ser feito digitalizando os documentos originais diretamente no sistema.",Não encontrei essa informação nos documentos.,0.033,14.452,2119,14,1.0,0.0,0.0,0.0,0.20967968116241134
phi3,phi3:mini,Preciso enviar fotos 3x4 no momento da pré-matrícula?,A necessidade de foto 3x4 depende das orientações específicas do edital de matrícula.,Não encontrei essa informação nos documentos.,0.041,13.478,1989,14,1.0,0.0,0.9999999999,0.0,0.20211894418662496
phi3,phi3:mini,Existe limite de idade máximo para ingressar nos cursos subsequentes?,Não há limite máximo de idade para ingressar nos cursos técnicos subsequentes.,Não encontrei essa informação nos documentos.,0.033,12.159,1813,14,0.0,0.0,0.9999999999,0.0,0.21180808063600848
phi3,phi3:mini,Existe idade mínima para os cursos superiores de graduação?,"Não há limite de idade, mas é necessário ter concluído o Ensino Médio.","Não encontrei essa informação nos documentos. A educação profissional e tecnológica no IFRS é focada em vagas disponís, cotas reservadas a pessoas com deficiência e o processo de inscrição para cursos específicos como EJA ou Concomitantes/Subsequentes, mas não há uma idade mínima explícita mencionad",0.031,12.579,1759,100,0.8333333333333334,0.0,0.9999999999,0.0,0.20691063211562888
phi3,phi3:mini,O que é o período de interposição de recursos?,É o prazo oficial para contestar resultados preliminares ou decisões do processo.,"O período de interposição de recursos é a janela entre as datas dos resultados prelimina ris das comissões de heteroidentificação e os locais de prova, que dura do dia 24/11 ao dia 25/11. Durante este período, os candidatos têm a oportunidade de fazer pedidos de revisão ou questionamentos sobre as n",0.032,18.715,2163,127,0.75,0.9244237783451973,0.9999999999,1.0,0.6219225519130006
phi3,phi3:mini,Como devo enviar um recurso contra o resultado preliminar?,Os recursos devem ser submetidos exclusivamente pelo sistema eletrônico de ingresso.,"Para contestar o resultado preliminar das comissões de heteroidentificação, os candidatos devem interpor seus recursos online. O link para fazer isso será disponibilizado no site ingresso.ifrs.edu.br. Para obter mais informações e procedimentos específicos sobre como submeter um recurso, consulte o ",0.04,18.278,2054,131,0.75,0.8854973447975375,0.9999999999,1.0,0.20386628400305004
phi3,phi3:mini,Posso enviar recursos por e-mail diretamente ao campus?,"Não, recursos enviados por e-mail fora do sistema oficial não são analisados.","Não encontrei essa informação nos documentos. Apenas é possível comparecer no campus ou solicitar atendimento especial pelo site ingresso.ifrs.edu.br, conforme descrito para as Solicitações de Atendimento Especial e a Correção da minha redação adaptada em função de minha primeira língua ser a Libras",0.036,15.282,1824,96,0.3333333333333333,0.0,0.9999999999,0.0,0.20359148403166702
phi3,phi3:mini,Qual é o prazo padrão para análise e resposta dos recursos?,O prazo exato de resposta está previsto no cronograma oficial do edital.,"O prazo padrão para a análise e resposta dos recursos sobre as comissões de heteroidentificação não foi especificado no contexto fornecido. No entanto, é mencionado que o período para realizar os recursos (pedidos de revisão, questionamentos) será entre 14 a 17/02/2026.",0.036,17.882,2223,87,1.0,0.0,0.9999999999,1.0,0.20831379533406327
phi3,phi3:mini,"Se meu recurso for negado, posso recorrer novamente?","Não, a decisão após a análise do recurso é definitiva na esfera administrativa.",Não encontrei essa informação nos documentos.,0.036,13.994,2034,14,0.0,0.0,0.0,0.0,0.705499027888244
phi3,phi3:mini,Candidatos de outras cidades podem concorrer às vagas de Ibirubá?,"Sim, o processo seletivo é aberto a candidatos de qualquer município do país.",Não encontrei essa informação nos documentos.,0.032,13.533,1965,14,1.0,0.0,0.0,0.0,0.20343236898896133
phi3,phi3:mini,Há alojamento ou moradia estudantil oferecida pelo campus?,"Não, o IFRS Campus Ibirubá não possui alojamento ou moradia estudantil própria.",Não encontrei essa informação nos documentos.,0.033,12.25,1806,14,1.0,0.0,0.0,0.0,0.20597407239777799
phi3,phi3:mini,O campus oferece auxílio estudantil ou bolsas de permanência?,"Sim, o IFRS possui programas de auxílio baseados em critérios socioeconômicos.",Não encontrei essa informação nos documentos.,0.033,12.426,1815,14,1.0,0.0,0.0,1.0,0.20830290869104445
phi3,phi3:mini,Quando abrem os editais para solicitação de auxílio estudantil?,Os editais de assistência abrem após o início do semestre letivo.,Não encontrei essa informação nos documentos.,0.033,12.338,1840,14,1.0,0.0,0.0,0.0,0.20504746967861012
phi3,phi3:mini,Posso aproveitar disciplinas já cursadas em outra instituição?,"Sim, após a matrícula você pode solicitar aproveitamento mediante análise.",Não encontrei essa informação nos documentos.,0.032,12.341,1838,14,1.0,0.0,0.0,0.0,0.20150053343872484
phi3,phi3:mini,Como solicito o aproveitamento de estudos após a matrícula?,A solicitação é feita na secretaria com o histórico e ementas das disciplinas.,Não encontrei essa informação nos documentos fornecidos.,0.032,12.474,1829,18,1.0,0.0,0.0,0.0,0.20130006811400888
phi3,phi3:mini,A documentação de matrícula pode ser entregue presencialmente?,"Não, o envio da documentação de pré-matrícula ocorre de forma totalmente eletrônica.",Não encontrei essa informação nos documentos.,0.031,13.405,1958,14,0.0,0.0,0.9999999999,0.0,0.20989798976653024
phi3,phi3:mini,Qual o formato de arquivo exigido para o envio dos documentos?,"Os documentos geralmente devem ser anexados em formato PDF, JPG ou PNG.","Não há informações específicas sobre o formato de arquivo exigido nos textos fornecidos. A única menção ao aspecto técnico é que ""todos os documentos enviados eletronicamente devem estar legíveis"", mas não se especifica qual tipo de arquivo deve ser utilizado para isso. Portanto, a resposta seria: N",0.032,15.677,1869,105,1.0,0.0,0.0,0.0,0.20815504089292966
phi3,phi3:mini,Qual o tamanho máximo permitido para os arquivos anexados no sistema?,O limite de tamanho por arquivo é estipulado pelo sistema de envio.,Não encontrei essa informação nos documentos.,0.038,12.698,1871,14,1.0,0.0,0.0,0.0,0.20197819805822126
phi3,phi3:mini,O que faço se o sistema de inscrições apresentar instabilidade?,"Tente acessar em outro navegador, limpe o cache ou aguarde a normalização.",Não encontrei essa informação nos documentos.,0.032,10.166,1805,14,1.0,0.0,0.0,0.0,0.20531666023425335
phi3,phi3:mini,É possível trancar a matrícula logo no primeiro semestre?,"Geralmente o trancamento no primeiro semestre não é permitido, salvo exceções legais.","Não encontrei essa informação nos documentos. A resposta parece estar relacionada ao processo seletivo do IFRS, mas não há detalhes sobre o prazo específico para a matrícula em um determinado semestre dentro dos textos fornecidos.",0.031,14.42,1877,65,1.0,0.0,0.0,0.0,0.208374804905692
phi3,phi3:mini,Cursos técnicos subsequentes exigem estágio obrigatório para conclusão?,"Sim, a maioria dos cursos exige o cumprimento de estágio curricular obrigatório.","Sim, cursos como o Técnico em Plásticos e Fabricação Mecânica requerem um estágio obrigatório após a conclusão dos semestres. Isso é indicado pelo símbolo ""** mais estágio obrigatório **"" ao lado do nome de cada curso na tabela fornecida no contexto.",0.038,14.563,1795,82,0.75,0.9441459034584494,0.9999999999,1.0,0.47682617299897734
phi3,phi3:mini,Os cursos de graduação do campus exigem Trabalho de Conclusão de Curso?,"Sim, o TCC é um componente curricular obrigatório para formatura nas graduações.",Não encontrei essa informação nos documentos.,0.037,12.201,1792,14,0.0,0.0,0.0,0.0,0.20162166526125458
phi3,phi3:mini,Posso transferir meu curso para outro campus do IFRS futuramente?,"Sim, mediante editais internos de transferência e caso haja vaga disponível.",Não encontrei essa informação nos documentos.,0.032,12.426,1827,14,0.0,0.0,0.0,0.0,0.20340863566340384
phi3,phi3:mini,A matrícula deve ser renovada a cada novo semestre?,"Sim, a rematrícula é obrigatória a cada semestre para manter o vínculo.",Não encontrei essa informação nos documentos.,0.032,12.673,1866,14,1.0,0.0,0.0,0.0,0.20187492686782726
phi3,phi3:mini,O que ocorre se eu não renovar a matrícula no prazo estipulado?,O estudante perde o vínculo e tem a sua matrícula cancelada por abandono.,"Se você não renovar sua matrícula dentro do prazo estabelecido, provavelmente será desclassificado ou perderá seu status de aluno. Para obter informações mais específicas sobre as consequências e procedimentos para a renovação da matrícula no IFRS, é recomendável entrar em contato diretamente com o ",0.032,17.269,1950,131,0.0,0.0,0.9999999999,1.0,0.20406392280938812
phi3,phi3:mini,Como funciona a reclassificação de vagas não preenchidas?,As vagas são repassadas aos próximos da lista de espera por ordem de classificação.,"Se houver mais vagas destinadas a uma cota que candidatas/candidatos inscritos nesta cota, as vagas restantes passarão para outra cota. A sequência é definida no Anexo XI e segue um fluxo específico de migração entre cotas.",0.036,14.648,1854,71,1.0,0.8872339712807027,0.9999999999,1.0,0.20895416054374474
phi3,phi3:mini,Candidatos que zeraram a redação do Enem podem usar a nota?,"Não, zerar qualquer prova ou a redação desclassifica o candidato pelo Enem.",Não encontrei essa informação nos documentos.,0.041,12.679,1865,14,0.0,0.0,0.9999999999,1.0,0.2084047997521979
phi3,phi3:mini,Qual o critério de desempate caso dois candidatos tenham a mesma nota?,Os critérios de desempate geralmente priorizam candidatos de maior idade.,"O critério de desempate para os cursos técnicos é pela maior pontuação na Prova de Redação, seguida por maiores notas em Linguagens, Códigos e suas Tecnologias. Se ainda houver empate, o próximo fator será a Matemática e suas Tecnologias, depois as Ciências da Natureza e suas Tecnologias, e finalmen",0.033,16.453,1945,108,0.8,0.9036588901919146,0.9999999999,1.0,0.21012369714581797
phi3,phi3:mini,Pessoas trans devem passar por banca de heteroidentificação?,"Não, a banca avalia apenas quem concorre nas cotas raciais para pretos e pardos.","Sim, pessoas que identificam como transexuais ou travestis são obrigadas a passar pela banca de heteroidentificação para confirmar sua autodeclaração racial. Isso é parte do processo seletivo no IFRS e deve ser seguido conforme os procedimentos constantes nas seções 15, 16, 17 e 18 deste edital.",0.04,14.206,1711,95,0.6,0.9292954241517728,0.9999999999,0.0,0.21267634940013147
phi3,phi3:mini,A renda per capita é calculada com base no salário bruto ou líquido?,A renda familiar per capita é calculada com base na renda bruta mensal.,Não encontrei essa informação nos documentos.,0.032,10.361,1551,14,0.0,0.0,0.9999999999,1.0,0.2025736305588004
phi3,phi3:mini,Estágio remunerado conta na composição da renda familiar para cotas?,"Sim, valores recebidos como bolsa de estágio entram no cômputo da renda familiar.",Não encontrei essa informação nos documentos.,0.031,12.397,1829,14,1.0,0.0,0.0,0.0,0.2028345000183288
phi3,phi3:mini,Membros da família que moram em outra casa entram no cálculo de renda?,"Não, apenas pessoas que residem sob o mesmo teto e compartilham rendas entram no cálculo.",Não encontrei essa informação nos documentos.,0.033,14.495,2076,14,1.0,0.0,0.0,0.0,0.2075910356223864
phi3,phi3:mini,Posso alterar o e-mail cadastrado após finalizar a inscrição?,A alteração deve ser feita no sistema durante o período permitido pelo edital.,"Não encontrei essa informação nos documentos. A resposta deve ser ""Não é permitido"" ou uma declaração semelhante, mas como não há tal informação explicitamente no texto fornecido, a resposta correta seria ""Não encontrei essa informação nos documentos.""",0.037,14.247,1795,72,0.6666666666666666,0.0,0.9999999999,0.0,0.2035073894788067
phi3,phi3:mini,É obrigatório apresentar título de eleitor na matrícula?,"Sim, a certidão de quitação eleitoral é exigida para a matrícula de maiores de 18 anos.",Não encontrei essa informação nos documentos.,0.03,12.679,1862,14,1.0,0.0,0.0,0.0,0.2021741434113048
phi3,phi3:mini,Homens maiores de 18 anos precisam de comprovante militar?,"Sim, a regularidade militar é obrigatória para candidatos homens maiores de 18 anos.","Sim, homens maiores de 18 anos que completaram seu ingresso no Brasil nesse ano devem apresentar o Comprovante de quitação com o Serviço Militar até o prazo de inscrição. Se não tiveram a oportunidade de alistamento imediatamente após completarem 18 anos, eles ainda estão condicionados a fornecer es",0.031,16.841,1948,119,0.75,0.9392688664437331,0.9999999999,1.0,0.5986461184373482
phi3,phi3:mini,Onde encontro o cronograma completo com todas as datas do edital?,O cronograma completo está disponível nos anexos do edital no site de ingresso do IFRS.,"O texto original não contém explicitamente um ""Anexo"" onde se encontraria esse cronograma. No entanto, a menção ao Anexo no contexto sugere que ele deve estar incluído em algum lugar dentro do documento fornecido. Como o link para o site ingresso (ifrs.edu.br) é citado várias vezes como ponto de ref",0.038,20.438,2138,177,0.2,0.0,0.9999999999,0.0,0.5977177302287128
smollm2,smollm2:1.7b,Quais são os cursos técnicos integrados ao Ensino Médio ofertados no Campus Ibirubá?,"Os cursos técnicos integrados ao Ensino Médio ofertados no campus são o Técnico em Agropecuária, Técnico em Informática e Técnico em Mecânica.",Cursos técnicos integrados ao Ensino Médio ofertados no Campus Ibirubá são:  1. Técnico em Agropecuária (Manhã e Tarde) 2. Técnico em Mecânica (Noite) 3. Técnico em Eletrotécnica (Noite) 4. Técnico em Mecânica (Sorteio) 5. Técnico em Agropecuária (Sorteio) 6. Técnico em Eletrotécnica (Sorteio) 7. Té,6.161,19.051,2120,228,0.1,1.0000000000000002,0.9999999999,0.25,0.4569187813726285
smollm2,smollm2:1.7b,Quais são os turnos de funcionamento dos cursos técnicos integrados?,"O funcionamento dos cursos técnicos integrados ocorre nos turnos da manhã e da tarde (turno integral), com duração prevista de 3 anos.",Os turnos de funcionamento dos cursos técnicos integrados são as seguintes:  1. Manhã (Horário: 8 às 12 horas) - Curso Técnico Integrado ao Ensino Médio Turnos Duração em Anos Total de Vagas Vagas Prova Reserva Ensino Público C1 C10 Renda igual ou inferior a 1 salário mínimo Renda superior a 1 salár,0.076,23.57,1989,1024,0.25,0.0,0.9999999999,1.0,0.5600380652109164
smollm2,smollm2:1.7b,Quais são os cursos técnicos subsequentes ao Ensino Médio disponíveis no Campus Ibirubá?,"Na modalidade subsequente, estão disponíveis os cursos de Técnico em Eletrotécnica e Técnico em Mecânica.",Cursos Técnicos na Modalidade Subsequente ao Ensino Médio Turnos Duração em Semestres Total de Vagas Vagas Reserva Ensino Público C1 C10 Renda igual ou inferior a 1 salário mínimo Renda superior a 1 salário mínimo C2 C3 C4 C5 C6 C7 C8 C9 Técnico em Agropecuária Manhã e Tarde 3* 32 1 1 1 5 1 1 1 5 14,0.037,20.688,2121,816,0.7058823529411765,0.0,0.9999999999,1.0,0.20766260076434867
smollm2,smollm2:1.7b,Em qual turno ocorrem as aulas dos cursos subsequentes?,"As aulas dos cursos técnicos subsequentes acontecem no turno da noite, com duração de 4 semestres.",Todos os cursos têm turno Manhã.,0.036,5.982,1861,16,0.0,0.943813181825829,0.9999999999,0.0,0.2246854920732989
smollm2,smollm2:1.7b,Quais são os cursos superiores de graduação ofertados no Campus Ibirubá?,"O campus oferece os seguintes cursos superiores de graduação: Bacharelado em Agronomia, Bacharelado em Engenharia Mecânica, Bacharelado em Ciência da Computação e Licenciatura em Matemática.",Cursos superiores de graduação ofertados no Campus Ibirubá são:  1. Técnico em Mecânica Noite (4 * 24) 2. Técnico em Eletrotécnica Noite (4 * 20) 3. Licenciatura em Matemática Noite (8) 4. Licenciatura em Química Noite (10) 5. Tecnologia em Análise e Desenvolvimento de Sistemas Noite (12),0.031,8.643,2085,132,0.0,0.9999999999999999,0.9999999999,1.0,0.4090477955784096
smollm2,smollm2:1.7b,Qual é a duração e os turnos dos cursos de Agronomia e Engenharia Mecânica no campus?,"O curso de Agronomia ocorre nos turnos da manhã e da tarde com duração de 10 semestres. O curso de Engenharia Mecânica é ofertado no turno da noite, também com duração de 10 semestres.","A duração dos cursos de Agronomia e Engenharia Mecânica no campus é 10 semestres, e o turno para os cursos de Agronomia é Manhã e Tarde, enquanto o turno para os cursos de Engenharia Mecânica é Noite.",0.033,7.687,2064,75,0.5,0.9935496686100697,0.0,0.5,0.9906961230258364
smollm2,smollm2:1.7b,Qual é a duração e os turnos de Ciência da Computação e Licenciatura em Matemática?,"O curso de Ciência da Computação ocorre à noite com duração de 9 semestres, enquanto a Licenciatura em Matemática também acontece no turno da noite com duração de 8 semestres.","Ciência da Computação e Licenciatura em Matemática: turno Manhã, 8 semestres* semestres, 40 vagas, distribuídas da seguinte forma:Vagas por prova:C1: Acesso Universal - 14 vagas;C2: Pessoa com Deficiência (PcD) que tenha cursado integralmente o Ensino Médio em escola pública, autodeclarada/autodecla",0.033,19.124,2056,741,0.4375,0.9208286079581112,0.0,0.5,0.20986104235629738
smollm2,smollm2:1.7b,Os cursos ofertados pelo IFRS Campus Ibirubá são pagos?,"Não. Todos os cursos oferecidos no IFRS são 100% gratuitos, não havendo cobrança de mensalidades ou taxas de matrícula.","Não, os cursos ofertados pelo IFRS Campus Ibirubá não são pagos. A inscrição é gratuita para todos os candidatos que solicitem e se inscrevam ao menos 10 vezes no período de inscrições abertas entre o dia 24 de setembro de 2025 e o dia 12 de outubro de 2025.",0.041,8.341,2067,107,0.2,1.0000000000000002,0.9999999999,0.0,0.6377726359051694
smollm2,smollm2:1.7b,Qual o valor da taxa de inscrição para os cursos técnicos integrados?,"A taxa de inscrição para os cursos técnicos na modalidade integrada é de R$ 60,00.",Não encontrei essa informação nos documentos.,0.033,6.47,2016,16,0.0,0.0,0.9999999999,0.0,0.20432382144666433
smollm2,smollm2:1.7b,Quanto custa a inscrição para os cursos técnicos subsequentes?,"O custo é de R$ 20,00.",Não encontrei essa informação nos documentos.,0.031,6.728,2058,16,0.0,0.0,0.0,0.0,0.20454030250601962
smollm2,smollm2:1.7b,Qual é o custo da inscrição para concorrer a uma vaga em curso de graduação?,"Se o candidato optar por concorrer via Exame de Seleção (prova), a taxa é de R$ 80,00. Caso a opção seja via nota do ENEM, a taxa é de R$ 20,00.","Após analisar os documentos relacionados ao processo seletivo do IFRS, você pode encontrar informações sobre o custo da inscrição para concorrer a uma vaga em curso de graduação. No Anexo VII deste Edital, há um item que relativa ao preço do ingresso:  ""8.6.1 As vagas reservadas à Pessoa com Deficiê",0.033,10.131,2028,234,0.6666666666666666,0.9588112913627199,0.0,0.0,0.21516243415431774
smollm2,smollm2:1.7b,Como deve ser efetuado o pagamento da taxa de inscrição?,"O pagamento deve ser realizado por meio de boleto bancário gerado ao final da inscrição, pagável na rede bancária ou via internet banking.","A taxa de inscrição é cobrada dentro do prazo fixado, que é de 14 dias após a data de inclusão na lista. Não há oportunidade para realizar o pagamento após o período de inscrição.",0.033,7.646,2068,68,0.6666666666666666,0.9125866809433837,0.9999999999,1.0,0.21836194797365283
smollm2,smollm2:1.7b,Até quando posso pagar a taxa de inscrição?,O boleto deve ser pago impreterivelmente até o prazo limite definido no cronograma oficial do edital correspondente.,A taxa de inscrição pode ser realizada entre os dias de 14h daqui às 05 de setembro de 2025 até o dia 13 de outubro de 2025. Não é possível realizar o pagamento após este período.,0.032,6.68,2070,81,0.5,0.937241727140097,0.9999999999,1.0,0.21058332908547495
smollm2,smollm2:1.7b,Posso modificar os dados da minha inscrição (como a opção de curso ou campus) após concluí-la?,"Sim, no entanto, após a finalização da inscrição, qualquer alteração exige que o candidato realize uma nova inscrição dentro do prazo regulamentar para que os novos dados sejam computados.","Não, você não pode modificar os dados da sua inscrição após concluí-la. A inscrição é fixa e precisa ser realizada no período de 24 de setembro a 12 de outubro de 2025, conforme informado na seção 6.11 do documento. Se você tentar modificar os dados após o prazo limite, a inscrição será cancelada e ",0.033,8.663,2009,147,0.5,0.9382785619582718,0.9999999999,1.0,0.2198151952854278
smollm2,smollm2:1.7b,É possível me inscrever em mais de um curso no mesmo edital do IFRS?,Não. É permitido realizar apenas uma única inscrição por candidato em cada edital.,"Não é possível me inscrever em mais de um curso no mesmo edital do IFRS. O Edital oferece 162 vagas nos Cursos Técnicos Integrados à Modalidade de Educação de Jovens e Adultos (EJA), 6 vagas nos Cursos Técnicos Concomitantes, 17 vagas nos Cursos Técnicos Concomitantes/Subsequentes, 469 vagas nos Cur",0.033,8.977,2035,151,0.8333333333333334,0.996686681389012,0.9999999999,1.0,0.431402757349168
smollm2,smollm2:1.7b,Há devolução do valor pago na taxa de inscrição se eu desistir de participar?,"Não. O valor pago na taxa de inscrição não é reembolsável sob nenhuma circunstância, exceto se houver cancelamento do certame por parte do IFRS.","Não, não há devolução do valor pago da taxa de inscrição se eu desistir de participar do processo seletivo. A taxa de inscrição é fixa e ainda precisa ser paga no final do processo para continuar com o ingresso em um curso de educação profissional técnica ou de graduação.",0.033,8.013,2091,90,0.25,0.9325957744170772,0.9999999999,1.0,0.5260288498447783
smollm2,smollm2:1.7b,Quem tem direito a solicitar a isenção do pagamento da taxa de inscrição?,"Têm direito à isenção os candidatos com renda familiar bruta mensal de até 1 salário mínimo per capita (R$ 1.412,00) que estejam regularmente registrados no CadÚnico como baixa renda.","Pessoas cadastradas no CadÚnico como ministério da educação, secretaria de educação profissional e tecnológica, instituto federal de educação, ciência e Tecnologia do Rio Grande do Sul e família de baixa renda tem direito a solicitar a isenção do pagamento da taxa de inscrição.",0.032,7.834,2025,97,0.4,0.0,0.9999999999,1.0,0.5329819141552816
smollm2,smollm2:1.7b,O cadastro do CadÚnico precisa ter alguma atualização recente?,Sim. O cadastro do candidato no CadÚnico deve estar obrigatoriamente atualizado nos últimos 2 anos.,A resposta não está no contexto fornecido.,0.033,7.21,2223,16,nan,0.0,0.9999999999,1.0,0.2002725440181195
smollm2,smollm2:1.7b,Onde realizo a solicitação de isenção de taxa?,"A solicitação deve ser realizada exclusivamente via internet, na página de ingressos do IFRS (ingresso.ifrs.edu.br).","A solicitação de isenção de taxa pode ser realizada nas instituições do IFRS, como o endereço ingresso.ifrs.edu.br. O formulário de solicitação deve ser preenchido e anexado (inserido) o Extrato de Consulta Completa do CadÚnico atualizado nos últimos 2 anos, conforme informada no item 3.4 do edital.",0.033,7.953,1968,115,0.8,0.9229887137093578,0.9999999999,1.0,0.6286239512926919
smollm2,smollm2:1.7b,A isenção pode ser solicitada por mais de um membro do mesmo núcleo familiar?,"Sim. A isenção é um benefício de caráter estritamente individual, e cada integrante da mesma família que deseja concorrer deve fazer a sua própria solicitação.","Não, a isenção pode ser solicitada apenas pelo candidato que realizou o cadastro no CadÚnico. Se há mais de um membro do mesmo núcleo familiar, eles precisam tomar uma decisão separada para cada inscrição.",0.031,7.235,1977,71,0.3333333333333333,0.8866155902154778,0.9999999999,1.0,0.44684984514347714
smollm2,smollm2:1.7b,"Se minha isenção de taxa for aprovada (deferida), já estou inscrito no Processo Seletivo?","Não. O candidato que teve a isenção aceita deve, obrigatoriamente, entrar no sistema e realizar a inscrição no curso desejado para gerar o comprovante de isento.","Se sua isenção de taxa para o IFRS 3.1 foi realizada com sucesso, então seu cadastro será incluído no Processo Seletivo.",0.033,6.966,2025,46,0.0,0.0,0.9999999999,1.0,0.21600575002864314
smollm2,smollm2:1.7b,O IFRS pode solicitar documentos de comprovação de renda para quem foi isento?,"Sim. O IFRS pode conferir e auditar as informações prestadas, e o candidato que prestar declarações falsas está sujeito a responder legalmente e ser eliminado do processo.","Não, o IFRS não pode solicitar documentos de comprovação de renda para quem foi isento.",0.033,6.598,1985,32,0.0,0.9625209575296664,0.9999999999,1.0,0.21905457038717904
smollm2,smollm2:1.7b,Qual o sistema utilizado para o ingresso nos cursos técnicos integrados de Ibirubá?,O sistema de ingresso para os cursos técnicos integrados em Ibirubá é realizado por meio de Exame de Seleção (prova objetiva presencial).,"O sistema utilizado para o ingresso nos cursos técnicos integrados de Ibirubá é a reserva de vagas. Ao inscrever-se em um curso, você pode se inscrever normalmente e, se sua solicitação for aceita, ela será reservada para uma das vagas disponíveis. As vagas não preenchidas em alguma cota podem migra",0.033,8.99,2139,136,0.8,0.9779463677086164,0.9999999999,1.0,0.22247163021007874
smollm2,smollm2:1.7b,Como são distribuídas as vagas para os cursos técnicos subsequentes de Ibirubá?,As vagas da modalidade subsequente são preenchidas por meio de Sorteio Público ou classificação pela nota do ENEM.,"As vagas para os cursos técnicos subsequentes de Ibirubá são distribuídas em ordem de inscrição reservada, conforme a tabela abaixo. As vagas não preenchidas em alguma cota poderão migrar e poderá, quando da classificação, haver vagas para as cotas que aparecem com zero.",0.033,8.311,2159,95,0.75,0.0,0.9999999999,1.0,0.2071209003905054
smollm2,smollm2:1.7b,Quais os meios para ingressar em um curso de graduação superior em Ibirubá?,Os ingressos para os cursos superiores de graduação em Ibirubá ocorrem via Exame de Seleção (prova com redação) ou utilizando a nota do ENEM.,"A resposta não está no contexto fornecido. Porém, podemos afirmar que o IFRS (Instituto Federal de Educação, Ciência e Tecnologia do Rio Grande do Sul) oferece cursos de graduação em várias disciplinas, incluindo Engenharia Ambiental, Química, Letras, Matemática, etc. Para ingressar em um curso de g",0.032,9.86,2087,199,0.75,0.0,0.9999999999,1.0,0.21480344400549264
smollm2,smollm2:1.7b,"Se eu escolher o ENEM para a graduação, posso usar notas de ""treineiro""?","Não. As notas do ENEM obtidas na condição de ""treineiro"" não são validadas para a classificação de vagas.","Não, você não pode usar notas de treino para a graduação. Você precisa realizar um Exame Nacional do Ensino Médio (Enem) ou o Exame de Seleção para curso de Graduação no IFRS.",0.032,7.247,1997,63,0.6666666666666666,0.9232535217913764,0.9999999999,1.0,0.7227640196483931
smollm2,smollm2:1.7b,O que fazer se eu precisar de acessibilidade ou condições especiais no dia da prova?,O candidato deve indicar sua necessidade no Formulário de Solicitação de Condição Especial (Anexo II/IV/V) disponível no sistema no momento da inscrição.,"Se precisar de acessibilidade ou condições especiais durante a prova, poderá solicitar assistência específica em função de suas necessidades. Por exemplo, se precisar de uma cadeira de rodas para facilizar movimentos, ou se precisar de um acompanhante que permaneça fora da sala durante a prova. Se p",0.032,24.24,2060,1024,0.2,0.0,0.9999999999,1.0,0.20867450282148917
smollm2,smollm2:1.7b,Quais apoios especiais podem ser solicitados para o dia da avaliação?,"Podem ser solicitados auxílios como tempo adicional de prova, apoio de ledores ou transcritores, salas de fácil acesso e atendimento específico para lactantes.",Não encontrei essa informação nos documentos.,0.037,7.041,2104,16,0.0,0.0,0.9999999999,1.0,0.19923318449095298
smollm2,smollm2:1.7b,Quantas vagas são destinadas à reserva de vagas para escolas públicas?,Pelo menos 50% das vagas totais de cada curso são reservadas exclusivamente para estudantes egressos de escolas públicas.,"4.3 As vagas reservadas para estudantes de escola pública serão divididas em: 4.3.1 C9 – estudante de escola pública; 4.3.2 C5 – estudante de escola pública e de baixa renda; 4.3.3 C7 – estudante de escola pública e autodeclarado preto, pardo, indígena ou quilombola; 4.3.4 C8 – estudante de escola p",0.032,12.055,2162,313,1.0,0.9325867946963569,0.9999999999,0.0,0.2182180170488408
smollm2,smollm2:1.7b,O que define se posso concorrer como egresso de escola pública?,É elegível o candidato que comprovar ter cursado integralmente todo o Ensino Fundamental (para cursos técnicos) ou todo o Ensino Médio (para cursos superiores) em instituições públicas de ensino.,"Se for um candidato ou pessoa com deficiência (PcD) que tenha cursado integralmente o Ensino Médio em escola pública, com renda familiar bruta per capita igual ou inferior a 1,5 salário mínimo - 0 vagas; C4: Pessoa com D eficiência (PcD) que tenha cursado integralmente o Ensino Médio em escola públi",0.032,23.264,1851,1024,0.5454545454545454,0.8215389431818382,0.9999999999,1.0,0.5097352214639257
smollm2,smollm2:1.7b,"Se estudei com bolsa integral em escola particular, posso concorrer às vagas reservadas?","Não. Quem estudou em escola particular, mesmo que sob a condição de bolsista integral, não possui o direito de concorrer às cotas destinadas a escolas públicas.","Não poderão concorrer às vagas reservadas a que se refere o item 1.14.4. Não poderão concorrer às vagas reservadas para egressas/egressos de Escolas Públicas, no ato da inscrição, se estiver em uma das seguintes modalidades: I. egressa/egresso de escola pública co m renda familiar bruta per capita i",0.037,10.31,2058,224,0.6666666666666666,0.0,0.9999999999,1.0,0.6689098420717481
smollm2,smollm2:1.7b,Como funciona a comprovação de renda para as cotas destinadas à baixa renda?,"A comprovação de renda é baseada nos dados do candidato cadastrados no CadÚnico, exigindo-se a apresentação do Extrato de Consulta Completa.","Como funciona a comprovação de renda para as cotas destinadas à baixa renda, é importante ressaltar que está incluída na categoria Cota 5. Para obter essa cota, o candidato precisa ter uma renda familiar bruta per capita igual ou inferior a 1 salário mínimo.  A comprovação de renda para as cotas des",0.032,12.337,2130,330,0.0,0.9576812825961301,0.0,0.0,0.20859748063964786
smollm2,smollm2:1.7b,"O que são as vagas destinadas ao grupo PPIQ (Pretos, Pardos, Indígenas e Quilombolas)?","São as cotas voltadas para candidatos egressos de escola pública que se autodeclarem Pretos, Pardos, Indígenas ou Quilombolas.","As vagas destinadas ao grupo PPIQ (Pretos, Pardos, Indígenas e Quilombolas) são destinadas para pessoas que não podem obter o emprego porque não têm habilidades físicas ou mentalmente adequadas para a realização de trabalhos com baixa complexidade, mas estão capazes de se adaptar e desenvolver esses",0.032,13.636,2159,404,0.75,0.9012498537317456,0.9999999999,1.0,0.595737146170898
smollm2,smollm2:1.7b,Quem pode concorrer na Cota 10 (destinada a Pessoas com Deficiência - PcD)?,"A Cota 10 (C10) é reservada exclusivamente para Pessoas com Deficiência (PcD), independentemente de renda ou de terem estudado em escola pública.",Não encontrei essa informação nos documentos.,0.033,7.352,2250,16,0.0,0.0,0.9999999999,0.0,0.20093021625036145
smollm2,smollm2:1.7b,O que acontece se as vagas PcD não forem preenchidas por falta de candidatos?,"As vagas reservadas a PcD que não forem preenchidas por falta de candidatos são remanejadas para outras cotas ou destinadas ao Acesso Universal (Cota 1), dependendo da ordem descrita no edital.",Não encontrei essa informação nos documentos.,0.033,6.995,2102,16,1.0,0.0,0.0,0.0,0.19965254578362418
smollm2,smollm2:1.7b,O que o candidato aprovado por cota de escola pública precisa assinar na matrícula?,O candidato aprovado por cota de escola pública deve assinar eletronicamente a Declaração de Não Ter Estudado em Escolas Particulares.,"O candidato aprovado por Cota 1, que é o candidato que tenha cursado integralmente o Ensino Fundamental (Cursos Técnicos) ou Ensino Médio (Cursos de Graduação) em escola pública, autodeclarada/autodeclarado negra/negro (preta/preto, parda/parda), indígena ou quilombola (PPIQ), com renda familiar bru",0.033,24.307,2089,1024,0.03571428571428571,0.0,0.0,0.0,0.21545094041921836
smollm2,smollm2:1.7b,Quais documentos específicos devem ser enviados por candidatos indígenas aprovados?,É necessário anexar a Autodeclaração de membro de Comunidade Indígena (Anexo VII/IX) junto ao RANI ou à Declaração de Membro assinada por liderança da comunidade indígena (Anexo VIII/X).,"Como assistente especializada nos documentos relacionados ao processo seletivo do IFRS, não posso oferecer informações exclusivas sobre documentos específicos devem ser enviados por candidatos indígenas. Porém, é importante ressaltar que as Comissões de Heteroidentificação e a Comissão de Concursos ",0.036,12.626,2160,341,0.375,0.0,0.9999999999,1.0,0.626856888341818
smollm2,smollm2:1.7b,Qual o documento necessário para candidatos que concorrem a vagas reservadas a Quilombolas?,O candidato deve enviar a Declaração de pertencimento quilombola (Anexo IX/XI) assinada por 3 lideranças (com cópias de seus documentos) e o documento de reconhecimento emitido pela Fundação Cultural Palmares.,"A documento necessário para candidatos que concorrem a vagas reservadas a Quilombos (COTA 2, 3, 6 e 7) é o ""Declaração de Membro de Comunidade Quilombola"" (Anexo XIV).",0.033,7.801,2144,63,0.6666666666666666,0.9803591387223651,0.9999999999,1.0,0.22781055739301082
smollm2,smollm2:1.7b,"O que acontece se eu enviar documentos apagados, cortados ou incompletos?","O candidato que enviar documentação ilegível, rasurada ou incompleta terá sua matrícula indeferida automaticamente.","Não encontrei essa informação nos documentos. Por favor, tente novamente com um outro site ou consulte o professor para obter a resposta correta.",0.033,7.457,2129,45,0.0,0.0,0.9999999999,1.0,0.21159334789929893
smollm2,smollm2:1.7b,E se a escola ainda não tiver emitido meu Certificado de Conclusão na data da matrícula?,"É aceito o envio de uma Declaração provisória de provável conclusão emitida pela escola. A matrícula será homologada de forma condicional, devendo o certificado oficial ser apresentado na data limite estabelecida.",Não encontrei essa informação nos documentos.,0.032,6.099,1897,16,0.0,0.0,0.9999999999,1.0,0.19616791634840128
smollm2,smollm2:1.7b,O que é o processo de Heteroidentificação?,É o procedimento presencial de verificação para confirmar a veracidade da autodeclaração prestada por candidatos pretos ou pardos.,"O processo de heteroidentificação é uma técnica utilizada pelos estudantes negras/negros (pretas/pretos e pardas/pardos) que se autodeclararam nas vagas de cursos em IFRS. Essa técnica é realizada para garantir a integração dos estudantes daqueles curso, evitando situações onde alguns estudantes não",0.032,13.254,2135,385,0.5384615384615384,0.9210651213592493,0.9999999999,1.0,0.4209848587187766
smollm2,smollm2:1.7b,Quais são os critérios que a banca utiliza para avaliar o candidato?,"A banca baseia-se exclusivamente nos critérios fenotípicos (características físicas visíveis do candidato, tais como traços faciais, cabelo e cor da pele).","A banca utiliza os seguintes critérios para avaliar o candidato:  1. Cota 6: Pessoa com Deficiência (PcD) que tenha cursado integralmente o Ensino Fundamental (Cursos Técnicos) ou Ensino Médio (Cursos de Graduação) em escola pública, autodeclarada/autodeclarado negra/negro (preta/preto, parda/pardo)",0.033,14.904,2228,457,0.7142857142857143,0.9663466463115836,0.0,0.0,0.21297697140667998
smollm2,smollm2:1.7b,Posso levar fotos ou a minha certidão de nascimento para provar minha ascendência?,"Não. Fotos antigas, documentos civis ou histórico de herança genética familiar de parentes não são considerados na avaliação da banca.","Não, você não pode levar fotos ou sua certidação de nascimento para provar sua descendência. Você precisa apresentar documentos que verificam a sua descendência legal e identidade.",0.037,8.077,2236,61,0.25,0.9814945958739771,0.9999999999,0.0,0.2261340731719379
smollm2,smollm2:1.7b,Menores de 18 anos precisam de alguma autorização para filmagem do processo?,"Sim. No ato de matrícula, candidatos menores de 18 anos devem apresentar a Autorização de Uso de Imagem (Anexo VIII/IX) devidamente assinada por seus pais ou responsáveis legais.","Não, menores de 18 anos não precisam de autorização para filmagens do processo.",0.032,7.359,2183,30,0.0,0.9955365951695748,0.9999999999,1.0,0.22474304557874825
smollm2,smollm2:1.7b,O que ocorre se eu for convocado e não comparecer à banca de heteroidentificação?,"O candidato ausente ou que não tiver sua autodeclaração validada pela banca perde a vaga da cota e é reclassificado para as vagas de Acesso Universal (Cota 1), caso possua classificação suficiente.","Se você for convocado e não comparecer à banca de heteroidentificação, a autorização para matrícula será negada. Você poderá entender o que isso significa em seguida.",0.032,7.661,2099,57,0.0,0.0,0.9999999999,0.0,0.2140047307545292
smollm2,smollm2:1.7b,Onde são publicadas as listas de classificados e chamadas para matrícula?,"Todas as listas, editais de resultados e convocações são divulgadas na internet, no site oficial de ingressos: ingresso.ifrs.edu.br.",As listas de classificados e chamadas para matrícula estão disponíveis no site ingresso.ifrs.edu.br.,0.032,7.285,2128,36,1.0,0.933014144509283,0.9999999999,1.0,0.6080050329482454
smollm2,smollm2:1.7b,"O que é e quem participa da ""Chamada Pública""?","A ""Chamada Pública"" é um chamamento eletrônico ou presencial realizado para preencher vagas que restaram sem matrícula após as etapas regulares, convocando candidatos suplentes por ordem de classificação.","A Chamada Pública é a última chamada para matrícula. Ela ocorre após a primeira chamada para o preenchimento das vagas que ainda não foram ocupadas. A Chamada Pública é realizada pelos cursos que houveram a Chamada Pública, e participarão todas/todos as/os candidatas/candidatos que ainda não foram c",0.032,9.925,2088,203,0.9,0.9164276973688584,0.9999999999,1.0,0.6015435577143196
smollm2,smollm2:1.7b,Ter o nome listado na Chamada Pública garante a vaga no curso?,Não. Estar na lista de convocados e enviar os documentos na Chamada Pública apenas gera expectativa de direito. O preenchimento ocorre estritamente pela ordem de classificação dos candidatos habilitados até o limite de vagas disponíveis.,"Não, a publicação do nome da/do candidata/candidato na Chamada Pública e o envio d a documentação não garantem à/ao candidata/candidato à vaga no curso e a efetivação da matrícula.",0.032,5.447,2112,69,1.0,0.9365405506382424,0.9999999999,1.0,0.7642578257950481
smollm2,smollm2:1.7b,Posso manter vínculos ativos de matrícula em mais de um curso de graduação?,Não. É expressamente proibido por lei federal que um estudante ocupe concomitantemente duas vagas de cursos de graduação em quaisquer instituições públicas de ensino superior do país.,"Não, a resposta não está no contexto fornecido. A resposta pode ser ""Não encontrei essa informação nos documentos.""",0.034,6.905,2009,42,0.0,0.0,0.9999999999,1.0,0.21203685898014688
smollm2,smollm2:1.7b,"O que acontece se eu for matriculado, mas faltar aos primeiros dias letivos?",O estudante regularmente matriculado que faltar aos primeiros dias letivos (conforme limite estipulado em edital) sem justificativa formal de ausência aceita pelo campus terá sua matrícula cancelada por abandono.,"Se você for matriculado, mas faltar aos primeiros dias letivos, sua vaga será cancelada. Você pode ver mais informações no Anexo XII do Edital.",0.032,7.644,2167,54,0.3333333333333333,1.0,0.9999999999,1.0,0.4431027892682347
smollm2,smollm2:1.7b,É obrigatório possuir conta no portal gov.br para se inscrever?,"Sim, o acesso ao sistema de inscrições exige uma conta ativa no portal gov.br.","Não, não é obrigatório possuir conta no Portal Gobernia. A resposta a essa pergunta está fornecida apenas como exemplo de respostas possíveis e não é sujeita às regras do Hugging Face's Assistant Platform.",0.032,7.702,2082,71,0.0,0.9413481775680653,0.9999999999,1.0,0.2133095816839258
smollm2,smollm2:1.7b,Qual nível de conta gov.br é exigido para a inscrição?,"Geralmente são aceitas contas níveis bronze, prata ou ouro para o acesso básico.","Para realizar a inscrição no portal gov.br, você precisa fornecer seu CPF ou Comprovante de Situação Cadastral emitido pela Receita Federal (https://servicos.receita.fazenda.gov.br/servicos/cpf/consultasituacao/consultapublica.asp).",0.032,7.094,2148,85,0.6666666666666666,0.902125043345356,0.0,0.0,0.2114427489451855
smollm2,smollm2:1.7b,Posso usar o CPF dos meus pais para fazer a minha inscrição?,"Não, a inscrição deve ser feita obrigatoriamente com o CPF do próprio candidato.","Não, você não pode usar o CPF dos seus pais para fazer sua inscrição. Você precisa informar o CPF da sua inscrição no Processo Seletivo 2026/1 do IFRS.",0.033,7.808,2164,63,0.5,0.937341716373505,0.9999999999,1.0,0.9645274462470859
smollm2,smollm2:1.7b,O que fazer se eu esquecer a senha da minha conta gov.br?,Você deve recuperar a senha diretamente na plataforma gov.br pelas opções de recuperação.,"Não foi encontrada informação sobre como ocorrer uma operação de recuperação de senha para a conta no portal gov.br. O processo de inscrição do IFRS pode ser realizado sem precisar da senha anterior, pois é necessário informar o CPF e nome completo do candidato/candidata na seção de inscrição. Se vo",0.032,8.932,2065,146,0.0,0.0,0.0,1.0,0.43348913169145864
smollm2,smollm2:1.7b,Candidatos estrangeiros podem participar do processo seletivo?,"Sim, desde que possuam a documentação legal exigida para permanência no Brasil.","Não, candidatos estrangeiros não podem participar do processo seletivo.",0.031,7.274,2200,23,0.0,1.0000000000000002,0.9999999999,1.0,0.21419071691553895
smollm2,smollm2:1.7b,Qual documento de identidade é aceito para candidatos estrangeiros?,O Registro Nacional de Estrangeiro (RNE) ou a Carteira de Registro Nacional Migratório (CRNM).,Carteira equivalente.,0.032,7.236,2281,7,0.0,0.0,0.9999999999,0.0,0.2105918298079602
smollm2,smollm2:1.7b,É permitido o uso de nome social durante o processo seletivo?,"Sim, candidatos travestis e transexuais podem solicitar o uso de nome social.",Não encontrei essa informação nos documentos.,0.031,6.446,2002,16,0.0,0.0,0.9999999999,1.0,0.20308388328429744
smollm2,smollm2:1.7b,Como solicito a inclusão do meu nome social no cadastro?,A solicitação deve ser feita durante o preenchimento do formulário de inscrição.,Não encontrei essa informação nos documentos.,0.033,4.405,2110,16,0.0,0.0,0.9999999999,1.0,0.2075923477762817
smollm2,smollm2:1.7b,O IFRS envia e-mails de confirmação após a conclusão da inscrição?,"Sim, o sistema envia confirmações automáticas para o e-mail cadastrado.",Não encontrei essa informação nos documentos.,0.033,6.918,2120,16,1.0,0.0,0.0,0.0,0.1987650931772184
smollm2,smollm2:1.7b,O que devo fazer se não receber o e-mail de confirmação?,Verifique a caixa de spam ou acesse o sistema para confirmar o status da inscrição.,"Não foi encontrado informação sobre a resposta à pergunta ""O que devo fazer se não receber o e-mail de confirmação?"" no contexto fornecido. Por isso, digo: Não encontrei essa informação nos documentos.",0.032,7.659,2050,73,1.0,0.0,0.0,0.0,0.20649528466529826
smollm2,smollm2:1.7b,Qual é a validade exigida para o documento de identidade (RG)?,O RG deve estar legível e permitir a identificação clara e atualizada do candidato.,(__) Documento onde conste o nº do CPF ou Comprovante de Situação Cadastral emitido pela Receita Federal (https://servicos.receita.fazenda.gov.br/servicos/cpf/consultasituacao/consultapublica.asp),0.033,8.198,2247,71,1.0,0.0,0.0,1.0,0.20647369610621685
smollm2,smollm2:1.7b,CNH (Carteira Nacional de Habilitação) é aceita como identificação?,"Sim, a CNH dentro da validade é um documento de identificação oficial aceito.",(__) Se candidata/candidato estrangeiro/estrangeira apresentar: o Registro Nacional de Estrangeiro (RNE); ou o Passaporte com visto de estudante; ou Outro documento que por previsão legal permita que o estrangeiro estude no Brasil.,0.032,5.7,2154,74,1.0,0.0,0.9999999999,1.0,0.21263275767335205
smollm2,smollm2:1.7b,Posso usar a certidão de nascimento no lugar do RG para a matrícula?,"Não, a certidão de nascimento não substitui o documento de identidade com foto.","Não, você não pode usar a Certidão de Nascimento no lugar do RG para a matrícula. A Certidães de Nascimento são apenas documentos que identificam o nascimento de uma pessoa e não são documentos legalmente reconhecidos como identificadores da pessoa, talvez sejam documentos equivalentes. Para a matrí",0.032,9.24,2113,154,0.3333333333333333,0.9790969299490343,0.9999999999,1.0,0.6448765550455811
smollm2,smollm2:1.7b,Documentos digitais oficiais (como e-Título) são válidos no processo?,"Sim, documentos digitais oficiais com QR Code de validação normalmente são aceitos.","Não encontrei essa informação nos documentos. 6.8 A/O candidata/candidato poderá ser convocado para a apresentação e conferência dos documentos originais enviados eletronicamente, a qualquer tempo, caso haja necessidade. 6.9 A/O candidata/candidato convocada/convocado que não apresentar a documentaç",0.032,24.608,2168,1024,0.9523809523809523,0.0,0.0,0.0,0.20443527362871244
smollm2,smollm2:1.7b,Cópias autenticadas em cartório substituem o envio online dos originais?,"Não, o envio deve ser feito digitalizando os documentos originais diretamente no sistema.","Não, a cópia autenticada no cartório substitui o envio online do original. O processo de inscrição é realizado pela receita fazenda, e as documentações são enviadas para a receita fazenda em formatos legíveis. As cópias autenticadas no cartório substituem o envio online dos originais apenas quando f",0.037,9.56,2276,135,0.0,0.95657467730398,0.0,0.0,0.21681046912717372
smollm2,smollm2:1.7b,Preciso enviar fotos 3x4 no momento da pré-matrícula?,A necessidade de foto 3x4 depende das orientações específicas do edital de matrícula.,"Não, você não precisa enviar fotos 3x4 no momento da pré-matrícula. A documentação de matrícula pode ser enviada após o acesso com seu login e senha do gov.br.",0.033,8.188,2247,66,0.0,1.0000000000000002,0.9999999999,0.0,0.2152577264199145
smollm2,smollm2:1.7b,Existe limite de idade máximo para ingressar nos cursos subsequentes?,Não há limite máximo de idade para ingressar nos cursos técnicos subsequentes.,"Não, não há um limite de idade máximo para ingressar nos cursos subsequentes. Você pode se inscrever em vários cursos Concomitantes ou Subsequente a partir de 18 anos (dezoito).",0.032,7.31,2022,65,0.0,0.9398767040417165,0.9999999999,1.0,0.5895714200073718
smollm2,smollm2:1.7b,Existe idade mínima para os cursos superiores de graduação?,"Não há limite de idade, mas é necessário ter concluído o Ensino Médio.","Não, não há uma idade mínima para inscrições em cursos superiores de graduação. As vagas podem ser inscritas por pessoas de qualquer idade, conforme a classificação dos cursos específicos e conforme as regras do processo seletivo.",0.032,6.202,1920,81,0.5,0.989171835041368,0.9999999999,0.0,0.641347705945638
smollm2,smollm2:1.7b,O que é o período de interposição de recursos?,É o prazo oficial para contestar resultados preliminares ou decisões do processo.,"O período de interposição de recursos é uma etapa do processo seletivo para ingressos no IFRS, que pode ser realizada entre a data limite de pagamento da taxa de inscrição e o resultado das comissões de heteroidentificação. Neste período, os candidatos podem solicitar revisão ou questionamento sobre",0.032,12.256,2330,283,0.75,0.9148727370132561,0.9999999999,1.0,0.5424809870180638
smollm2,smollm2:1.7b,Como devo enviar um recurso contra o resultado preliminar?,Os recursos devem ser submetidos exclusivamente pelo sistema eletrônico de ingresso.,"Não há documentos que você deve enviarmos contra o resultado preliminar da matrícula. O processo seletivo para a matrícula em Primeira Chamada é realizado pelo sistema de Pré-Matrícula, e ele apresenta um resultado preliminar que compara as documentações enviadas pelos candidatos/candidatas. Se o se",0.03,9.552,2227,147,nan,0.0,0.9999999999,1.0,0.1957185166369016
smollm2,smollm2:1.7b,Posso enviar recursos por e-mail diretamente ao campus?,"Não, recursos enviados por e-mail fora do sistema oficial não são analisados.","Não é possível enviar recursos por e-mail diretamente ao campus. As solicitações de atendimento especial precisam ser feitas no site ingresso.ifrs.edu.br, conforme os itens 8.1.1 e 8.2 do edital.",0.032,7.741,2038,76,0.3333333333333333,0.8253042880853115,0.9999999999,0.0,0.713568367793529
smollm2,smollm2:1.7b,Qual é o prazo padrão para análise e resposta dos recursos?,O prazo exato de resposta está previsto no cronograma oficial do edital.,"O prazo padrão para análise e resposta dos recursos está disponível no link do sistema de Pré-visões, que será disponibilizado no site ingresso.ifrs.edu.br. A publicação é realizada no dia 13/11/2025 e o horário de análise e resposta dos recursos pode variar entre 14 a 17/02/2026, dependendo do núme",0.032,9.925,2388,135,0.0,0.0,0.9999999999,1.0,0.21001779221934755
smollm2,smollm2:1.7b,"Se meu recurso for negado, posso recorrer novamente?","Não, a decisão após a análise do recurso é definitiva na esfera administrativa.",Não encontrei essa informação nos documentos.,0.032,7.053,2169,16,0.0,0.0,0.0,0.0,0.20549902788824398
smollm2,smollm2:1.7b,Candidatos de outras cidades podem concorrer às vagas de Ibirubá?,"Sim, o processo seletivo é aberto a candidatos de qualquer município do país.",Não encontrei essa informação nos documentos.,0.033,7.152,2195,16,1.0,0.0,0.0,0.0,0.20343236898896133
smollm2,smollm2:1.7b,Há alojamento ou moradia estudantil oferecida pelo campus?,"Não, o IFRS Campus Ibirubá não possui alojamento ou moradia estudantil própria.",Não encontrei essa informação nos documentos.,0.032,6.457,2001,16,1.0,0.0,0.0,0.0,0.505974072397778
smollm2,smollm2:1.7b,O campus oferece auxílio estudantil ou bolsas de permanência?,"Sim, o IFRS possui programas de auxílio baseados em critérios socioeconômicos.",Não encontrei essa informação nos documentos.,0.032,6.465,2011,16,1.0,0.0,0.0,0.0,0.20830290869104445
smollm2,smollm2:1.7b,Quando abrem os editais para solicitação de auxílio estudantil?,Os editais de assistência abrem após o início do semestre letivo.,Não encontrei essa informação nos documentos.,0.032,6.734,2049,16,1.0,0.0,0.0,0.0,0.20504746967861012
smollm2,smollm2:1.7b,Posso aproveitar disciplinas já cursadas em outra instituição?,"Sim, após a matrícula você pode solicitar aproveitamento mediante análise.","Não, nem em uma instituição pública ou privada com bolsa de estudo Prouni.",0.031,6.919,2036,32,0.6666666666666666,0.8507688848041465,0.0,0.0,0.21166032337331867
smollm2,smollm2:1.7b,Como solicito o aproveitamento de estudos após a matrícula?,A solicitação é feita na secretaria com o histórico e ementas das disciplinas.,"Após a matrícula, você pode solicitar o aproveitamento de seus estudos através do sistema de Matrícula. Para isso, clique no botão ""Pré-Matrícula"" na tela inicial da Matrícula e selecione a opção ""Solicitar Aproveitamento"". Depois, preencha os campos correspondente com as informações sobre o que voc",0.031,9.777,2070,198,0.0,0.9567384741567333,0.0,0.0,0.19482176303536064
smollm2,smollm2:1.7b,A documentação de matrícula pode ser entregue presencialmente?,"Não, o envio da documentação de pré-matrícula ocorre de forma totalmente eletrônica.","Não, a documentação de matrícula não pode ser entregue presencialmente.",0.032,7.176,2148,27,0.0,1.0,0.0,0.0,0.725907478196048
smollm2,smollm2:1.7b,Qual o formato de arquivo exigido para o envio dos documentos?,"Os documentos geralmente devem ser anexados em formato PDF, JPG ou PNG.","O formato de arquivo exigido para o envio dos documentos é legível. Isso significa que os documentos devem estar em formatos legíveis, como PDF, DOCX ou TXT, e não podem ter estragos ou rasuras. Não se pode utilizar cópias de documentos ou protocolos de documentos.",0.033,6.992,2108,91,0.5555555555555556,0.9453848808167704,0.0,0.0,0.21646605364983687
smollm2,smollm2:1.7b,Qual o tamanho máximo permitido para os arquivos anexados no sistema?,O limite de tamanho por arquivo é estipulado pelo sistema de envio.,"Não encontrei essa informação nos documentos. 6.10 Comprovada inexatidão, irregularidades ou falsidade nas declarações ou documentos eletrônicos enviados em qualquer fase do processo, a/o candidata/candidato estará sujeito ao cancelamento da matrícula e a responder por falsidade ideológica, de acord",0.032,8.705,2102,119,0.6666666666666666,0.0,0.0,0.0,0.2014145712558099
smollm2,smollm2:1.7b,O que faço se o sistema de inscrições apresentar instabilidade?,"Tente acessar em outro navegador, limpe o cache ou aguarde a normalização.","Se o sistema de inscrições apresentar instabilidade, você poderá ser cancelada da matrícula e responder por falsidade ideológica. Para mais informações sobre a instabilidade do sistema de inscrições, consulte o artigo 299 do Código Penal.",0.033,6.575,2019,88,0.0,0.9602260527465184,0.0,0.0,0.20455954948305327
smollm2,smollm2:1.7b,É possível trancar a matrícula logo no primeiro semestre?,"Geralmente o trancamento no primeiro semestre não é permitido, salvo exceções legais.","Não é possível trancar a matrícula logo no primeiro semestre. A matrícula pode ser realizada apenas dentro do período de 29/01/2026 a 30/05/2026, conforme estipulado na seção 15.8 da documentação.",0.032,8.129,2122,86,0.0,0.9965417351496132,0.0,0.0,0.2250622912541425
smollm2,smollm2:1.7b,Cursos técnicos subsequentes exigem estágio obrigatório para conclusão?,"Sim, a maioria dos cursos exige o cumprimento de estágio curricular obrigatório.",Não encontrei essa informação nos documentos.,0.032,6.176,1931,16,0.0,0.0,0.9999999999,1.0,0.19664725473384176
smollm2,smollm2:1.7b,Os cursos de graduação do campus exigem Trabalho de Conclusão de Curso?,"Sim, o TCC é um componente curricular obrigatório para formatura nas graduações.","Não, os cursos de graduação do campus exigem trabalho de conclusão de curso.",0.034,6.484,1946,27,0.0,0.9845971903316949,0.0,0.0,0.21833262839701248
smollm2,smollm2:1.7b,Posso transferir meu curso para outro campus do IFRS futuramente?,"Sim, mediante editais internos de transferência e caso haja vaga disponível.",Não é possível realizar a inscrição por pessoa em mais de um curso Concomitante/Subsequente. 6.15. Não será permitida a inscrição por pessoa em mais de um curso Concomitante/Subsequente.,0.032,7.638,2045,72,1.0,0.8566261498343026,0.0,0.0,0.20552600887092784
smollm2,smollm2:1.7b,A matrícula deve ser renovada a cada novo semestre?,"Sim, a rematrícula é obrigatória a cada semestre para manter o vínculo.","Não, a matrícula não deve ser renovada a cada novo semestre. Para verificar se você está em uma cota válida e saber quais as vagas disponíveis, você precisa enviar o documento completo (1º grau) e estar cursando o 1º ano do Ensino Médio (2º grau) até 29 de maio de 2026.",0.031,7.082,2041,111,0.25,0.9945772071786351,0.0,0.0,0.2130656633035903
smollm2,smollm2:1.7b,O que ocorre se eu não renovar a matrícula no prazo estipulado?,O estudante perde o vínculo e tem a sua matrícula cancelada por abandono.,"Se a/o candidata/candidato não renove a matrícula no prazo estipulado, a/o mesmo será cancelada. Caso tenha pagar o pagamento da taxa de inscrição cancelada, a/o candidata/candidato deverá pagar a taxa da nova inscrição. Se for solicitado uma complementação de documento(s), a/o mesmo deverá se infor",0.032,14.421,2156,452,0.2857142857142857,0.0,0.9999999999,1.0,0.5075758874683547
smollm2,smollm2:1.7b,Como funciona a reclassificação de vagas não preenchidas?,As vagas são repassadas aos próximos da lista de espera por ordem de classificação.,"Como funciona a reclassificação de vagas não preenchidas, ela é realizada conforme a sequência abaixo até serem preenchidas todas as vagas disponíveis. A reclassificação é realizada em casos em que há mais vagas destinadas à uma cota que candidatas/candidatos inscritos nesta cota, conforme a sequênc",0.037,9.941,2002,220,1.0,0.9574485093940655,0.9999999999,1.0,0.20762831090221012
smollm2,smollm2:1.7b,Candidatos que zeraram a redação do Enem podem usar a nota?,"Não, zerar qualquer prova ou a redação desclassifica o candidato pelo Enem.","Não, os candidatos que zeraram a redação do ENEM não podem usar a nota para fins de classificação. A nota será utilizada somente para fins de classificação em item 1.12 do Edital.",0.033,7.568,2069,63,0.5,0.9667642956143998,0.9999999999,1.0,0.6009297779297659
smollm2,smollm2:1.7b,Qual o critério de desempate caso dois candidatos tenham a mesma nota?,Os critérios de desempate geralmente priorizam candidatos de maior idade.,"Nesse contexto, o critério de desempate para os cursos técnicos é que, quando há um empatamento na nota entre duas/vinte (doze) candidatas/candidatos inscritos, será considerado a situação da mais velha ou do maior rendimento familiar.",0.032,8.097,2139,82,0.5,0.9381665682474528,0.9999999999,1.0,0.5259737193815168
smollm2,smollm2:1.7b,Pessoas trans devem passar por banca de heteroidentificação?,"Não, a banca avalia apenas quem concorre nas cotas raciais para pretos e pardos.","Não, pessoas trans não precisam passar pela banca de heteroidentificação. A autodeclaração racial será realizada pela Comissão de Heteroidentificação e é uma procedimento específico para pessoas travestis, transexuais, gays, bissexuais e lésbicas.",0.031,7.241,1860,92,0.14285714285714285,0.9962276753846444,0.9999999999,1.0,0.6423468235880413
smollm2,smollm2:1.7b,A renda per capita é calculada com base no salário bruto ou líquido?,A renda familiar per capita é calculada com base na renda bruta mensal.,A renda per capita é calculada com base no salário bruto.,0.033,5.28,1656,18,0.0,0.0,0.9999999999,1.0,0.985625864916833
smollm2,smollm2:1.7b,Estágio remunerado conta na composição da renda familiar para cotas?,"Sim, valores recebidos como bolsa de estágio entram no cômputo da renda familiar.","Não, não está garantido que o estágio remunerado seja contabilizado na renda familiar para as cotas. As informações sobre a renda familiar são apenas para as vagas reservadas para pessoas com deficiência, indígenas e quilombolas (PPIQ).",0.033,7.57,2029,83,0.0,0.0,0.0,0.0,0.2251399260918504
smollm2,smollm2:1.7b,Membros da família que moram em outra casa entram no cálculo de renda?,"Não, apenas pessoas que residem sob o mesmo teto e compartilham rendas entram no cálculo.","Não, a resposta não está no contexto fornecido. A pergunta se refere à comprovação de ter estudado em escola pública seria realizada pelo envio do Histórico Escolar: 9.2.1 Do Ensino Fundamental para os cursos EJA, Concomitantes , Subsequentes e Concomitantes/Subsequentes; e 9.2.2 Do Ensino Médio par",0.033,9.948,2249,170,0.5,0.0,0.0,0.0,0.21043399653943992
smollm2,smollm2:1.7b,Posso alterar o e-mail cadastrado após finalizar a inscrição?,A alteração deve ser feita no sistema durante o período permitido pelo edital.,"Não, nem em qualquer curso Integrado, EJA, Concomitante, Subsequente ou Graduação. Se precisar de alterar o e-mail cadastrado, você precisa cancelar a inscrição e realizar uma nova no mesmo período para inscrição.",0.033,7.791,2036,79,0.0,0.0,0.0,0.0,0.19965153168020358
smollm2,smollm2:1.7b,É obrigatório apresentar título de eleitor na matrícula?,"Sim, a certidão de quitação eleitoral é exigida para a matrícula de maiores de 18 anos.","Não, não é obrigatório apresentar o título de eleitor na matrícula. A inscrição é baseada nas informações do cadastro da/do candidata/candidato no Cadastro de Pessoa Física (CPF) e não está relacionado ao título de eleitor.",0.031,7.928,2076,85,0.25,0.9981661535599708,0.0,0.0,0.7214246733866179
smollm2,smollm2:1.7b,Homens maiores de 18 anos precisam de comprovante militar?,"Sim, a regularidade militar é obrigatória para candidatos homens maiores de 18 anos.",Não encontrei essa informação nos documentos.,0.032,6.956,2099,16,0.0,0.0,0.9999999999,1.0,0.2017848124530575
smollm2,smollm2:1.7b,Onde encontro o cronograma completo com todas as datas do edital?,O cronograma completo está disponível nos anexos do edital no site de ingresso do IFRS.,Não encontrei essa informação nos documentos.,0.032,7.777,2367,16,0.0,0.0,0.9999999999,0.0,0.20398517005601144
