branch,modelo,pergunta,resposta_esperada,resposta_gerada,tempo_retrieval_s,tempo_llm_s,tokens_entrada,tokens_saida,faithfulness,answer_relevancy,context_precision,context_recall,answer_correctness
llama3,llama3,Quais são os cursos técnicos integrados ao Ensino Médio ofertados no Campus Ibirubá?,"Os cursos técnicos integrados ao Ensino Médio ofertados no campus são o Técnico em Agropecuária, Técnico em Informática e Técnico em Mecânica.","Técnico em Agropecuária (Manhã e Tarde) e Técnico em Mecânica (Noite), Técnico em Eletrotécnica (Noite).",30.354,24.022,1710,47,1.0,0.0,0.0,0.0,0.5998238776460014
llama3,llama3,Quais são os turnos de funcionamento dos cursos técnicos integrados?,"O funcionamento dos cursos técnicos integrados ocorre nos turnos da manhã e da tarde (turno integral), com duração prevista de 3 anos.","A resposta está presente nos documentos. De acordo com a tabela, os turnos de funcionamento dos cursos técnicos integrados ao ensino médio são:  * Técnico em Fabricação Mecânica: Manhã e Tarde * Técnico em Plásticos: Manhã e Tarde * Técnico em Química: Manhã e Tarde * Técnico em Administração: Manhã",0.077,26.413,1630,194,1.0,0.970514169542558,0.9999999999,0.0,0.3694531535776681
llama3,llama3,Quais são os cursos técnicos subsequentes ao Ensino Médio disponíveis no Campus Ibirubá?,"Na modalidade subsequente, estão disponíveis os cursos de Técnico em Eletrotécnica e Técnico em Mecânica.",Os cursos técnicos subsequentes ao Ensino Médio disponíveis no Campus Ibirubá são:  * Técnico em Agropecuária (Manhã e Tarde) * Técnico em Eletrotécnica (Noite) * Técnico em Mecânica (Noite)  Essas informações estão presentes na tabela fornecida.,0.042,23.203,1709,82,0.75,0.9999999999999999,0.9999999999,1.0,0.5966005954449876
llama3,llama3,Em qual turno ocorrem as aulas dos cursos subsequentes?,"As aulas dos cursos técnicos subsequentes acontecem no turno da noite, com duração de 4 semestres.","Em função do contexto fornecido, posso responder que:  * O curso Técnico em Cuidados de Idosos é oferecido no turno Noite. * O curso Técnico em Tradução e Interpretação de Libras é oferecido no turno Noite. * O curso Técnico em Modelagem do Vestuário é oferecido no turno Noite. * O curso Técnico em ",0.036,31.555,1616,318,1.0,0.9209994090433208,0.9999999999,0.0,0.3845557701157265
llama3,llama3,Quais são os cursos superiores de graduação ofertados no Campus Ibirubá?,"O campus oferece os seguintes cursos superiores de graduação: Bacharelado em Agronomia, Bacharelado em Engenharia Mecânica, Bacharelado em Ciência da Computação e Licenciatura em Matemática.",A descrição da tabela encontra-se ao final da mesma.,0.039,21.04,1710,14,1.0,0.0,0.9999999999,1.0,0.20280933753398558
llama3,llama3,Qual é a duração e os turnos dos cursos de Agronomia e Engenharia Mecânica no campus?,"O curso de Agronomia ocorre nos turnos da manhã e da tarde com duração de 10 semestres. O curso de Engenharia Mecânica é ofertado no turno da noite, também com duração de 10 semestres.",Não encontrei essa informação nos documentos.,0.038,20.576,1689,11,0.0,0.0,0.0,0.5,0.19030171219474346
llama3,llama3,Qual é a duração e os turnos de Ciência da Computação e Licenciatura em Matemática?,"O curso de Ciência da Computação ocorre à noite com duração de 9 semestres, enquanto a Licenciatura em Matemática também acontece no turno da noite com duração de 8 semestres.",Não encontrei essa informação nos documentos.,0.037,20.57,1693,11,0.5,0.0,0.0,0.5,0.1976044592026734
llama3,llama3,Os cursos ofertados pelo IFRS Campus Ibirubá são pagos?,"Não. Todos os cursos oferecidos no IFRS são 100% gratuitos, não havendo cobrança de mensalidades ou taxas de matrícula.",Não encontrei essa informação nos documentos.,0.04,19.411,1605,11,0.0,0.0,0.9999999999,0.0,0.19389813443364445
llama3,llama3,Qual o valor da taxa de inscrição para os cursos técnicos integrados?,"A taxa de inscrição para os cursos técnicos na modalidade integrada é de R$ 60,00.",Não encontrei essa informação nos documentos.,0.037,19.334,1578,11,0.0,0.0,0.9999999999,0.0,0.20432382144666433
llama3,llama3,Quanto custa a inscrição para os cursos técnicos subsequentes?,"O custo é de R$ 20,00.",Não encontrei essa informação nos documentos.,0.036,19.319,1559,11,0.0,0.0,0.0,0.0,0.20454030250601962
llama3,llama3,Qual é o custo da inscrição para concorrer a uma vaga em curso de graduação?,"Se o candidato optar por concorrer via Exame de Seleção (prova), a taxa é de R$ 80,00. Caso a opção seja via nota do ENEM, a taxa é de R$ 20,00.","R$ 100,00.",0.037,18.316,1519,8,1.0,0.8084389351434322,0.0,0.0,0.21482721350008316
llama3,llama3,Como deve ser efetuado o pagamento da taxa de inscrição?,"O pagamento deve ser realizado por meio de boleto bancário gerado ao final da inscrição, pagável na rede bancária ou via internet banking.",A taxa de inscrição pode ser realizada das 14h do dia 05 de setembro de 2025 às 23h59min do dia 22 de setembro de 2025. Não será possível realizar o pagamento da taxa de inscrição após o prazo.,0.04,21.274,1551,61,0.5,0.9187893466070608,0.9999999999,1.0,0.21344769812924846
llama3,llama3,Até quando posso pagar a taxa de inscrição?,O boleto deve ser pago impreterivelmente até o prazo limite definido no cronograma oficial do edital correspondente.,"Até o dia 13 de outubro de 2025, é possível realizar o pagamento da taxa de inscrição. Não será possível realizar o pagamento da taxa de inscrição após o prazo.",0.037,17.069,1556,45,1.0,0.9711141298471034,0.9999999999,1.0,0.21187706874724724
llama3,llama3,Posso modificar os dados da minha inscrição (como a opção de curso ou campus) após concluí-la?,"Sim, no entanto, após a finalização da inscrição, qualquer alteração exige que o candidato realize uma nova inscrição dentro do prazo regulamentar para que os novos dados sejam computados.",Não encontrei essa informação nos documentos.,0.037,18.562,1517,11,0.0,0.0,0.9999999999,1.0,0.2042637652842807
llama3,llama3,É possível me inscrever em mais de um curso no mesmo edital do IFRS?,Não. É permitido realizar apenas uma única inscrição por candidato em cada edital.,"Sim, é possível se inscrever em mais de um curso no mesmo edital do IFRS, desde que seja para cursos diferentes. Segundo o item 6.11 a 6.16, não será permitida a inscrição por pessoa em mais de um curso da mesma modalidade (EJA, Concomitante, Subsequente, Graduação).",0.038,22.147,1572,79,0.5,0.9891959833746516,0.9999999999,1.0,0.22341793382375935
llama3,llama3,Há devolução do valor pago na taxa de inscrição se eu desistir de participar?,"Não. O valor pago na taxa de inscrição não é reembolsável sob nenhuma circunstância, exceto se houver cancelamento do certame por parte do IFRS.","Sim, há devolução do valor pago da taxa de inscrição se o Processo Seletivo for cancelado ou para as/os candidatas/candidatos inscritos em algum curso que seja cancelada a oferta. (Ver item 6.9)",0.038,21.272,1575,56,1.0,0.9404758984653694,0.9999999999,1.0,0.22992768551349219
llama3,llama3,Quem tem direito a solicitar a isenção do pagamento da taxa de inscrição?,"Têm direito à isenção os candidatos com renda familiar bruta mensal de até 1 salário mínimo per capita (R$ 1.412,00) que estejam regularmente registrados no CadÚnico como baixa renda.","Poderão solicitar isenção da taxa de inscrição pessoas cadastradas no CadÚnico como pertencente a família de baixa renda. Família de baixa renda é a que recebe até 1 salário mínimo por pessoa (R$ 1.518,00) por mês. Além disso, o cadastro da família no CadÚnico precisa estar atualizado nos últimos 2 ",0.037,21.836,1521,94,1.0,0.9219855810117864,0.9999999999,0.0,0.5649836307520603
llama3,llama3,O cadastro do CadÚnico precisa ter alguma atualização recente?,Sim. O cadastro do candidato no CadÚnico deve estar obrigatoriamente atualizado nos últimos 2 anos.,"Sim, segundo os documentos fornecidos, o cadastro do CadÚnico precisa estar atualizado nos últimos 2 anos (ver item 7.8 e 9.3).",0.037,22.254,1722,40,1.0,0.9500622311284532,0.9999999999,1.0,0.9869847863364868
llama3,llama3,Onde realizo a solicitação de isenção de taxa?,"A solicitação deve ser realizada exclusivamente via internet, na página de ingressos do IFRS (ingresso.ifrs.edu.br).","A pessoa que deseja realizar a solicitação de isenção da taxa de inscrição pode acessar o endereço https://cadunico.dataprev.gov.br e clicar no botão onde diz: “Entrar com o gov.br”. Após realizar o login (acesso), utilizar a opção “Consulta ao Formulário” para gerar o Extrato de Consulta Completa e",0.038,22.942,1479,124,1.0,0.9160251778238102,0.9999999999,1.0,0.5589586890906105
llama3,llama3,A isenção pode ser solicitada por mais de um membro do mesmo núcleo familiar?,"Sim. A isenção é um benefício de caráter estritamente individual, e cada integrante da mesma família que deseja concorrer deve fazer a sua própria solicitação.","Sim, a resposta está no contexto. Segundo o item 2.1 e 3.6, ""Se mais de uma pessoa de uma mesma família fizer a inscrição no processo seletivo, cada uma deverá solicitar o não pagamento da taxa de inscrição.""",0.041,20.528,1486,62,0.5,0.8951121605748219,0.9999999999,1.0,0.725850006921027
llama3,llama3,"Se minha isenção de taxa for aprovada (deferida), já estou inscrito no Processo Seletivo?","Não. O candidato que teve a isenção aceita deve, obrigatoriamente, entrar no sistema e realizar a inscrição no curso desejado para gerar o comprovante de isento.","Sim, se sua solicitação de isenção da taxa de inscrição for aprovada (deferida), você já está inscrito no Processo Seletivo.",0.036,19.748,1539,38,0.0,0.9608615341393196,0.9999999999,1.0,0.2247507229754892
llama3,llama3,O IFRS pode solicitar documentos de comprovação de renda para quem foi isento?,"Sim. O IFRS pode conferir e auditar as informações prestadas, e o candidato que prestar declarações falsas está sujeito a responder legalmente e ser eliminado do processo.",Não encontrei essa informação nos documentos.,0.037,18.531,1499,11,1.0,0.0,0.9999999999,1.0,0.19584245625632093
llama3,llama3,Qual o sistema utilizado para o ingresso nos cursos técnicos integrados de Ibirubá?,O sistema de ingresso para os cursos técnicos integrados em Ibirubá é realizado por meio de Exame de Seleção (prova objetiva presencial).,Não encontrei essa informação nos documentos.,0.038,21.121,1725,11,0.0,0.0,0.9999999999,1.0,0.2012983412280953
llama3,llama3,Como são distribuídas as vagas para os cursos técnicos subsequentes de Ibirubá?,As vagas da modalidade subsequente são preenchidas por meio de Sorteio Público ou classificação pela nota do ENEM.,"As vagas para os cursos técnicos subsequentes de Ibirubá estão distribuídas da seguinte forma:  * Técnico em Mecânica: 30 vagas, com 1 vaga reservada para ensino público e renda igual ou inferior a 1 salário mínimo. * Técnico em Eletrotécnica: 30 vagas, com 1 vaga reservada para ensino público e ren",0.041,25.734,1745,120,0.5714285714285714,0.9331209124250816,0.9999999999,1.0,0.19940906634843203
llama3,llama3,Quais os meios para ingressar em um curso de graduação superior em Ibirubá?,Os ingressos para os cursos superiores de graduação em Ibirubá ocorrem via Exame de Seleção (prova com redação) ou utilizando a nota do ENEM.,Não encontrei essa informação nos documentos.,0.037,20.543,1680,11,0.0,0.0,0.9999999999,1.0,0.2016859459805803
llama3,llama3,"Se eu escolher o ENEM para a graduação, posso usar notas de ""treineiro""?","Não. As notas do ENEM obtidas na condição de ""treineiro"" não são validadas para a classificação de vagas.",Não encontrei essa informação nos documentos.,0.04,19.487,1570,11,0.0,0.0,0.9999999999,1.0,0.2014276403926601
llama3,llama3,O que fazer se eu precisar de acessibilidade ou condições especiais no dia da prova?,O candidato deve indicar sua necessidade no Formulário de Solicitação de Condição Especial (Anexo II/IV/V) disponível no sistema no momento da inscrição.,"De acordo com o contexto fornecido, se você precisar de acessibilidade ou condições especiais no dia da prova, você pode solicitar atendimento especial mediante parecer de profissional da área da saúde. Além disso, é necessário apresentar atestado médico no campus.",0.04,21.312,1583,61,0.3333333333333333,0.9643195760615154,0.9999999999,0.0,0.20932575472532844
llama3,llama3,Quais apoios especiais podem ser solicitados para o dia da avaliação?,"Podem ser solicitados auxílios como tempo adicional de prova, apoio de ledores ou transcritores, salas de fácil acesso e atendimento específico para lactantes.","Aqui estão os apoios especiais que podem ser solicitados para o dia da avaliação, listados no contexto:  * Acesso facilitado em função de dificuldade de locomoção ou uso de cadeira de roda. * Mesa adequada a uma cadeira de rodas. * Cadeira e mesa adequadas à minha estatura ou amputação. * Realização",0.036,33.54,1630,356,1.0,0.9934098778836188,0.9999999999,1.0,0.47858211467862466
llama3,llama3,Quantas vagas são destinadas à reserva de vagas para escolas públicas?,Pelo menos 50% das vagas totais de cada curso são reservadas exclusivamente para estudantes egressos de escolas públicas.,"Segundo o contexto, as vagas reservadas para estudantes de escola pública serão divididas em:  * C9 – estudante de escola pública; * C5 – estudante de escola pública e de baixa renda; * C7 – estudante de escola pública e autodeclarado preto, pardo, indígena ou quilombola; * C8 – estudante de escola ",0.036,30.022,1714,243,0.9,0.0,0.9999999999,0.0,0.43238800875752215
llama3,llama3,O que define se posso concorrer como egresso de escola pública?,É elegível o candidato que comprovar ter cursado integralmente todo o Ensino Fundamental (para cursos técnicos) ou todo o Ensino Médio (para cursos superiores) em instituições públicas de ensino.,"Segundo o contexto fornecido, para concorrer como egresso de escola pública, é necessário ter cursado integralmente o Ensino Médio em escola pública. Além disso, há algumas condições específicas para as categorias C4, C5, C6, C7 e C8, que envolvem renda familiar bruta per capita igual ou inferior a ",0.039,22.096,1513,104,1.0,0.9367568120966187,0.9999999999,1.0,0.42811426948175546
llama3,llama3,"Se estudei com bolsa integral em escola particular, posso concorrer às vagas reservadas?","Não. Quem estudou em escola particular, mesmo que sob a condição de bolsista integral, não possui o direito de concorrer às cotas destinadas a escolas públicas.",Não encontrei essa informação nos documentos.,0.064,19.7,1625,11,0.0,0.0,0.9999999999,1.0,0.20039079969834275
llama3,llama3,Como funciona a comprovação de renda para as cotas destinadas à baixa renda?,"A comprovação de renda é baseada nos dados do candidato cadastrados no CadÚnico, exigindo-se a apresentação do Extrato de Consulta Completa.","A comprovação de renda para as cotas destinadas à baixa renda é feita por meio da apresentação dos documentos de renda, como mencionado na tabela de documentação exigida para matrícula em cotas.",0.036,22.063,1677,54,0.5,0.9879918006053366,0.0,0.0,0.2204404956591282
llama3,llama3,"O que são as vagas destinadas ao grupo PPIQ (Pretos, Pardos, Indígenas e Quilombolas)?","São as cotas voltadas para candidatos egressos de escola pública que se autodeclarem Pretos, Pardos, Indígenas ou Quilombolas.","As vagas destinadas ao grupo PPIQ (Pretos, Pardos, Indígenas e Quilombolas) são as seguintes:  * Cota 2: Pessoa com Deficiência (PcD) que tenha cursado integralmente o Ensino Fundamental (Cursos Técnicos) ou Ensino Médio (Cursos de Graduação) em escola pública, autodeclarada/autodeclarado negra/negr",0.037,35.007,1718,362,nan,0.9139697828254104,0.9999999999,1.0,0.6387551252699222
llama3,llama3,Quem pode concorrer na Cota 10 (destinada a Pessoas com Deficiência - PcD)?,"A Cota 10 (C10) é reservada exclusivamente para Pessoas com Deficiência (PcD), independentemente de renda ou de terem estudado em escola pública.","Não encontrei essa informação nos documentos. A Cota 10 não está relacionada às pessoas com deficiência, portanto, não há informações sobre quem pode concorrer nessa cota específica.",0.036,23.225,1780,46,0.0,0.0,0.9999999999,0.0,0.22296332927084125
llama3,llama3,O que acontece se as vagas PcD não forem preenchidas por falta de candidatos?,"As vagas reservadas a PcD que não forem preenchidas por falta de candidatos são remanejadas para outras cotas ou destinadas ao Acesso Universal (Cota 1), dependendo da ordem descrita no edital.",Não encontrei essa informação nos documentos.,0.038,20.58,1693,11,1.0,0.0,0.0,0.0,0.19965254578362418
llama3,llama3,O que o candidato aprovado por cota de escola pública precisa assinar na matrícula?,O candidato aprovado por cota de escola pública deve assinar eletronicamente a Declaração de Não Ter Estudado em Escolas Particulares.,Não encontrei essa informação nos documentos.,0.037,20.01,1646,11,1.0,0.0,0.0,0.0,0.2022389761010152
llama3,llama3,Quais documentos específicos devem ser enviados por candidatos indígenas aprovados?,É necessário anexar a Autodeclaração de membro de Comunidade Indígena (Anexo VII/IX) junto ao RANI ou à Declaração de Membro assinada por liderança da comunidade indígena (Anexo VIII/X).,"Para candidatos indígenas, os documentos específicos que devem ser enviados são:  * Autodeclaração de membro de Comunidade indígena (Anexo VII); * Registro Administrativo de Nascimento de Indígena (RANI); ou * Declaração de Membro de Comunidade Indígena pela Liderança Indígena (PPI).  Esses document",0.036,25.054,1730,114,0.75,0.9844141261688675,0.9999999999,1.0,0.786228068539871
llama3,llama3,Qual o documento necessário para candidatos que concorrem a vagas reservadas a Quilombolas?,O candidato deve enviar a Declaração de pertencimento quilombola (Anexo IX/XI) assinada por 3 lideranças (com cópias de seus documentos) e o documento de reconhecimento emitido pela Fundação Cultural Palmares.,Declaração de pertencimento à Comunidade Quilombola (Anexo IX) assinado por 3 (três) lideranças da Comunidade Quilombola a qual o candidato pertence e documento oficial de identificação com foto e assinatura (frente e verso) de cada uma das três lideranças que assinarem a declaração de pertencimento,0.037,23.735,1689,91,0.75,0.9332440147825467,0.9999999999,1.0,0.5703372088492638
llama3,llama3,"O que acontece se eu enviar documentos apagados, cortados ou incompletos?","O candidato que enviar documentação ilegível, rasurada ou incompleta terá sua matrícula indeferida automaticamente.",Não encontrei essa informação nos documentos.,0.037,19.713,1627,11,0.5,0.0,0.9999999999,1.0,0.21161452975863013
llama3,llama3,E se a escola ainda não tiver emitido meu Certificado de Conclusão na data da matrícula?,"É aceito o envio de uma Declaração provisória de provável conclusão emitida pela escola. A matrícula será homologada de forma condicional, devendo o certificado oficial ser apresentado na data limite estabelecida.",Não encontrei essa informação nos documentos.,0.037,18.426,1524,11,0.0,0.0,0.9999999999,1.0,0.19616791634840128
llama3,llama3,O que é o processo de Heteroidentificação?,É o procedimento presencial de verificação para confirmar a veracidade da autodeclaração prestada por candidatos pretos ou pardos.,Não encontrei essa informação nos documentos.,0.039,20.361,1669,11,0.0,0.0,0.9999999999,1.0,0.2044043518551922
llama3,llama3,Quais são os critérios que a banca utiliza para avaliar o candidato?,"A banca baseia-se exclusivamente nos critérios fenotípicos (características físicas visíveis do candidato, tais como traços faciais, cabelo e cor da pele).",Não encontrei essa informação nos documentos.,0.037,21.791,1772,11,0.0,0.0,0.0,0.0,0.20461056206801254
llama3,llama3,Posso levar fotos ou a minha certidão de nascimento para provar minha ascendência?,"Não. Fotos antigas, documentos civis ou histórico de herança genética familiar de parentes não são considerados na avaliação da banca.",Não encontrei essa informação nos documentos.,0.038,21.434,1762,11,1.0,0.0,0.0,0.0,0.20352432657099756
llama3,llama3,Menores de 18 anos precisam de alguma autorização para filmagem do processo?,"Sim. No ato de matrícula, candidatos menores de 18 anos devem apresentar a Autorização de Uso de Imagem (Anexo VIII/IX) devidamente assinada por seus pais ou responsáveis legais.","Sim, menores de 18 anos precisam de autorização da/do mãe, pai ou responsável para a filmagem do processo. Isso está estabelecido no documento de identidade da pessoa que assinou a autorização (mãe, pai ou responsável da/do menor) no período de 24 de setembro de 2025 a 12 de outubro de 2025.",0.038,23.711,1711,86,0.5,0.980152088607255,0.9999999999,1.0,0.7268027985917592
llama3,llama3,O que ocorre se eu for convocado e não comparecer à banca de heteroidentificação?,"O candidato ausente ou que não tiver sua autodeclaração validada pela banca perde a vaga da cota e é reclassificado para as vagas de Acesso Universal (Cota 1), caso possua classificação suficiente.",Não encontrei essa informação nos documentos.,0.042,19.715,1628,11,0.0,0.0,0.9999999999,1.0,0.20116195449075747
llama3,llama3,Onde são publicadas as listas de classificados e chamadas para matrícula?,"Todas as listas, editais de resultados e convocações são divulgadas na internet, no site oficial de ingressos: ingresso.ifrs.edu.br.","A resposta está nos documentos! De acordo com os itens 13.3 e 16.1, a publicação do quantitativo de vagas a serem preenchidas por curso, bem como a listagem de candidatas/candidatos aptos/as para participar da Chamada Pública, será feita em cada campus.",0.041,21.821,1609,71,0.75,0.0,0.9999999999,1.0,0.20866739067113138
llama3,llama3,"O que é e quem participa da ""Chamada Pública""?","A ""Chamada Pública"" é um chamamento eletrônico ou presencial realizado para preencher vagas que restaram sem matrícula após as etapas regulares, convocando candidatos suplentes por ordem de classificação.","A Chamada Pública é a última chamada para matrícula. Ela ocorre após a primeira chamada para o preenchimento das vagas que ainda não foram ocupadas. Para os cursos que houver a Chamada Pública, participarão todas/todos as/os candidatas/candidatos que ainda não foram chamadas/chamados na primeira cha",0.039,23.934,1594,127,0.875,0.9232205223453571,0.9999999999,1.0,0.5744674057680677
llama3,llama3,Ter o nome listado na Chamada Pública garante a vaga no curso?,Não. Estar na lista de convocados e enviar os documentos na Chamada Pública apenas gera expectativa de direito. O preenchimento ocorre estritamente pela ordem de classificação dos candidatos habilitados até o limite de vagas disponíveis.,Não encontrei essa informação nos documentos.,0.042,12.549,1621,11,1.0,0.0,0.9999999999,1.0,0.1963047481198077
llama3,llama3,Posso manter vínculos ativos de matrícula em mais de um curso de graduação?,Não. É expressamente proibido por lei federal que um estudante ocupe concomitantemente duas vagas de cursos de graduação em quaisquer instituições públicas de ensino superior do país.,Não encontrei essa informação nos documentos.,0.032,19.324,1551,11,0.0,0.0,0.9999999999,1.0,0.19545781422672592
llama3,llama3,"O que acontece se eu for matriculado, mas faltar aos primeiros dias letivos?",O estudante regularmente matriculado que faltar aos primeiros dias letivos (conforme limite estipulado em edital) sem justificativa formal de ausência aceita pelo campus terá sua matrícula cancelada por abandono.,"Segundo o Edital, se você for matriculado e não comparecer, injustificadamente, aos 6 (seis) primeiros dias de efetivo trabalho acadêmico, do primeiro período letivo do curso, sua matrícula será cancelada, exceto para os ingressantes por transferência ou ingresso de diplomado.",0.037,22.497,1647,74,1.0,0.9304679680715967,0.9999999999,1.0,0.4449273004090494
llama3,llama3,É obrigatório possuir conta no portal gov.br para se inscrever?,"Sim, o acesso ao sistema de inscrições exige uma conta ativa no portal gov.br.","Sim, é obrigatório possuir conta no portal gov.br para se inscrever. A/o candidata/candidato, ao acessar o sistema de inscrição do IFRS, será direcionado ao portal gov.br para autenticar-se com seu CPF e senha. Caso ainda não tenha cadastro no portal, ao digitar o CPF na página de login, a/o candida",0.04,22.816,1578,99,0.75,0.9555338197067267,0.9999999999,1.0,0.968154362585139
llama3,llama3,Qual nível de conta gov.br é exigido para a inscrição?,"Geralmente são aceitas contas níveis bronze, prata ou ouro para o acesso básico.",Não encontrei essa informação nos documentos.,0.037,17.267,1697,11,1.0,0.0,0.0,0.0,0.2025141774619695
llama3,llama3,Posso usar o CPF dos meus pais para fazer a minha inscrição?,"Não, a inscrição deve ser feita obrigatoriamente com o CPF do próprio candidato.",Não encontrei essa informação nos documentos.,0.037,19.895,1640,11,1.0,0.0,0.9999999999,1.0,0.20740344474170866
llama3,llama3,O que fazer se eu esquecer a senha da minha conta gov.br?,Você deve recuperar a senha diretamente na plataforma gov.br pelas opções de recuperação.,Não encontrei essa informação nos documentos.,0.037,19.328,1561,11,1.0,0.0,0.0,0.0,0.20800010818655762
llama3,llama3,Candidatos estrangeiros podem participar do processo seletivo?,"Sim, desde que possuam a documentação legal exigida para permanência no Brasil.","Sim, candidatos estrangeiros podem participar do processo seletivo. Para isso, eles devem apresentar o Registro Nacional de Estrangeiro (RNE); ou o Passaporte com visto de estudante; ou Outro documento que por previsão legal permita que o estrangeiro estude no Brasil.",0.04,23.028,1713,69,0.5,0.9338721892996374,0.9999999999,1.0,0.9638278323550395
llama3,llama3,Qual documento de identidade é aceito para candidatos estrangeiros?,O Registro Nacional de Estrangeiro (RNE) ou a Carteira de Registro Nacional Migratório (CRNM).,O documento equivalente para candidatos estrangeiros é o Registro Nacional de Estrangeiro (RNE); ou o Passaporte com visto de estudante; ou Outro documento que por previsão legal permita que o estrangeiro estude no Brasil.,0.036,24.05,1823,56,1.0,0.9034904009317849,0.9999999999,0.0,0.47373518815169813
llama3,llama3,É permitido o uso de nome social durante o processo seletivo?,"Sim, candidatos travestis e transexuais podem solicitar o uso de nome social.","Sim. De acordo com o Anexo VIII, é permitido o uso do Nome Social em sua inscrição no Processo Seletivo 2026/1 do IFRS, desde que você preencha e assine o formulário juntamente com a mãe, pai ou responsável pela/pelo menor, e encaminhe para o e-mail nome.social@ifrs.edu.br, no período de 04 de novem",0.036,22.153,1501,106,1.0,0.9273677748677978,0.9999999999,1.0,0.5178343629303023
llama3,llama3,Como solicito a inclusão do meu nome social no cadastro?,A solicitação deve ser feita durante o preenchimento do formulário de inscrição.,"Vou responder com base no contexto fornecido.  Para solicitar a inclusão do seu nome social no cadastro, você precisa acessar o formulário ANEXO XV SOLICITAÇÃO DE USO DE NOME SOCIAL PARA MENOR DE IDADE (https://cta.ifrs.edu.br/ps-formularios/formulario-nome-social-16/) e preencher o formulário com o",0.037,15.512,1613,88,1.0,0.9954003742398007,0.0,1.0,0.20426722290362315
llama3,llama3,O IFRS envia e-mails de confirmação após a conclusão da inscrição?,"Sim, o sistema envia confirmações automáticas para o e-mail cadastrado.",Não encontrei essa informação nos documentos.,0.038,19.448,1608,11,1.0,0.0,0.0,0.0,0.1987650931772184
llama3,llama3,O que devo fazer se não receber o e-mail de confirmação?,Verifique a caixa de spam ou acesse o sistema para confirmar o status da inscrição.,Não encontrei essa informação nos documentos.,0.042,19.331,1566,11,0.0,0.0,0.9999999999,0.0,0.2011401200556522
llama3,llama3,Qual é a validade exigida para o documento de identidade (RG)?,O RG deve estar legível e permitir a identificação clara e atualizada do candidato.,Não encontrei essa informação nos documentos.,0.038,21.809,1774,11,1.0,0.0,0.0,1.0,0.20559802300318666
llama3,llama3,CNH (Carteira Nacional de Habilitação) é aceita como identificação?,"Sim, a CNH dentro da validade é um documento de identificação oficial aceito.","Sim, a Carteira Nacional de Habilitação (CNH) é aceita como documento de identificação com foto, de acordo com o item 9.10 e 8.10 do contexto fornecido.",0.037,14.789,1699,47,1.0,0.9740417284982805,0.9999999999,1.0,0.7915606324569336
llama3,llama3,Posso usar a certidão de nascimento no lugar do RG para a matrícula?,"Não, a certidão de nascimento não substitui o documento de identidade com foto.",Não encontrei essa informação nos documentos.,0.036,20.207,1667,11,1.0,0.0,0.9999999999,1.0,0.5877167617345239
llama3,llama3,Documentos digitais oficiais (como e-Título) são válidos no processo?,"Sim, documentos digitais oficiais com QR Code de validação normalmente são aceitos.",Não encontrei essa informação nos documentos.,0.038,20.382,1669,11,0.0,0.0,0.9999999999,0.0,0.2073835447895226
llama3,llama3,Cópias autenticadas em cartório substituem o envio online dos originais?,"Não, o envio deve ser feito digitalizando os documentos originais diretamente no sistema.",Não encontrei essa informação nos documentos.,0.038,21.429,1758,11,1.0,0.0,0.9999999999,0.0,0.20967968116241134
llama3,llama3,Preciso enviar fotos 3x4 no momento da pré-matrícula?,A necessidade de foto 3x4 depende das orientações específicas do edital de matrícula.,Não encontrei essa informação nos documentos.,0.038,20.754,1714,11,1.0,0.0,0.0,1.0,0.20211894418662496
llama3,llama3,Existe limite de idade máximo para ingressar nos cursos subsequentes?,Não há limite máximo de idade para ingressar nos cursos técnicos subsequentes.,"Sim, existe um limite de idade mínimo para ingressar nos cursos subsequentes, que é ter no mínimo 18 (dezoito) anos completos na data da matrícula.",0.038,19.589,1528,40,1.0,0.977569841805566,0.9999999999,1.0,0.22500601431799105
llama3,llama3,Existe idade mínima para os cursos superiores de graduação?,"Não há limite de idade, mas é necessário ter concluído o Ensino Médio.",Não encontrei essa informação nos documentos.,0.037,15.153,1513,11,0.0,0.0,0.0,0.0,0.2121879440972472
llama3,llama3,O que é o período de interposição de recursos?,É o prazo oficial para contestar resultados preliminares ou decisões do processo.,Não encontrei essa informação nos documentos.,0.037,21.409,1761,11,0.0,0.0,0.9999999999,1.0,0.20452313008651252
llama3,llama3,Como devo enviar um recurso contra o resultado preliminar?,Os recursos devem ser submetidos exclusivamente pelo sistema eletrônico de ingresso.,"De acordo com os documentos, se você é um candidato/a que não foi aprovado e deseja enviar um recurso contra o resultado preliminar, você deve realizar o recurso pelo sistema de Pré-Matrícula. O link do sistema será disponibilizado no site ingresso.ifrs.edu.br.",0.036,23.115,1717,66,0.6666666666666666,0.9434274724119843,0.9999999999,1.0,0.2053193095381633
llama3,llama3,Posso enviar recursos por e-mail diretamente ao campus?,"Não, recursos enviados por e-mail fora do sistema oficial não são analisados.","Sim, é possível enviar recursos por e-mail diretamente ao campus. De acordo com o item 8.1.2, você pode enviar um e-mail para o campus onde pretende realizar a prova no período de 24 de setembro de 2025 a 12 de outubro de 2025 solicitando o agendamento de atendimento on-line.",0.037,21.897,1548,77,0.8,0.9542378662202932,0.9999999999,0.0,0.20975227967854612
llama3,llama3,Qual é o prazo padrão para análise e resposta dos recursos?,O prazo exato de resposta está previsto no cronograma oficial do edital.,Não encontrei essa informação nos documentos.,0.041,22.659,1848,11,1.0,0.0,0.9999999999,1.0,0.20327822313576077
llama3,llama3,"Se meu recurso for negado, posso recorrer novamente?","Não, a decisão após a análise do recurso é definitiva na esfera administrativa.",Não encontrei essa informação nos documentos.,0.036,15.99,1639,11,0.0,0.0,0.0,0.0,0.20549902788824398
llama3,llama3,Candidatos de outras cidades podem concorrer às vagas de Ibirubá?,"Sim, o processo seletivo é aberto a candidatos de qualquer município do país.",Não encontrei essa informação nos documentos.,0.04,21.424,1761,11,0.0,0.0,0.0,0.0,0.7034323689889613
llama3,llama3,Há alojamento ou moradia estudantil oferecida pelo campus?,"Não, o IFRS Campus Ibirubá não possui alojamento ou moradia estudantil própria.",Não encontrei essa informação nos documentos.,0.037,19.708,1622,11,1.0,0.0,0.0,0.0,0.580974072397778
llama3,llama3,O campus oferece auxílio estudantil ou bolsas de permanência?,"Sim, o IFRS possui programas de auxílio baseados em critérios socioeconômicos.",Não encontrei essa informação nos documentos.,0.04,19.367,1587,11,0.0,0.0,0.0,1.0,0.20830290869104445
llama3,llama3,Quando abrem os editais para solicitação de auxílio estudantil?,Os editais de assistência abrem após o início do semestre letivo.,Não encontrei essa informação nos documentos.,0.037,19.599,1615,11,1.0,0.0,0.0,0.0,0.20504746967861012
llama3,llama3,Posso aproveitar disciplinas já cursadas em outra instituição?,"Sim, após a matrícula você pode solicitar aproveitamento mediante análise.",Não encontrei essa informação nos documentos.,0.036,18.543,1537,11,0.0,0.0,0.0,0.0,0.20150053343872484
llama3,llama3,Como solicito o aproveitamento de estudos após a matrícula?,A solicitação é feita na secretaria com o histórico e ementas das disciplinas.,Não encontrei essa informação nos documentos.,0.037,19.316,1561,11,1.0,0.0,0.0,0.0,0.20119049314115056
llama3,llama3,A documentação de matrícula pode ser entregue presencialmente?,"Não, o envio da documentação de pré-matrícula ocorre de forma totalmente eletrônica.","Sim. Segundo o item 12.4 do contexto, a/O candidata/candidato que não tiver acesso à internet, computador ou precisar de ajuda, poderá comparecer ao campus dentro do prazo para envio da documentação.",0.041,21.525,1630,55,1.0,0.9084492577605057,0.9999999999,0.0,0.21433498585176544
llama3,llama3,Qual o formato de arquivo exigido para o envio dos documentos?,"Os documentos geralmente devem ser anexados em formato PDF, JPG ou PNG.",Não encontrei essa informação nos documentos.,0.037,19.377,1594,11,1.0,0.0,0.0,0.0,0.2104391948380765
llama3,llama3,Qual o tamanho máximo permitido para os arquivos anexados no sistema?,O limite de tamanho por arquivo é estipulado pelo sistema de envio.,Não encontrei essa informação nos documentos.,0.037,19.333,1572,11,0.0,0.0,0.0,0.0,0.20197819805822126
llama3,llama3,O que faço se o sistema de inscrições apresentar instabilidade?,"Tente acessar em outro navegador, limpe o cache ou aguarde a normalização.",Não encontrei essa informação nos documentos.,0.036,14.714,1513,11,1.0,0.0,0.0,0.0,0.20531666023425335
llama3,llama3,É possível trancar a matrícula logo no primeiro semestre?,"Geralmente o trancamento no primeiro semestre não é permitido, salvo exceções legais.",Não encontrei essa informação nos documentos.,0.036,19.471,1611,11,1.0,0.0,0.0,0.0,0.2049242306633387
llama3,llama3,Cursos técnicos subsequentes exigem estágio obrigatório para conclusão?,"Sim, a maioria dos cursos exige o cumprimento de estágio curricular obrigatório.","Sim. O curso Técnico em Plásticos Noite 4 semestres* mencionado na tabela apresenta a observação ""*mais estágio obrigatório"", o que indica que esse curso técnico subsequente exige estágio obrigatório para conclusão.",0.037,21.502,1618,59,nan,0.9325592314330249,0.9999999999,1.0,0.47373690406262836
llama3,llama3,Os cursos de graduação do campus exigem Trabalho de Conclusão de Curso?,"Sim, o TCC é um componente curricular obrigatório para formatura nas graduações.",Não encontrei essa informação nos documentos.,0.035,19.363,1588,11,1.0,0.0,0.0,0.0,0.20162166526125458
llama3,llama3,Posso transferir meu curso para outro campus do IFRS futuramente?,"Sim, mediante editais internos de transferência e caso haja vaga disponível.",Não encontrei essa informação nos documentos.,0.042,19.308,1553,11,0.0,0.0,0.0,0.0,0.20340863566340384
llama3,llama3,A matrícula deve ser renovada a cada novo semestre?,"Sim, a rematrícula é obrigatória a cada semestre para manter o vínculo.",Não encontrei essa informação nos documentos.,0.036,19.481,1612,11,0.5,0.0,0.0,0.0,0.20187492686782726
llama3,llama3,O que ocorre se eu não renovar a matrícula no prazo estipulado?,O estudante perde o vínculo e tem a sua matrícula cancelada por abandono.,Não encontrei essa informação nos documentos.,0.037,19.802,1636,11,1.0,0.0,0.9999999999,0.0,0.20655756601624078
llama3,llama3,Como funciona a reclassificação de vagas não preenchidas?,As vagas são repassadas aos próximos da lista de espera por ordem de classificação.,A reclassificação de vagas não preenchidas ocorre da seguinte forma:  * As vagas das cotas que não forem preenchidas mudarão para outras cotas seguindo a sequência abaixo até serem preenchidas: Cota 2 → Cota 4 → Cota 3 → Cota 5 → Cota 6 → Cota 8 → Cota 7 → Cota 9 → Cota 1 (Anexo XI). * Se houver mai,0.037,29.977,1588,279,0.9411764705882353,0.9601636923530864,0.9999999999,1.0,0.21232417205577847
llama3,llama3,Candidatos que zeraram a redação do Enem podem usar a nota?,"Não, zerar qualquer prova ou a redação desclassifica o candidato pelo Enem.",Não encontrei essa informação nos documentos.,0.038,19.377,1589,11,0.0,0.0,0.9999999999,1.0,0.2084047997521979
llama3,llama3,Qual o critério de desempate caso dois candidatos tenham a mesma nota?,Os critérios de desempate geralmente priorizam candidatos de maior idade.,"Segundo os documentos, caso haja candidatas/candidatos com mesma nota, o critério de desempate para os cursos técnicos será:  * Da/do candidata/candidato com maior idade para a/o de menor idade, no caso de haver candidata/candidato maior de 60 anos empatado. * Se persistir o empate, o critério passa",0.036,32.564,1643,329,0.9166666666666666,0.9402085457991975,0.9999999999,1.0,0.492402833578105
llama3,llama3,Pessoas trans devem passar por banca de heteroidentificação?,"Não, a banca avalia apenas quem concorre nas cotas raciais para pretos e pardos.",Não encontrei essa informação nos documentos.,0.04,17.555,1438,11,1.0,0.0,0.9999999999,1.0,0.20145424839821846
llama3,llama3,A renda per capita é calculada com base no salário bruto ou líquido?,A renda familiar per capita é calculada com base na renda bruta mensal.,Não encontrei essa informação nos documentos.,0.039,16.941,1404,11,1.0,0.0,0.9999999999,1.0,0.2025736305588004
llama3,llama3,Estágio remunerado conta na composição da renda familiar para cotas?,"Sim, valores recebidos como bolsa de estágio entram no cômputo da renda familiar.",Não encontrei essa informação nos documentos.,0.037,19.369,1604,11,1.0,0.0,0.0,0.0,0.2028345000183288
llama3,llama3,Membros da família que moram em outra casa entram no cálculo de renda?,"Não, apenas pessoas que residem sob o mesmo teto e compartilham rendas entram no cálculo.",Não encontrei essa informação nos documentos.,0.042,21.836,1786,11,0.0,0.0,0.9999999999,0.0,0.2075910356223864
llama3,llama3,Posso alterar o e-mail cadastrado após finalizar a inscrição?,A alteração deve ser feita no sistema durante o período permitido pelo edital.,Não encontrei essa informação nos documentos.,0.037,18.434,1513,11,0.0,0.0,0.9999999999,0.0,0.20361770112989747
llama3,llama3,É obrigatório apresentar título de eleitor na matrícula?,"Sim, a certidão de quitação eleitoral é exigida para a matrícula de maiores de 18 anos.",Não encontrei essa informação nos documentos.,0.036,19.378,1601,11,0.0,0.0,0.0,0.0,0.2021741434113048
llama3,llama3,Homens maiores de 18 anos precisam de comprovante militar?,"Sim, a regularidade militar é obrigatória para candidatos homens maiores de 18 anos.","Sim, os homens do sexo masculino com idade entre 18 (dezoito) e 45 (quarenta e cinco) anos devem apresentar o Comprovante de quitação com o Serviço Militar.",0.036,21.953,1679,51,1.0,0.8812833504420351,0.9999999999,1.0,0.6577278079919078
llama3,llama3,Onde encontro o cronograma completo com todas as datas do edital?,O cronograma completo está disponível nos anexos do edital no site de ingresso do IFRS.,Encontrei essa informação nos documentos! O cronograma completo está disponível na página ingresso.ifrs.edu.br.,0.038,22.481,1781,27,1.0,0.9383497414960671,0.9999999999,0.0,0.5261664812504036
mistral,mistral,Quais são os cursos técnicos integrados ao Ensino Médio ofertados no Campus Ibirubá?,"Os cursos técnicos integrados ao Ensino Médio ofertados no campus são o Técnico em Agropecuária, Técnico em Informática e Técnico em Mecânica.", Técnico em Administração e Técnico em Informática.,5.542,26.537,2034,18,0.0,0.0,0.9999999999,0.0,0.5151980524464563
mistral,mistral,Quais são os turnos de funcionamento dos cursos técnicos integrados?,"O funcionamento dos cursos técnicos integrados ocorre nos turnos da manhã e da tarde (turno integral), com duração prevista de 3 anos.", Os cursos técnicos integrados ao ensino médio funcionam nos turnos de manhã e tarde.,0.078,22.718,1878,29,1.0,0.9635296044289362,0.9999999999,0.0,0.6127452390590301
mistral,mistral,Quais são os cursos técnicos subsequentes ao Ensino Médio disponíveis no Campus Ibirubá?,"Na modalidade subsequente, estão disponíveis os cursos de Técnico em Eletrotécnica e Técnico em Mecânica."," Os cursos técnicos subsequentes ao Ensino Médio disponíveis no Campus Ibirubá são: 1. Técnico em Agropecuária (Manhã e Tarde) 2. Técnico em Eletrotécnica (Noite) 3. Técnico em Mecânica (Manhã e Tarde, Prova; Noite, Sorteio Público ou Enem) 4. Técnico em Administração (Tarde, Prova ou Subsequente, N",0.039,32.216,2035,207,0.5,0.9962352836281919,0.9999999999,1.0,0.5090040534380376
mistral,mistral,Em qual turno ocorrem as aulas dos cursos subsequentes?,"As aulas dos cursos técnicos subsequentes acontecem no turno da noite, com duração de 4 semestres."," As aulas dos cursos subsequentes ao ensino médio ocorrem no turno da manhã e também na tarde, conforme mostrado nas tabelas fornecidas.",0.035,22.705,1794,43,0.6666666666666666,0.0,0.9999999999,0.0,0.23107460539696092
mistral,mistral,Quais são os cursos superiores de graduação ofertados no Campus Ibirubá?,"O campus oferece os seguintes cursos superiores de graduação: Bacharelado em Agronomia, Bacharelado em Engenharia Mecânica, Bacharelado em Ciência da Computação e Licenciatura em Matemática."," Os cursos superiores de graduação ofertados no Campus Ibirubá são: Bacharelado em Engenharia Mecânica, Bacharelado em Ciência da Computação e Licenciatura em Matemática.",0.042,25.478,2008,55,1.0,0.9999999999999999,0.9999999999,1.0,0.876473346481437
mistral,mistral,Qual é a duração e os turnos dos cursos de Agronomia e Engenharia Mecânica no campus?,"O curso de Agronomia ocorre nos turnos da manhã e da tarde com duração de 10 semestres. O curso de Engenharia Mecânica é ofertado no turno da noite, também com duração de 10 semestres."," MINISTÉRIO DA EDUCAÇÃO Secretaria de Educação Profissional e Tecnológica Instituto Federal de Educação, Ciência e Tecnologia do Rio Grande do Sul Gabinete do Reitor 27 Rua Gen. Osório, 348 – Centro – Bento Gonçalves/RS – CEP 95.700-086 Telefone: (54) 3449.3371 –  ---  Cursos Superiores Turnos Duraç",0.038,44.402,1966,532,0.4,0.0,0.0,0.5,0.5473824128913813
mistral,mistral,Qual é a duração e os turnos de Ciência da Computação e Licenciatura em Matemática?,"O curso de Ciência da Computação ocorre à noite com duração de 9 semestres, enquanto a Licenciatura em Matemática também acontece no turno da noite com duração de 8 semestres."," A Licenciatura em Matemática tem duração de 8 semestres* e o turno é Noite. Já a Ciência da Computação não foi mencionada no contexto fornecido, portanto, não posso responder sobre ela.",0.038,25.326,1947,61,0.75,0.0,0.0,0.5,0.8372323566616389
mistral,mistral,Os cursos ofertados pelo IFRS Campus Ibirubá são pagos?,"Não. Todos os cursos oferecidos no IFRS são 100% gratuitos, não havendo cobrança de mensalidades ou taxas de matrícula."," Não, os cursos ofertados pelo IFRS Campus Ibirubá não são pagos. A taxa de inscrição é cobrada somente para candidatos que não receberam o direito de se inscrever sem pagar a taxa de inscrição.",0.038,25.949,1973,68,0.5,1.0000000000000002,0.9999999999,0.0,0.7939004001651047
mistral,mistral,Qual o valor da taxa de inscrição para os cursos técnicos integrados?,"A taxa de inscrição para os cursos técnicos na modalidade integrada é de R$ 60,00."," R$ 70,00 (setenta reais) caso o modo de ingresso escolhido seja por Prova e o curso da inscrição seja um curso técnico.",0.036,24.062,1908,48,0.75,0.9409056856788828,0.0,0.0,0.225258805022735
mistral,mistral,Quanto custa a inscrição para os cursos técnicos subsequentes?,"O custo é de R$ 20,00."," Para os cursos técnicos subsequentes, a taxa de inscrição é R$ 70,00 caso o modo de ingresso escolhido seja por Prova.",0.037,25.048,1962,46,1.0,0.9455679661720084,0.0,0.0,0.21290848340601246
mistral,mistral,Qual é o custo da inscrição para concorrer a uma vaga em curso de graduação?,"Se o candidato optar por concorrer via Exame de Seleção (prova), a taxa é de R$ 80,00. Caso a opção seja via nota do ENEM, a taxa é de R$ 20,00.", Não encontrei essa informação nos documentos.,0.036,22.679,1883,14,0.0,0.0,0.0,0.0,0.19622640328219648
mistral,mistral,Como deve ser efetuado o pagamento da taxa de inscrição?,"O pagamento deve ser realizado por meio de boleto bancário gerado ao final da inscrição, pagável na rede bancária ou via internet banking."," O pagamento da taxa de inscrição deve ser realizado até o dia 13 de outubro de 2025. Caso seja necessário realizar o pagamento no último dia, é necessário informar sobre o horário limite imposto pelo banco para o pagamento do boleto bancário para o processamento no mesmo dia. O valor da taxa de ins",0.041,26.723,1901,117,1.0,0.886248646967502,0.9999999999,1.0,0.21977346345331145
mistral,mistral,Até quando posso pagar a taxa de inscrição?,O boleto deve ser pago impreterivelmente até o prazo limite definido no cronograma oficial do edital correspondente., A taxa de inscrição pode ser paga até o dia 13 de outubro de 2025.,0.035,20.029,1933,29,1.0,0.9868093667739585,0.9999999999,1.0,0.21424175196629586
mistral,mistral,Posso modificar os dados da minha inscrição (como a opção de curso ou campus) após concluí-la?,"Sim, no entanto, após a finalização da inscrição, qualquer alteração exige que o candidato realize uma nova inscrição dentro do prazo regulamentar para que os novos dados sejam computados."," Sim, caso você precise alterar o curso ou a cota em que se inscreveu, precisará cancelar a inscrição e realizar uma nova dentro do prazo para inscrição. No entanto, após o período de inscrição, não será realizada troca de curso ou de cota. Se você cancelar a inscrição e realizar uma nova, precisará",0.036,28.525,1879,171,1.0,0.9310089766167761,0.9999999999,1.0,0.6770179147601808
mistral,mistral,É possível me inscrever em mais de um curso no mesmo edital do IFRS?,Não. É permitido realizar apenas uma única inscrição por candidato em cada edital.," Não, é permitido se inscrever em apenas um curso no mesmo edital do IFRS. (6.11, 6.12, 6.13, 6.14, 6.15, 6.16, 6.17, 5.10, 5.11 e 5.12)",0.041,26.169,1947,88,1.0,0.996686681389012,0.9999999999,1.0,0.8271332208153883
mistral,mistral,Há devolução do valor pago na taxa de inscrição se eu desistir de participar?,"Não. O valor pago na taxa de inscrição não é reembolsável sob nenhuma circunstância, exceto se houver cancelamento do certame por parte do IFRS."," Sim, haverá devolução do valor pago na taxa de inscrição se o Processo Seletivo for cancelado ou para as/os candidatas/candidatos inscritos em algum curso que seja cancelada a oferta. No entanto, caso o Processo Seletivo não seja cancelado e você desistir de participar, a taxa de inscrição não será",0.037,26.696,1943,102,1.0,0.8975581619826792,0.9999999999,1.0,0.41889604352236404
mistral,mistral,Quem tem direito a solicitar a isenção do pagamento da taxa de inscrição?,"Têm direito à isenção os candidatos com renda familiar bruta mensal de até 1 salário mínimo per capita (R$ 1.412,00) que estejam regularmente registrados no CadÚnico como baixa renda.", Pessoas cadastradas no CadÚnico como família de baixa renda (que recebe até 1 salário mínimo por pessoa por mês e o cadastro na última atualizado nos últimos 2 anos).,0.037,23.987,1872,55,1.0,0.8347344828001819,0.9999999999,0.0,0.6035024071819909
mistral,mistral,O cadastro do CadÚnico precisa ter alguma atualização recente?,Sim. O cadastro do candidato no CadÚnico deve estar obrigatoriamente atualizado nos últimos 2 anos.," Sim, os cadastros no CadÚnico precisam ser atualizados nos últimos 2 anos.",0.037,25.383,2065,26,1.0,0.9508244832397399,0.9999999999,1.0,0.8413704386771117
mistral,mistral,Onde realizo a solicitação de isenção de taxa?,"A solicitação deve ser realizada exclusivamente via internet, na página de ingressos do IFRS (ingresso.ifrs.edu.br)."," A solicitação de isenção de taxa pode ser realizada no endereço ingresso.ifrs.edu.br, após ter gerado o Extrato de Consulta Completo do CadÚnico e realizar o login com o CPF e senha do gov.br.",0.037,23.742,1808,69,1.0,0.9339962121189387,0.9999999999,1.0,0.4702914046479076
mistral,mistral,A isenção pode ser solicitada por mais de um membro do mesmo núcleo familiar?,"Sim. A isenção é um benefício de caráter estritamente individual, e cada integrante da mesma família que deseja concorrer deve fazer a sua própria solicitação."," Sim, cada membro de uma mesma família deve solicitar a isenção individualmente. (3.6)",0.037,22.138,1814,28,1.0,0.9417568405355184,0.9999999999,1.0,0.7351081457456952
mistral,mistral,"Se minha isenção de taxa for aprovada (deferida), já estou inscrito no Processo Seletivo?","Não. O candidato que teve a isenção aceita deve, obrigatoriamente, entrar no sistema e realizar a inscrição no curso desejado para gerar o comprovante de isento."," Não, se sua solicitação de isenção da taxa de inscrição for aceita ou deferida, você precisará realizar a inscrição no dia 24 de setembro de 2025 até o dia 12 de outubro de 2025.",0.038,24.688,1879,73,1.0,0.9206411677815884,0.9999999999,1.0,0.7827711678703335
mistral,mistral,O IFRS pode solicitar documentos de comprovação de renda para quem foi isento?,"Sim. O IFRS pode conferir e auditar as informações prestadas, e o candidato que prestar declarações falsas está sujeito a responder legalmente e ser eliminado do processo.", Não encontrei essa informação nos documentos.,0.038,21.974,1839,14,1.0,0.0,0.9999999999,1.0,0.19584245625632093
mistral,mistral,Qual o sistema utilizado para o ingresso nos cursos técnicos integrados de Ibirubá?,O sistema de ingresso para os cursos técnicos integrados em Ibirubá é realizado por meio de Exame de Seleção (prova objetiva presencial).," O sistema utilizado para o ingresso nos cursos técnicos integrados de Ibirubá é a prova, com exceção do Técnico em Guia de Turismo que utiliza sorteio.",0.037,26.287,2047,52,0.5,0.9530648163584416,0.9999999999,1.0,0.5368679045976407
mistral,mistral,Como são distribuídas as vagas para os cursos técnicos subsequentes de Ibirubá?,As vagas da modalidade subsequente são preenchidas por meio de Sorteio Público ou classificação pela nota do ENEM.," As vagas para os cursos técnicos subsequentes do campus Ibirubá são distribuídas através da inscrição e seleção, com base em diferentes cotas. Cada cota tem uma determinada quantidade de vagas e é reservada a candidatos que atendem a certas condições específicas, como ser negro/negra (preta/preto, ",0.037,33.457,2069,230,0.9,0.9940517358316484,0.9999999999,1.0,0.20170380243579
mistral,mistral,Quais os meios para ingressar em um curso de graduação superior em Ibirubá?,Os ingressos para os cursos superiores de graduação em Ibirubá ocorrem via Exame de Seleção (prova com redação) ou utilizando a nota do ENEM.," As inscrições para o Processo Seletivo serão realizadas no período das 14h do dia 04 de novembro de 2025 às 23h59min do dia 18 de novembro de 2025 , exclusivamente via INTERNET no endereço ingresso.ifrs.edu.br. A/o candidata/candidato, ao acessar o sistema de inscrição do IFRS, utilizará o login e ",0.037,28.521,1995,132,1.0,0.8616614656308073,0.9999999999,1.0,0.21408085931712567
mistral,mistral,"Se eu escolher o ENEM para a graduação, posso usar notas de ""treineiro""?","Não. As notas do ENEM obtidas na condição de ""treineiro"" não são validadas para a classificação de vagas.", Não encontrei essa informação nos documentos.,0.037,22.689,1883,14,0.0,0.0,0.9999999999,1.0,0.2014276403926601
mistral,mistral,O que fazer se eu precisar de acessibilidade ou condições especiais no dia da prova?,O candidato deve indicar sua necessidade no Formulário de Solicitação de Condição Especial (Anexo II/IV/V) disponível no sistema no momento da inscrição.," Para solicitar acessibilidade ou condições especiais no dia da prova, é necessário assinalar as alternativas correspondentes na lista fornecida. Por exemplo, se você precisa de um intérprete de Libras (Língua Brasileira de Sinais), marque a opção ""Presença de intérprete de Libras"". Caso necessite d",0.037,27.761,1957,128,1.0,0.9756581595229938,0.9999999999,1.0,0.45724607543615586
mistral,mistral,Quais apoios especiais podem ser solicitados para o dia da avaliação?,"Podem ser solicitados auxílios como tempo adicional de prova, apoio de ledores ou transcritores, salas de fácil acesso e atendimento específico para lactantes."," A resposta não está no contexto fornecido. No entanto, os documentos mencionam que o Instituto Federal de Educação Ciência e Tecnologia do Rio Grande do Sul (IFRS) atenderá solicitações especiais levando em consideração critérios de viabilidade e razoabilidade, como a permissão para uso de tecnolog",0.037,35.283,2038,279,1.0,0.0,0.9999999999,1.0,0.453158485794821
mistral,mistral,Quantas vagas são destinadas à reserva de vagas para escolas públicas?,Pelo menos 50% das vagas totais de cada curso são reservadas exclusivamente para estudantes egressos de escolas públicas.," As vagas destinadas à reserva de vagas para escolas públicas podem ser calculadas somando as vagas das cotas C9, C5, C7, C8, C6, C3, C6 e C2. No entanto, a quantidade exata depende do número total de vagas disponíveis no processo seletivo.",0.037,26.548,1980,83,1.0,0.0,0.9999999999,0.0,0.22084556863431273
mistral,mistral,O que define se posso concorrer como egresso de escola pública?,É elegível o candidato que comprovar ter cursado integralmente todo o Ensino Fundamental (para cursos técnicos) ou todo o Ensino Médio (para cursos superiores) em instituições públicas de ensino.," Para concorrer como egresso de escola pública, é necessário ter cursado integralmente o Ensino Médio em uma escola pública.",0.038,22.073,1772,38,1.0,0.9402107273690646,0.9999999999,1.0,0.22780750992937215
mistral,mistral,"Se estudei com bolsa integral em escola particular, posso concorrer às vagas reservadas?","Não. Quem estudou em escola particular, mesmo que sob a condição de bolsista integral, não possui o direito de concorrer às cotas destinadas a escolas públicas."," Sim, se o candidato estudou com bolsa integral em escola particular durante o Ensino Médio ou o Ensino Fundamental, ele pode fornecer histórico escolar do respectivo ensino completo ou uma declaração emitida pela escola onde concluiu o curso, informando as escolas onde estudou todas as séries ou an",0.04,29.89,1914,184,0.7142857142857143,0.9602649507247569,0.9999999999,1.0,0.23216015842660626
mistral,mistral,Como funciona a comprovação de renda para as cotas destinadas à baixa renda?,"A comprovação de renda é baseada nos dados do candidato cadastrados no CadÚnico, exigindo-se a apresentação do Extrato de Consulta Completa."," A comprovação de renda para as cotas destinadas à baixa renda envolve a apresentação de documentos que mostrem a renda familiar bruta per capita igual ou inferior a 1 salário mínimo. Esses documentos podem incluir, por exemplo, declarações de renda e outros documentos financeiros.",0.036,27.456,2045,81,0.6666666666666666,0.9517892064070049,0.0,0.0,0.20656879421175556
mistral,mistral,"O que são as vagas destinadas ao grupo PPIQ (Pretos, Pardos, Indígenas e Quilombolas)?","São as cotas voltadas para candidatos egressos de escola pública que se autodeclarem Pretos, Pardos, Indígenas ou Quilombolas."," As vagas destinadas ao grupo PPIQ (Pretos, Pardos, Indígenas e Quilombolas) são as vagas da Cota 1, Cota 3 e Cota 2.",0.036,27.192,2130,51,0.3333333333333333,0.9858487765895824,0.9999999999,1.0,0.22707945173631777
mistral,mistral,Quem pode concorrer na Cota 10 (destinada a Pessoas com Deficiência - PcD)?,"A Cota 10 (C10) é reservada exclusivamente para Pessoas com Deficiência (PcD), independentemente de renda ou de terem estudado em escola pública."," A pessoa com deficiência que tenha cursado integralmente o Ensino Médio em escola pública, independente de renda pode concorrer na Cota 10.",0.041,27.831,2198,46,0.0,0.9542695413425264,0.9999999999,0.0,0.6600507928525434
mistral,mistral,O que acontece se as vagas PcD não forem preenchidas por falta de candidatos?,"As vagas reservadas a PcD que não forem preenchidas por falta de candidatos são remanejadas para outras cotas ou destinadas ao Acesso Universal (Cota 1), dependendo da ordem descrita no edital.", Não encontrei essa informação nos documentos.,0.037,23.868,1989,14,1.0,0.0,0.9999999999,0.0,0.19965254578362418
mistral,mistral,O que o candidato aprovado por cota de escola pública precisa assinar na matrícula?,O candidato aprovado por cota de escola pública deve assinar eletronicamente a Declaração de Não Ter Estudado em Escolas Particulares.," O candidato aprovado por cota de escola pública precisa apresentar documentação para comprovação de escola pública e, se for classificado em uma das cotas específicas (Cotas 1, 2 ou 10), também precisará comprovar a renda familiar bruta per capita igual ou inferior a 1 salário mínimo. Não há inform",0.036,28.039,1977,121,0.6666666666666666,0.0,0.0,0.0,0.22310806842019898
mistral,mistral,Quais documentos específicos devem ser enviados por candidatos indígenas aprovados?,É necessário anexar a Autodeclaração de membro de Comunidade Indígena (Anexo VII/IX) junto ao RANI ou à Declaração de Membro assinada por liderança da comunidade indígena (Anexo VIII/X)., Autodeclaração de membro de Comunidade indígena (Anexo VII); Registro Administrativo de Nascimento de Indígena (RANI) ou declaração de pertença a grupo étnico indígena emitida por liderança indígena de sua comunidade conforme modelo (Anexo VIII).,0.038,27.576,2062,81,1.0,0.9112653595607891,0.9999999999,1.0,0.8611438787687814
mistral,mistral,Qual o documento necessário para candidatos que concorrem a vagas reservadas a Quilombolas?,O candidato deve enviar a Declaração de pertencimento quilombola (Anexo IX/XI) assinada por 3 lideranças (com cópias de seus documentos) e o documento de reconhecimento emitido pela Fundação Cultural Palmares., (__) declaração de pertencimento à Comunidade Quilombola (Anexo XIV); e (__) documento oficial de identificação com foto e assinatura (frente e verso) de cada uma das três lideranças que assinarem a declaração de pertencimento quilombola; e (__) declaração expedida pela Fundação Cultural Palmares n,0.037,28.844,2029,117,0.3333333333333333,0.0,0.9999999999,1.0,0.8394196534370503
mistral,mistral,"O que acontece se eu enviar documentos apagados, cortados ou incompletos?","O candidato que enviar documentação ilegível, rasurada ou incompleta terá sua matrícula indeferida automaticamente."," Se os documentos enviados forem apagados, cortados ou incompletos, eles não serão aceitos. De acordo com o contexto fornecido, se houver necessidade, você poderá ser convocado para a apresentação e conferência dos documentos originais (6.8). Caso você não apresente a documentação exigida quando sol",0.037,31.775,1983,215,1.0,0.9659690704412468,0.9999999999,1.0,0.34361019243514135
mistral,mistral,E se a escola ainda não tiver emitido meu Certificado de Conclusão na data da matrícula?,"É aceito o envio de uma Declaração provisória de provável conclusão emitida pela escola. A matrícula será homologada de forma condicional, devendo o certificado oficial ser apresentado na data limite estabelecida."," Neste caso, o candidato terá sua matrícula realizada de forma condicional, devendo apresentar o Certificado de Conclusão do Ensino Fundamental até 29 de maio de 2026.",0.037,23.246,1816,56,1.0,0.8903947455303954,0.9999999999,1.0,0.516482584551438
mistral,mistral,O que é o processo de Heteroidentificação?,É o procedimento presencial de verificação para confirmar a veracidade da autodeclaração prestada por candidatos pretos ou pardos.," O processo de Heteroidentificação é um procedimento realizado pelo Instituto Federal de Educação, Ciência e Tecnologia do Rio Grande do Sul (IFRS) para verificar a autodeclaração racial das candidatas/candidatos que se autodeclaram negras/negros (pretas/pretos ou pardas/pardos), no ato da inscrição",0.037,29.755,2023,141,1.0,0.9455125172382136,0.9999999999,1.0,0.5528528601814061
mistral,mistral,Quais são os critérios que a banca utiliza para avaliar o candidato?,"A banca baseia-se exclusivamente nos critérios fenotípicos (características físicas visíveis do candidato, tais como traços faciais, cabelo e cor da pele)."," Os critérios utilizados pela banca para avaliar o candidato, no contexto fornecido, estão relacionados à escola em que o candidato cursou o ensino médio, sua renda familiar bruta per capita e sua condição racial ou étnica. Além disso, há critérios específicos para pessoas com deficiência (PcD). Por",0.036,39.43,2114,358,1.0,0.93445767775378,0.0,0.0,0.21482825625260507
mistral,mistral,Posso levar fotos ou a minha certidão de nascimento para provar minha ascendência?,"Não. Fotos antigas, documentos civis ou histórico de herança genética familiar de parentes não são considerados na avaliação da banca."," Sim, você pode levar fotos ou sua certidão de nascimento para provar sua ascendência. No contexto fornecido, os documentos com foto incluem a Carteira de Identidade e outros documentos expedidos por órgãos governamentais (como Polícia Federal, Ministério do Trabalho, Conselho Nacional de Trânsito),",0.037,32.512,2131,184,0.6666666666666666,0.0,0.9999999999,0.0,0.21926235820552345
mistral,mistral,Menores de 18 anos precisam de alguma autorização para filmagem do processo?,"Sim. No ato de matrícula, candidatos menores de 18 anos devem apresentar a Autorização de Uso de Imagem (Anexo VIII/IX) devidamente assinada por seus pais ou responsáveis legais."," Sim, menores de 18 anos precisam apresentar a autorização de uso de imagem para o processo de ingresso discente.",0.041,26.598,2104,37,0.5,0.9435281185511682,0.9999999999,0.5,0.6590240839306365
mistral,mistral,O que ocorre se eu for convocado e não comparecer à banca de heteroidentificação?,"O candidato ausente ou que não tiver sua autodeclaração validada pela banca perde a vaga da cota e é reclassificado para as vagas de Acesso Universal (Cota 1), caso possua classificação suficiente."," Se você for convocado e não comparecer à banca de heteroidentificação, poderá entrar com recurso dentro do prazo que consta no cronograma. O recurso será realizado pelo link disponibilizado no site ingresso.ifrs.edu.br.",0.037,25.955,1982,68,0.6666666666666666,0.9915325350483714,0.9999999999,0.0,0.21431331486777888
mistral,mistral,Onde são publicadas as listas de classificados e chamadas para matrícula?,"Todas as listas, editais de resultados e convocações são divulgadas na internet, no site oficial de ingressos: ingresso.ifrs.edu.br."," As listas de candidatas/candidatos aptas/aptos a participar da Chamada Pública são publicadas em cada campus, tanto na Primeira Chamada quanto na Chamada Pública. A publicação do nome da/do candidata/candidato na Chamada Pública e o envio da documentação não garantem à/ao candidata/candidato à vaga",0.036,26.925,1954,107,1.0,0.0,0.9999999999,1.0,0.20898670557674687
mistral,mistral,"O que é e quem participa da ""Chamada Pública""?","A ""Chamada Pública"" é um chamamento eletrônico ou presencial realizado para preencher vagas que restaram sem matrícula após as etapas regulares, convocando candidatos suplentes por ordem de classificação."," A Chamada Pública é a última chamada para matrícula e ocorre após a primeira chamada para preenchimento das vagas que ainda não foram ocupadas. Para os cursos que houver a Chamada Pública, participarão todas as candidatas/candidatos que ainda não foram chamadas na primeira chamada (suplentes), bem ",0.035,29.221,1948,165,1.0,0.9200470896267945,0.9999999999,1.0,0.5711936064932832
mistral,mistral,Ter o nome listado na Chamada Pública garante a vaga no curso?,Não. Estar na lista de convocados e enviar os documentos na Chamada Pública apenas gera expectativa de direito. O preenchimento ocorre estritamente pela ordem de classificação dos candidatos habilitados até o limite de vagas disponíveis.," Não, ter o nome listado na Chamada Pública não garante à/ao candidata/candidato a vaga no curso. A publicação do nome e o envio da documentação apenas indicam que o candidato/candidata está apto/a para participar da chamada pública, mas a matrícula é feita após a realização da mesma, seguindo a ord",0.036,18.609,1947,115,0.5,0.9789450437121863,0.9999999999,1.0,0.7771813853865586
mistral,mistral,Posso manter vínculos ativos de matrícula em mais de um curso de graduação?,Não. É expressamente proibido por lei federal que um estudante ocupe concomitantemente duas vagas de cursos de graduação em quaisquer instituições públicas de ensino superior do país.," Não, é proibida a matrícula em mais de um curso superior (de graduação) em instituições públicas ou privadas com bolsa de estudo Prouni. (8.9 da documentação fornecida)",0.037,24.399,1898,57,1.0,0.8842993678935139,0.9999999999,1.0,0.6566676581294709
mistral,mistral,"O que acontece se eu for matriculado, mas faltar aos primeiros dias letivos?",O estudante regularmente matriculado que faltar aos primeiros dias letivos (conforme limite estipulado em edital) sem justificativa formal de ausência aceita pelo campus terá sua matrícula cancelada por abandono.," Se você for matriculado, mas faltar aos primeiros dias letivos, de acordo com o edital, sua matrícula será cancelada, exceto para os ingressantes por transferência ou ingresso de diplomado. Isso é estabelecido na disposição geral e final 20.1 do edital, conforme mencionado no contexto fornecido.",0.036,27.869,2012,94,1.0,0.9338487910361468,0.9999999999,1.0,0.48241973577318253
mistral,mistral,É obrigatório possuir conta no portal gov.br para se inscrever?,"Sim, o acesso ao sistema de inscrições exige uma conta ativa no portal gov.br."," Sim, é necessário ter um cadastro no portal gov.br para se inscrever no processo seletivo do IFRS. Caso ainda não tenha cadastro, ao digitar o CPF na página de login, será redirecionado para realizar o cadastro.",0.043,25.483,1952,70,1.0,0.9179998426021342,0.9999999999,1.0,0.9690207401225843
mistral,mistral,Qual nível de conta gov.br é exigido para a inscrição?,"Geralmente são aceitas contas níveis bronze, prata ou ouro para o acesso básico."," O contexto fornecido não menciona explicitamente qual nível de conta do portal gov.br é exigido para a inscrição, apenas que o candidato deverá se autenticar no portal com seu CPF e senha.",0.039,21.894,2013,60,1.0,0.0,0.0,0.0,0.2165591862531024
mistral,mistral,Posso usar o CPF dos meus pais para fazer a minha inscrição?,"Não, a inscrição deve ser feita obrigatoriamente com o CPF do próprio candidato.", Não encontrei essa informação nos documentos.,0.039,25.648,2085,14,0.5,0.0,0.9999999999,1.0,0.20740344474170866
mistral,mistral,O que fazer se eu esquecer a senha da minha conta gov.br?,Você deve recuperar a senha diretamente na plataforma gov.br pelas opções de recuperação., Não encontrei essa informação nos documentos.,0.036,23.236,1921,14,1.0,0.0,0.0,0.0,0.20800010818655762
mistral,mistral,Candidatos estrangeiros podem participar do processo seletivo?,"Sim, desde que possuam a documentação legal exigida para permanência no Brasil."," Sim, candidatos estrangeiros podem participar do processo seletivo. Eles devem apresentar um dos seguintes documentos: Registro Nacional de Estrangeiro (RNE), Passaporte com visto de estudante ou outro documento que por previsão legal permita que o estrangeiro estude no Brasil.",0.035,28.212,2081,79,0.75,0.9544107956654385,0.9999999999,1.0,0.8122698497645433
mistral,mistral,Qual documento de identidade é aceito para candidatos estrangeiros?,O Registro Nacional de Estrangeiro (RNE) ou a Carteira de Registro Nacional Migratório (CRNM)., O Registro Nacional de Estrangeiro (RNE) ou Comprovante de Situação Cadastral emitido pela Receita Federal.,0.037,27.594,2201,35,0.5,0.8728635364634316,0.9999999999,0.0,0.5309017544497425
mistral,mistral,É permitido o uso de nome social durante o processo seletivo?,"Sim, candidatos travestis e transexuais podem solicitar o uso de nome social."," Sim, é permitido o uso de nome social durante o processo seletivo, mas somente com autorização do responsável legal.",0.037,23.451,1911,32,0.5,0.0,0.9999999999,1.0,0.48050011249746827
mistral,mistral,Como solicito a inclusão do meu nome social no cadastro?,A solicitação deve ser feita durante o preenchimento do formulário de inscrição.," Para solicitar a inclusão do seu nome social no cadastro, você precisa preencher o formulário ANEXO XV SOLICITAÇÃO DE USO DE NOME SOCIAL PARA MENOR DE IDADE disponível em https://cta.ifrs.edu.br/ps-formularios/formulario-nome-social-16/. Neste formulário, você deve preencher os seguintes campos:  *",0.041,26.743,2054,308,1.0,0.9453391054690339,0.9999999999,1.0,0.2066088694917661
mistral,mistral,O IFRS envia e-mails de confirmação após a conclusão da inscrição?,"Sim, o sistema envia confirmações automáticas para o e-mail cadastrado.", Não encontrei essa informação nos documentos.,0.037,23.875,1991,14,1.0,0.0,0.0,0.0,0.1987650931772184
mistral,mistral,O que devo fazer se não receber o e-mail de confirmação?,Verifique a caixa de spam ou acesse o sistema para confirmar o status da inscrição., Não encontrei essa informação nos documentos. É recomendável entrar no site ingresso.ifrs.edu.br para verificar se a inscrição foi confirmada ou entrar em contato com o gabinete do reitor do IFRS para obter mais informações.,0.037,24.976,1900,72,0.6,0.0,0.0,0.0,0.21105301906007007
mistral,mistral,Qual é a validade exigida para o documento de identidade (RG)?,O RG deve estar legível e permitir a identificação clara e atualizada do candidato.," O documento de identidade válido é a Carteira de Identidade emitida pelas Secretarias de Segurança Pública – Instituto de Identificação; pela Polícia Federal; pelos Comandos Militares; pela Polícia Militar e pelos órgãos ou conselhos fiscalizadores de exercício profissional, conforme o texto encont",0.037,29.084,2147,93,0.75,0.8910829021443449,0.0,1.0,0.5048906790906071
mistral,mistral,CNH (Carteira Nacional de Habilitação) é aceita como identificação?,"Sim, a CNH dentro da validade é um documento de identificação oficial aceito."," Sim, a Carteira Nacional de Habilitação (CNH) é aceita como documento de identificação conforme os documentos relacionados ao processo seletivo do IFRS.",0.038,17.147,2032,46,1.0,0.948875333373583,0.9999999999,1.0,0.8303459729452551
mistral,mistral,Posso usar a certidão de nascimento no lugar do RG para a matrícula?,"Não, a certidão de nascimento não substitui o documento de identidade com foto."," Sim, na seção ""Carteira de identidade ou documento equivalente"", é mencionado que os documentos com foto expedidos por órgãos das Secretarias de Segurança, Forças Armadas, Polícia Militar, Ministério do Trabalho, Ordens ou Conselhos de Classe legalmente reconhecidos, ou Conselho Nacional de Trânsit",0.037,31.266,2030,178,0.75,0.9773277297936098,0.9999999999,1.0,0.22027515345913945
mistral,mistral,Documentos digitais oficiais (como e-Título) são válidos no processo?,"Sim, documentos digitais oficiais com QR Code de validação normalmente são aceitos."," Sim, documentos digitais oficiais, como e-Título, podem ser válidos no processo, desde que estejam legíveis e estão em perfeitas condições.",0.039,25.988,2015,46,0.5,0.969050669693519,0.9999999999,0.0,0.6578351284304529
mistral,mistral,Cópias autenticadas em cartório substituem o envio online dos originais?,"Não, o envio deve ser feito digitalizando os documentos originais diretamente no sistema.", Não encontrei essa informação nos documentos.,0.037,25.962,2147,14,1.0,0.0,0.9999999999,0.0,0.20967968116241134
mistral,mistral,Preciso enviar fotos 3x4 no momento da pré-matrícula?,A necessidade de foto 3x4 depende das orientações específicas do edital de matrícula.," Sim, conforme o contexto fornecido, é imprescindível que a/o candidata/candidato tenha um documento oficial com foto para efetivação da matrícula.",0.037,26.268,2064,48,1.0,0.8814072225981006,0.0,1.0,0.21817256644168156
mistral,mistral,Existe limite de idade máximo para ingressar nos cursos subsequentes?,Não há limite máximo de idade para ingressar nos cursos técnicos subsequentes.," Sim, existe um limite de idade máximo para ingressar nos cursos subsequentes. Para ingressar em um curso subsequente, o estudante deve possuir o Ensino Médio completo ou concluí-lo até 29 de maio de 2026 (3.5 do contexto fornecido).",0.037,25.937,1922,83,0.6666666666666666,0.9957411303156711,0.9999999999,1.0,0.21713863736786024
mistral,mistral,Existe idade mínima para os cursos superiores de graduação?,"Não há limite de idade, mas é necessário ter concluído o Ensino Médio.", Não encontrei essa informação nos documentos.,0.036,17.68,1824,14,1.0,0.0,0.9999999999,0.0,0.2121879440972472
mistral,mistral,O que é o período de interposição de recursos?,É o prazo oficial para contestar resultados preliminares ou decisões do processo.," O período para realização de recursos (pedidos de revisão, questionamentos) quanto ao gabarito das provas e resultado das comissões de heteroidentificação é de 24 e 25/11/2025.",0.036,28.84,2227,62,0.8,0.8813584427645144,0.9999999999,1.0,0.6464890829761945
mistral,mistral,Como devo enviar um recurso contra o resultado preliminar?,Os recursos devem ser submetidos exclusivamente pelo sistema eletrônico de ingresso.," O recurso deve ser realizado online pelo sistema de Pré-Matrícula no site ingresso.ifrs.edu.br, clicando em “Pré-Matrícula”.",0.035,26.901,2120,44,1.0,0.8543336682467719,0.9999999999,1.0,0.7741863337473025
mistral,mistral,Posso enviar recursos por e-mail diretamente ao campus?,"Não, recursos enviados por e-mail fora do sistema oficial não são analisados."," Sim, de acordo com o contexto fornecido, é possível enviar recursos por e-mail diretamente ao campus. Isso é mencionado no item 17.3.2 do contexto.",0.038,23.938,1879,53,0.0,0.9706418671503741,0.9999999999,0.0,0.2144674738688728
mistral,mistral,Qual é o prazo padrão para análise e resposta dos recursos?,O prazo exato de resposta está previsto no cronograma oficial do edital.," O prazo padrão para análise e resposta dos recursos, quanto ao gabarito das provas e resultado das comissões de heteroidentificação, é entre 24 e 25/11/2025 e 14 a 17/02/2026.",0.037,30.731,2307,76,0.25,0.9425722811823197,0.9999999999,1.0,0.21279555665327948
mistral,mistral,"Se meu recurso for negado, posso recorrer novamente?","Não, a decisão após a análise do recurso é definitiva na esfera administrativa."," Sim, conforme o cronograma que consta no item 2 , o candidato que tiver sua autodeclaração não confirmada pela Comissão de Heteroidentificação poderá entrar com recurso dentro do prazo que consta no cronograma. O recurso será realizado pelo link do Sistema de Pré-Matricula disponibilizado no site i",0.035,29.116,2078,102,1.0,0.8748024502537826,0.0,0.0,0.20834881773523503
mistral,mistral,Candidatos de outras cidades podem concorrer às vagas de Ibirubá?,"Sim, o processo seletivo é aberto a candidatos de qualquer município do país.", Não encontrei essa informação nos documentos.,0.036,25.66,2086,14,0.0,0.0,0.0,0.0,0.20343236898896133
mistral,mistral,Há alojamento ou moradia estudantil oferecida pelo campus?,"Não, o IFRS Campus Ibirubá não possui alojamento ou moradia estudantil própria.", Não encontrei essa informação nos documentos.,0.04,22.738,1909,14,1.0,0.0,0.0,0.0,0.580974072397778
mistral,mistral,O campus oferece auxílio estudantil ou bolsas de permanência?,"Sim, o IFRS possui programas de auxílio baseados em critérios socioeconômicos.", Não encontrei essa informação nos documentos.,0.037,22.697,1904,14,1.0,0.0,0.0,0.0,0.20830290869104445
mistral,mistral,Quando abrem os editais para solicitação de auxílio estudantil?,Os editais de assistência abrem após o início do semestre letivo., Não encontrei essa informação nos documentos.,0.038,22.681,1887,14,1.0,0.0,0.0,0.0,0.20504746967861012
mistral,mistral,Posso aproveitar disciplinas já cursadas em outra instituição?,"Sim, após a matrícula você pode solicitar aproveitamento mediante análise.", Não encontrei essa informação nos documentos.,0.035,23.236,1927,14,1.0,0.0,0.0,0.0,0.20150053343872484
mistral,mistral,Como solicito o aproveitamento de estudos após a matrícula?,A solicitação é feita na secretaria com o histórico e ementas das disciplinas., Não encontrei essa informação nos documentos fornecidos.,0.035,22.855,1904,18,1.0,0.0,0.0,0.0,0.20130006811400888
mistral,mistral,A documentação de matrícula pode ser entregue presencialmente?,"Não, o envio da documentação de pré-matrícula ocorre de forma totalmente eletrônica."," Sim, a documentação de matrícula pode ser entregue presencialmente. De acordo com o contexto fornecido, se um candidato não tiver acesso à internet ou precisar de ajuda, ele poderá comparecer ao campus dentro do prazo para enviar a documentação (15.4). Além disso, na Primeira Chamada e na Chamada P",0.035,28.896,1990,142,0.375,0.9729141072919089,0.9999999999,0.0,0.2096225861344302
mistral,mistral,Qual o formato de arquivo exigido para o envio dos documentos?,"Os documentos geralmente devem ser anexados em formato PDF, JPG ou PNG.", Não encontrei essa informação nos documentos fornecidos.,0.036,23.416,1931,18,1.0,0.0,0.0,0.0,0.20876841996577006
mistral,mistral,Qual o tamanho máximo permitido para os arquivos anexados no sistema?,O limite de tamanho por arquivo é estipulado pelo sistema de envio., Não encontrei essa informação nos documentos.,0.036,23.276,1946,14,0.0,0.0,0.0,0.0,0.20197819805822126
mistral,mistral,O que faço se o sistema de inscrições apresentar instabilidade?,"Tente acessar em outro navegador, limpe o cache ou aguarde a normalização.", Não encontrei essa informação nos documentos.,0.036,18.582,1871,14,1.0,0.0,0.0,0.0,0.20531666023425335
mistral,mistral,É possível trancar a matrícula logo no primeiro semestre?,"Geralmente o trancamento no primeiro semestre não é permitido, salvo exceções legais."," Sim, é possível trancar a matrícula logo no primeiro semestre, conforme o cronograma disponível na página ingresso.ifrs.edu.br. A publicação do resultado preliminar da matrícula em Primeira Chamada será realizada após o envio das documentações conforme o cronograma, e se tiver faltando algum docume",0.036,29.999,1970,171,0.7142857142857143,0.9532969515505846,0.0,0.0,0.21207814243699596
mistral,mistral,Cursos técnicos subsequentes exigem estágio obrigatório para conclusão?,"Sim, a maioria dos cursos exige o cumprimento de estágio curricular obrigatório."," Sim, os cursos técnicos subsequentes ao ensino médio listados no contexto exigem um estágio obrigatório para sua conclusão.",0.036,23.011,1848,40,0.0,0.9669491020513449,0.9999999999,1.0,0.7376679219569267
mistral,mistral,Os cursos de graduação do campus exigem Trabalho de Conclusão de Curso?,"Sim, o TCC é um componente curricular obrigatório para formatura nas graduações.", Não encontrei essa informação nos documentos.,0.039,22.364,1870,14,1.0,0.0,0.0,0.0,0.20162166526125458
mistral,mistral,Posso transferir meu curso para outro campus do IFRS futuramente?,"Sim, mediante editais internos de transferência e caso haja vaga disponível.", Não encontrei essa informação nos documentos.,0.039,23.284,1956,14,0.0,0.0,0.0,0.0,0.20340863566340384
mistral,mistral,A matrícula deve ser renovada a cada novo semestre?,"Sim, a rematrícula é obrigatória a cada semestre para manter o vínculo.", Não encontrei essa informação nos documentos.,0.039,23.265,1941,14,1.0,0.0,0.0,0.0,0.20187492686782726
mistral,mistral,O que ocorre se eu não renovar a matrícula no prazo estipulado?,O estudante perde o vínculo e tem a sua matrícula cancelada por abandono., Não encontrei essa informação nos documentos.,0.037,23.853,1996,14,1.0,0.0,0.9999999999,1.0,0.20655756601624078
mistral,mistral,Como funciona a reclassificação de vagas não preenchidas?,As vagas são repassadas aos próximos da lista de espera por ordem de classificação.," As vagas que não forem preenchidas mudarão para outras cotas seguindo a sequência abaixo até serem preenchidas: Cota 2 → Cota 4 → Cota 3 → Cota 5 → Cota 6 → Cota 8 → Cota 7 → Cota 9 → Cota 1. Se um candidato não comprovar os requisitos para a ocupação de vaga reservada, será reclassificado para o a",0.037,28.982,1903,174,1.0,0.897453291365628,0.9999999999,1.0,0.2049330697897297
mistral,mistral,Candidatos que zeraram a redação do Enem podem usar a nota?,"Não, zerar qualquer prova ou a redação desclassifica o candidato pelo Enem."," Não, candidatos que zeraram a redação do Enem não podem utilizar a nota.",0.037,23.735,1929,26,1.0,0.9751746211024149,0.9999999999,1.0,0.6085554035499374
mistral,mistral,Qual o critério de desempate caso dois candidatos tenham a mesma nota?,Os critérios de desempate geralmente priorizam candidatos de maior idade.," O critério de desempate para os cursos de graduação será pela maior pontuação na Prova de Redação, a maior nota obtida em Linguagens, Códigos e suas Tecnologias, Matemática e suas Tecnologias, Ciências da Natureza e suas Tecnologias, Ciências Humanas e suas Tecnologias, nesta ordem.",0.041,28.325,2018,105,1.0,0.9003046477660382,0.9999999999,0.0,0.2223827435278899
mistral,mistral,Pessoas trans devem passar por banca de heteroidentificação?,"Não, a banca avalia apenas quem concorre nas cotas raciais para pretos e pardos."," Sim, de acordo com o contexto fornecido, pessoas trans devem passar pela banca de heteroidentificação.",0.037,21.899,1759,34,0.0,0.963410316439641,0.9999999999,0.0,0.22017476263661154
mistral,mistral,A renda per capita é calculada com base no salário bruto ou líquido?,A renda familiar per capita é calculada com base na renda bruta mensal., Os documentos não fornecem informação específica sobre se a renda per capita é calculada com base no salário bruto ou líquido.,0.037,19.982,1610,37,0.0,0.0,0.9999999999,1.0,0.22412751413044357
mistral,mistral,Estágio remunerado conta na composição da renda familiar para cotas?,"Sim, valores recebidos como bolsa de estágio entram no cômputo da renda familiar.", Não encontrei essa informação nos documentos.,0.037,22.671,1887,14,1.0,0.0,0.0,0.0,0.2028345000183288
mistral,mistral,Membros da família que moram em outra casa entram no cálculo de renda?,"Não, apenas pessoas que residem sob o mesmo teto e compartilham rendas entram no cálculo.", Não encontrei essa informação nos documentos fornecidos.,0.038,26.221,2155,18,0.0,0.0,0.0,0.0,0.20695013612493252
mistral,mistral,Posso alterar o e-mail cadastrado após finalizar a inscrição?,A alteração deve ser feita no sistema durante o período permitido pelo edital., Não encontrei essa informação nos documentos.,0.039,22.376,1864,14,0.0,0.0,0.9999999999,0.0,0.20361770112989747
mistral,mistral,É obrigatório apresentar título de eleitor na matrícula?,"Sim, a certidão de quitação eleitoral é exigida para a matrícula de maiores de 18 anos.", Não encontrei essa informação nos documentos fornecidos.,0.034,23.407,1931,18,1.0,0.0,0.0,0.0,0.20196807669161737
mistral,mistral,Homens maiores de 18 anos precisam de comprovante militar?,"Sim, a regularidade militar é obrigatória para candidatos homens maiores de 18 anos."," Sim, homens maiores de 18 anos precisam apresentar um Comprovante de quitação com o Serviço Militar. Os candidatos que completam 18 anos no ano de ingresso ficam condicionados a apresentar o comprovante até o prazo de inscrição no Serviço Militar (alistamento).",0.037,26.572,1997,83,1.0,0.9447608474200426,0.9999999999,1.0,0.7250240868530734
mistral,mistral,Onde encontro o cronograma completo com todas as datas do edital?,O cronograma completo está disponível nos anexos do edital no site de ingresso do IFRS., O cronograma completo com todas as datas do edital pode ser encontrado no site ingresso.ifrs.edu.br.,0.037,27.797,2217,35,1.0,0.0,0.9999999999,0.0,0.5386361308125007
gemma,gemma2:27b,Quais são os cursos técnicos integrados ao Ensino Médio ofertados no Campus Ibirubá?,"Os cursos técnicos integrados ao Ensino Médio ofertados no campus são o Técnico em Agropecuária, Técnico em Informática e Técnico em Mecânica.",Técnico em Agropecuária.  ,5.777,80.094,1615,10,0.5,0.79929598409027,0.9999999999,0.0,0.5944469965619703
gemma,gemma2:27b,Quais são os turnos de funcionamento dos cursos técnicos integrados?,"O funcionamento dos cursos técnicos integrados ocorre nos turnos da manhã e da tarde (turno integral), com duração prevista de 3 anos.",Os cursos técnicos integrados funcionam nos turnos Manhã e Tarde.  ,0.078,71.44,1420,17,1.0,0.9747095207109053,0.9999999999,1.0,0.7362395908123811
gemma,gemma2:27b,Quais são os cursos técnicos subsequentes ao Ensino Médio disponíveis no Campus Ibirubá?,"Na modalidade subsequente, estão disponíveis os cursos de Técnico em Eletrotécnica e Técnico em Mecânica.",Técnico em Mecânica e Técnico em Eletrotécnica.  ,0.041,79.118,1615,17,1.0,0.8881306164266073,0.9999999999,1.0,0.9814965433314389
gemma,gemma2:27b,Em qual turno ocorrem as aulas dos cursos subsequentes?,"As aulas dos cursos técnicos subsequentes acontecem no turno da noite, com duração de 4 semestres.",As aulas dos cursos técnicos subsequentes ao ensino médio ocorrem no turno noite.  ,0.041,72.099,1472,19,0.0,0.9593433145425158,0.9999999999,0.0,0.7394004408844523
gemma,gemma2:27b,Quais são os cursos superiores de graduação ofertados no Campus Ibirubá?,"O campus oferece os seguintes cursos superiores de graduação: Bacharelado em Agronomia, Bacharelado em Engenharia Mecânica, Bacharelado em Ciência da Computação e Licenciatura em Matemática.","Bacharelado em Agronomia, Bacharelado em Engenharia Mecânica, Bacharelado em Ciência da Computação e Licenciatura em Matemática.  ",0.039,86.515,1618,41,1.0,0.9119617135177384,0.9999999999,1.0,0.9817767843906415
gemma,gemma2:27b,Qual é a duração e os turnos dos cursos de Agronomia e Engenharia Mecânica no campus?,"O curso de Agronomia ocorre nos turnos da manhã e da tarde com duração de 10 semestres. O curso de Engenharia Mecânica é ofertado no turno da noite, também com duração de 10 semestres.","No campus de Sertão, o Bacharelado em Agronomia tem duração de 10 semestres e é oferecido nos turnos Manhã e Tarde.  No campus de Vacaria, o Bacharelado em Agronomia também tem duração de 10 semestres e é oferecido no turno Noite.  Não encontrei informações sobre cursos de Engenharia Mecânica.",0.039,93.037,1514,84,0.8,0.9418002813053071,0.0,0.5,0.6453429747702975
gemma,gemma2:27b,Qual é a duração e os turnos de Ciência da Computação e Licenciatura em Matemática?,"O curso de Ciência da Computação ocorre à noite com duração de 9 semestres, enquanto a Licenciatura em Matemática também acontece no turno da noite com duração de 8 semestres.","Licenciatura em Matemática: turno Noite, 8 semestres.   Não encontrei informação sobre a duração e os turnos do curso de Ciência da Computação.  ",0.039,81.283,1529,42,1.0,0.0,0.0,0.5,0.7379022677383303
gemma,gemma2:27b,Os cursos ofertados pelo IFRS Campus Ibirubá são pagos?,"Não. Todos os cursos oferecidos no IFRS são 100% gratuitos, não havendo cobrança de mensalidades ou taxas de matrícula.",Não encontrei essa informação nos documentos.  ,0.04,72.726,1501,11,1.0,0.0,0.9999999999,0.0,0.19389813443364445
gemma,gemma2:27b,Qual o valor da taxa de inscrição para os cursos técnicos integrados?,"A taxa de inscrição para os cursos técnicos na modalidade integrada é de R$ 60,00.","R$ 70,00 (setenta reais) .  ",0.042,68.604,1369,17,1.0,0.8348578971237215,0.0,0.0,0.20790845127880095
gemma,gemma2:27b,Quanto custa a inscrição para os cursos técnicos subsequentes?,"O custo é de R$ 20,00.","R$ 70,00 (setenta reais)  ",0.04,71.214,1439,16,1.0,0.8304951772422211,0.0,0.0,0.2181353091833941
gemma,gemma2:27b,Qual é o custo da inscrição para concorrer a uma vaga em curso de graduação?,"Se o candidato optar por concorrer via Exame de Seleção (prova), a taxa é de R$ 80,00. Caso a opção seja via nota do ENEM, a taxa é de R$ 20,00.","R$ 100,00  ",0.038,67.252,1377,12,1.0,0.8042010247560902,0.0,0.0,0.20909569504905862
gemma,gemma2:27b,Como deve ser efetuado o pagamento da taxa de inscrição?,"O pagamento deve ser realizado por meio de boleto bancário gerado ao final da inscrição, pagável na rede bancária ou via internet banking.","Ao final da inscrição, será gerado um boleto para pagamento da taxa de inscrição.  ",0.042,69.441,1388,20,1.0,0.8603281332639177,0.9999999999,1.0,0.6580492630925977
gemma,gemma2:27b,Até quando posso pagar a taxa de inscrição?,O boleto deve ser pago impreterivelmente até o prazo limite definido no cronograma oficial do edital correspondente.,A/o candidata/candidato tem até o dia 13 de outubro de 2025 para realizar o pagamento da taxa de inscrição.  ,0.042,76.419,1418,35,1.0,0.9582507730579276,0.9999999999,1.0,0.2175588436350177
gemma,gemma2:27b,Posso modificar os dados da minha inscrição (como a opção de curso ou campus) após concluí-la?,"Sim, no entanto, após a finalização da inscrição, qualquer alteração exige que o candidato realize uma nova inscrição dentro do prazo regulamentar para que os novos dados sejam computados.",Não será realizada troca de curso ou de cota após o período de inscrição.  ,0.038,67.106,1356,19,1.0,0.0,0.9999999999,1.0,0.2111020017792799
gemma,gemma2:27b,É possível me inscrever em mais de um curso no mesmo edital do IFRS?,Não. É permitido realizar apenas uma única inscrição por candidato em cada edital.,"Não é permitida a inscrição por pessoa em mais de um curso de cada modalidade (Integrado, EJA, Concomitante, Subsequente, Concomitante/Subsequente e Graduação).  ",0.039,79.908,1440,48,1.0,0.8968165197828798,0.9999999999,1.0,0.4013454585818626
gemma,gemma2:27b,Há devolução do valor pago na taxa de inscrição se eu desistir de participar?,"Não. O valor pago na taxa de inscrição não é reembolsável sob nenhuma circunstância, exceto se houver cancelamento do certame por parte do IFRS.",Não haverá o reembolso (devolução) do pagamento da taxa de inscrição cancelada.  ,0.041,72.542,1409,21,1.0,0.8988889216679156,0.9999999999,1.0,0.7188049061670522
gemma,gemma2:27b,Quem tem direito a solicitar a isenção do pagamento da taxa de inscrição?,"Têm direito à isenção os candidatos com renda familiar bruta mensal de até 1 salário mínimo per capita (R$ 1.412,00) que estejam regularmente registrados no CadÚnico como baixa renda.","Pessoas cadastradas no CadÚnico como pertencente a família de baixa renda. Família de baixa renda é a que recebe até 1 salário mínimo por pessoa (R$ 1.518,00) por mês.    ",0.038,77.922,1371,51,1.0,0.8266177265797251,0.9999999999,1.0,0.4773530409059725
gemma,gemma2:27b,O cadastro do CadÚnico precisa ter alguma atualização recente?,Sim. O cadastro do candidato no CadÚnico deve estar obrigatoriamente atualizado nos últimos 2 anos.,"Sim, somente serão aceitos cadastros atualizados nos últimos 2 anos.  ",0.043,75.365,1538,19,1.0,0.8784376420786744,0.9999999999,1.0,0.8252680827185538
gemma,gemma2:27b,Onde realizo a solicitação de isenção de taxa?,"A solicitação deve ser realizada exclusivamente via internet, na página de ingressos do IFRS (ingresso.ifrs.edu.br).","Você deve acessar o endereço ingresso.ifrs.edu.br e clicar em “Isenção”.  Para acessar o formulário de solicitação, será necessário utilizar o login e senha do gov.br. Caso ainda não tenha cadastro no site do gov.br , ao digitar o CPF na página de login, você será redirecionado para realizar o cadas",0.042,82.924,1331,77,1.0,0.9153304645386612,0.9999999999,1.0,0.7173900715468413
gemma,gemma2:27b,A isenção pode ser solicitada por mais de um membro do mesmo núcleo familiar?,"Sim. A isenção é um benefício de caráter estritamente individual, e cada integrante da mesma família que deseja concorrer deve fazer a sua própria solicitação.","Sim, se mais de uma pessoa de uma mesma família fizer a inscrição no processo seletivo, cada uma deverá solicitar o não pagamento da taxa de inscrição.    ",0.039,71.081,1336,34,1.0,0.8864859260696776,0.9999999999,1.0,0.7202547028185227
gemma,gemma2:27b,"Se minha isenção de taxa for aprovada (deferida), já estou inscrito no Processo Seletivo?","Não. O candidato que teve a isenção aceita deve, obrigatoriamente, entrar no sistema e realizar a inscrição no curso desejado para gerar o comprovante de isento.","Não, mesmo que sua solicitação de isenção seja deferida, você ainda precisará realizar a inscrição de 24 de setembro de 2025 até o dia 12 de outubro de 2025.    ",0.044,78.163,1375,52,1.0,0.9076000303299033,0.9999999999,1.0,0.6454749562875679
gemma,gemma2:27b,O IFRS pode solicitar documentos de comprovação de renda para quem foi isento?,"Sim. O IFRS pode conferir e auditar as informações prestadas, e o candidato que prestar declarações falsas está sujeito a responder legalmente e ser eliminado do processo.",Não encontrei essa informação nos documentos.  ,0.04,64.85,1322,11,0.5,0.0,0.9999999999,1.0,0.19584245625632093
gemma,gemma2:27b,Qual o sistema utilizado para o ingresso nos cursos técnicos integrados de Ibirubá?,O sistema de ingresso para os cursos técnicos integrados em Ibirubá é realizado por meio de Exame de Seleção (prova objetiva presencial).,Prova.,0.038,75.955,1632,3,1.0,0.0,0.9999999999,1.0,0.7024408618699401
gemma,gemma2:27b,Como são distribuídas as vagas para os cursos técnicos subsequentes de Ibirubá?,As vagas da modalidade subsequente são preenchidas por meio de Sorteio Público ou classificação pela nota do ENEM.,"As vagas para os cursos técnicos subsequentes em Ibirubá são distribuídas entre diferentes cotas, sendo elas:  * **C1:** Reserva para candidatos que concluíram o ensino médio integralmente em escola pública e possuem renda igual ou inferior a 1 salário mínimo. * **C2, C3, C4, C5, C6:**  Independente",0.04,149.534,1631,264,0.8571428571428571,0.9829432847119315,0.9999999999,1.0,0.20655790608136854
gemma,gemma2:27b,Quais os meios para ingressar em um curso de graduação superior em Ibirubá?,Os ingressos para os cursos superiores de graduação em Ibirubá ocorrem via Exame de Seleção (prova com redação) ou utilizando a nota do ENEM.,"O texto menciona que a lista de cursos e vagas para o Processo Seletivo 2026/1, distribuídos por campus, está nos Quadros de Vagas. Para saber os meios de ingresso específicos para Ibirubá, você precisa consultar os anexos mencionados (Anexo I, Anexo II, Anexo III e Anexo IV).   ",0.038,93.287,1579,73,1.0,0.0,0.9999999999,1.0,0.21592414751004912
gemma,gemma2:27b,"Se eu escolher o ENEM para a graduação, posso usar notas de ""treineiro""?","Não. As notas do ENEM obtidas na condição de ""treineiro"" não são validadas para a classificação de vagas.",Não serão consideradas notas do Enem realizado como “treineiros”.  ,0.039,71.531,1452,17,1.0,0.9355039415511821,0.9999999999,1.0,0.980245552694408
gemma,gemma2:27b,O que fazer se eu precisar de acessibilidade ou condições especiais no dia da prova?,O candidato deve indicar sua necessidade no Formulário de Solicitação de Condição Especial (Anexo II/IV/V) disponível no sistema no momento da inscrição.,"Caso necessite de algum(ns) dos atendimentos especiais listados abaixo, assinale a(s) alternativa(s) correspondente(s)  * Acesso facilitado em função de dificuldade de locomoção ou uso de cadeira de roda. * Mesa adequada a uma cadeira de rodas. * Cadeira e mesa adequadas à minha estatura ou amputaçã",0.041,140.887,1395,279,1.0,0.0,0.9999999999,1.0,0.20913104284348158
gemma,gemma2:27b,Quais apoios especiais podem ser solicitados para o dia da avaliação?,"Podem ser solicitados auxílios como tempo adicional de prova, apoio de ledores ou transcritores, salas de fácil acesso e atendimento específico para lactantes.",A/O candidata/candidato poderá solicitar:  * **Acesso facilitado em função de dificuldade de locomoção ou uso de cadeira de roda.** * **Mesa adequada a uma cadeira de rodas.** * **Cadeira e mesa adequadas à minha estatura ou amputação.** * **Realização da prova em ambiente com poucas pessoas.** * **,0.039,142.349,1424,275,1.0,0.8804803917008822,0.9999999999,1.0,0.48079808023799675
gemma,gemma2:27b,Quantas vagas são destinadas à reserva de vagas para escolas públicas?,Pelo menos 50% das vagas totais de cada curso são reservadas exclusivamente para estudantes egressos de escolas públicas.,Não encontrei essa informação nos documentos.  ,0.042,72.217,1513,11,0.0,0.0,0.9999999999,0.0,0.2034506147316154
gemma,gemma2:27b,O que define se posso concorrer como egresso de escola pública?,É elegível o candidato que comprovar ter cursado integralmente todo o Ensino Fundamental (para cursos técnicos) ou todo o Ensino Médio (para cursos superiores) em instituições públicas de ensino.,"Para concorrer como egresso de escola pública, você precisa ter cursado integralmente o Ensino Médio em escola pública.    ",0.042,69.356,1357,28,1.0,0.9426115685877906,0.9999999999,1.0,0.22750977680951473
gemma,gemma2:27b,"Se estudei com bolsa integral em escola particular, posso concorrer às vagas reservadas?","Não. Quem estudou em escola particular, mesmo que sob a condição de bolsista integral, não possui o direito de concorrer às cotas destinadas a escolas públicas.","Não, você não poderá concorrer às vagas reservadas. O item 1.14.4 afirma que não poderão concorrer às vagas reservadas aqueles que já cursaram parte do Ensino Fundamental (para os Cursos Técnicos) ou parte do Ensino Médio (para os Cursos de Graduação) em escolas particulares, mesmo que na condição d",0.042,88.719,1443,81,1.0,0.9517742134369015,0.9999999999,1.0,0.7285640309224366
gemma,gemma2:27b,Como funciona a comprovação de renda para as cotas destinadas à baixa renda?,"A comprovação de renda é baseada nos dados do candidato cadastrados no CadÚnico, exigindo-se a apresentação do Extrato de Consulta Completa.",Documentos de renda e Avaliação socioeconômica.  ,0.039,70.328,1472,14,1.0,0.8825361738904347,0.0,0.0,0.2136450988200381
gemma,gemma2:27b,"O que são as vagas destinadas ao grupo PPIQ (Pretos, Pardos, Indígenas e Quilombolas)?","São as cotas voltadas para candidatos egressos de escola pública que se autodeclarem Pretos, Pardos, Indígenas ou Quilombolas.","As vagas destinadas ao grupo PPIQ (Pretos, Pardos, Indígenas e Quilombolas) são as cotas 3 e 6.    A cota 3 é para candidatos que se autodeclaram negros/negras (pretos/pretas, pardos/pardas), indígenas ou quilombolas (PPIQ), com renda familiar bruta per capita igual ou inferior a 1 salário mínimo, e",0.044,126.696,1497,205,0.4444444444444444,0.9173017942677306,0.9999999999,1.0,0.651946748500983
gemma,gemma2:27b,Quem pode concorrer na Cota 10 (destinada a Pessoas com Deficiência - PcD)?,"A Cota 10 (C10) é reservada exclusivamente para Pessoas com Deficiência (PcD), independentemente de renda ou de terem estudado em escola pública.","Pessoa com Deficiência (PcD), que tenha cursado integralmente o Ensino Fundamental (Cursos Técnicos) ou Ensino Fundamental (Cursos de Graduação) em escola pública, independente de renda.  ",0.039,81.589,1523,44,0.5,0.8984666090603554,0.9999999999,0.0,0.6043723386194528
gemma,gemma2:27b,O que acontece se as vagas PcD não forem preenchidas por falta de candidatos?,"As vagas reservadas a PcD que não forem preenchidas por falta de candidatos são remanejadas para outras cotas ou destinadas ao Acesso Universal (Cota 1), dependendo da ordem descrita no edital.",Não encontrei essa informação nos documentos.  ,0.044,69.662,1454,11,1.0,0.0,0.9999999999,0.0,0.19965254578362418
gemma,gemma2:27b,O que o candidato aprovado por cota de escola pública precisa assinar na matrícula?,O candidato aprovado por cota de escola pública deve assinar eletronicamente a Declaração de Não Ter Estudado em Escolas Particulares.,Não encontrei essa informação nos documentos.  ,0.039,69.829,1433,11,1.0,0.0,0.0,0.0,0.2022389761010152
gemma,gemma2:27b,Quais documentos específicos devem ser enviados por candidatos indígenas aprovados?,É necessário anexar a Autodeclaração de membro de Comunidade Indígena (Anexo VII/IX) junto ao RANI ou à Declaração de Membro assinada por liderança da comunidade indígena (Anexo VIII/X).,Os candidatos indígenas aprovados devem enviar a Autodeclaração de membro de Comunidade indígena (Anexo VII); o Registro Administrativo de Nascimento de Indígena (RANI); ou a Declaração de Membro de Comunidade Indígena pela Liderança Indígena (Anexo VII).  ,0.039,84.119,1464,63,0.6666666666666666,0.9732561958726109,0.9999999999,1.0,0.7998152670465818
gemma,gemma2:27b,Qual o documento necessário para candidatos que concorrem a vagas reservadas a Quilombolas?,O candidato deve enviar a Declaração de pertencimento quilombola (Anexo IX/XI) assinada por 3 lideranças (com cópias de seus documentos) e o documento de reconhecimento emitido pela Fundação Cultural Palmares.,"O candidato que concorrer às vagas reservadas a Quilombolas deverá enviar pelo Sistema de Pré-Matrícula:  I. declaração expedida pela Fundação Cultural Palmares na qual conste o reconhecimento oficial do quilombo do qual o candidato pertença ou, para quilombos em processo de reconhecimento, document",0.039,115.496,1456,177,0.875,0.9280803790481498,0.9999999999,1.0,0.6623844588325729
gemma,gemma2:27b,"O que acontece se eu enviar documentos apagados, cortados ou incompletos?","O candidato que enviar documentação ilegível, rasurada ou incompleta terá sua matrícula indeferida automaticamente.","A resposta está no item 6.2: ""Todos os documentos enviados eletronicamente devem estar legíveis.""  e no item 6.9: ""A/O candidata/candidato convocada/convocado que não apresentar a documentação exigida, quando solicitada, perderá o direito à vaga, independente do período do curso em que esteja matric",0.042,99.465,1474,110,0.75,0.9342406685432588,0.9999999999,1.0,0.41268102462514167
gemma,gemma2:27b,E se a escola ainda não tiver emitido meu Certificado de Conclusão na data da matrícula?,"É aceito o envio de uma Declaração provisória de provável conclusão emitida pela escola. A matrícula será homologada de forma condicional, devendo o certificado oficial ser apresentado na data limite estabelecida.","Se o candidato é provável formando ou que foi solicitado o Comprovante do Ensino Médio e que está em fase de emissão. Nestes casos o candidato terá sua matrícula realizada de forma condicional, devendo apresentar o Certificado de Conclusão do Ensino Médio até 29 de maio de 2026.  ",0.039,76.725,1253,69,1.0,0.0,0.9999999999,1.0,0.6012334212555153
gemma,gemma2:27b,O que é o processo de Heteroidentificação?,É o procedimento presencial de verificação para confirmar a veracidade da autodeclaração prestada por candidatos pretos ou pardos.,O processo de heteroidentificação visa verificar a autodeclaração racial de candidatos negros (pretas/pretos e pardas/pardos) que se inscreveram no IFRS.  Candidatos nesse grupo devem comparecer à Comissão de Heteroidentificação para confirmação da sua autodeclaração.  ,0.039,88.316,1523,68,1.0,0.9149506202941661,0.9999999999,1.0,0.7206915457108851
gemma,gemma2:27b,Quais são os critérios que a banca utiliza para avaliar o candidato?,"A banca baseia-se exclusivamente nos critérios fenotípicos (características físicas visíveis do candidato, tais como traços faciais, cabelo e cor da pele).",Não encontrei essa informação nos documentos.  ,0.039,72.585,1518,11,0.0,0.0,0.0,0.0,0.20461056206801254
gemma,gemma2:27b,Posso levar fotos ou a minha certidão de nascimento para provar minha ascendência?,"Não. Fotos antigas, documentos civis ou histórico de herança genética familiar de parentes não são considerados na avaliação da banca.",Não encontrei essa informação nos documentos.  ,0.039,73.197,1538,11,1.0,0.0,0.0,0.0,0.20352432657099756
gemma,gemma2:27b,Menores de 18 anos precisam de alguma autorização para filmagem do processo?,"Sim. No ato de matrícula, candidatos menores de 18 anos devem apresentar a Autorização de Uso de Imagem (Anexo VIII/IX) devidamente assinada por seus pais ou responsáveis legais.","Sim, menores de 18 anos precisam da assinatura de um responsável no documento de autorização.    ",0.038,77.28,1545,23,1.0,0.923748409689636,0.9999999999,0.5,0.7291329772063615
gemma,gemma2:27b,O que ocorre se eu for convocado e não comparecer à banca de heteroidentificação?,"O candidato ausente ou que não tiver sua autodeclaração validada pela banca perde a vaga da cota e é reclassificado para as vagas de Acesso Universal (Cota 1), caso possua classificação suficiente.",Não será marcada outra data para comparecimento caso a/o candidata/candidato alegue desconhecimento da data e horário ou impossibilidade pessoal para o não comparecimento.    ,0.043,80.014,1481,38,1.0,0.8856199198432688,0.9999999999,0.0,0.21420629109965902
gemma,gemma2:27b,Onde são publicadas as listas de classificados e chamadas para matrícula?,"Todas as listas, editais de resultados e convocações são divulgadas na internet, no site oficial de ingressos: ingresso.ifrs.edu.br.",As publicações das listas de classificados e chamadas para matrícula são realizadas no site ingresso.ifrs.edu.br.  ,0.039,74.65,1461,29,1.0,0.9650907332923817,0.9999999999,1.0,0.6081496606176858
gemma,gemma2:27b,"O que é e quem participa da ""Chamada Pública""?","A ""Chamada Pública"" é um chamamento eletrônico ou presencial realizado para preencher vagas que restaram sem matrícula após as etapas regulares, convocando candidatos suplentes por ordem de classificação.","A Chamada Pública é a última chamada para matrícula. Ela ocorre após a primeira chamada para o preenchimento das vagas que ainda não foram ocupadas. Para os cursos que houver a Chamada Pública, participarão todas/todos as/os candidatas/candidatos que ainda não foram chamadas/chamados na primeira cha",0.041,90.074,1398,96,1.0,0.9111792178960979,0.9999999999,1.0,0.5616150737413991
gemma,gemma2:27b,Ter o nome listado na Chamada Pública garante a vaga no curso?,Não. Estar na lista de convocados e enviar os documentos na Chamada Pública apenas gera expectativa de direito. O preenchimento ocorre estritamente pela ordem de classificação dos candidatos habilitados até o limite de vagas disponíveis.,"Não, a publicação do nome da/do candidata/candidato na Chamada Pública e o envio da documentação não garantem à/ao candidata/candidato à vaga no curso e a efetivação da matrícula.    ",0.039,80.307,1440,50,1.0,0.9322764670921648,0.9999999999,1.0,0.6471015645049045
gemma,gemma2:27b,Posso manter vínculos ativos de matrícula em mais de um curso de graduação?,Não. É expressamente proibido por lei federal que um estudante ocupe concomitantemente duas vagas de cursos de graduação em quaisquer instituições públicas de ensino superior do país.,"Não, é proibida a matrícula em mais de um curso superior (de graduação) em instituições públicas ou instituição privadas com bolsa de estudo Prouni.    ",0.039,76.063,1423,34,1.0,0.8835659184216723,0.9999999999,1.0,0.6015904677074544
gemma,gemma2:27b,"O que acontece se eu for matriculado, mas faltar aos primeiros dias letivos?",O estudante regularmente matriculado que faltar aos primeiros dias letivos (conforme limite estipulado em edital) sem justificativa formal de ausência aceita pelo campus terá sua matrícula cancelada por abandono.,"De acordo com o artigo 20.1, a matrícula do estudante que não comparecer, injustificadamente, aos 6 (seis) primeiros dias de efetivo trabalho acadêmico, do primeiro período letivo do curso, será cancelada, exceto para os ingressantes por transferência ou ingresso de diplomado.    ",0.039,89.379,1539,69,1.0,0.9312717702033795,0.9999999999,1.0,0.4756991131626878
gemma,gemma2:27b,É obrigatório possuir conta no portal gov.br para se inscrever?,"Sim, o acesso ao sistema de inscrições exige uma conta ativa no portal gov.br.","Sim, é obrigatório possuir conta no portal gov.br para se inscrever.  A/o candidata/candidato, ao acessar o sistema de inscrição do IFRS, será direcionado ao portal gov.br para autenticar-se com seu CPF e senha. Caso ainda não tenha cadastro no portal, ao digitar o CPF na página de login, a/o candid",0.037,92.517,1452,94,0.75,0.9555338197067267,0.9999999999,1.0,0.718154362585139
gemma,gemma2:27b,Qual nível de conta gov.br é exigido para a inscrição?,"Geralmente são aceitas contas níveis bronze, prata ou ouro para o acesso básico.",Não encontrei essa informação nos documentos.  ,0.039,69.698,1469,11,1.0,0.0,0.0,0.0,0.2025141774619695
gemma,gemma2:27b,Posso usar o CPF dos meus pais para fazer a minha inscrição?,"Não, a inscrição deve ser feita obrigatoriamente com o CPF do próprio candidato.",Não encontrei essa informação nos documentos.  ,0.041,75.497,1568,11,1.0,0.0,0.9999999999,1.0,0.20740344474170866
gemma,gemma2:27b,O que fazer se eu esquecer a senha da minha conta gov.br?,Você deve recuperar a senha diretamente na plataforma gov.br pelas opções de recuperação.,Não encontrei essa informação nos documentos.  ,0.039,69.887,1421,11,1.0,0.0,0.0,0.0,0.20800010818655762
gemma,gemma2:27b,Candidatos estrangeiros podem participar do processo seletivo?,"Sim, desde que possuam a documentação legal exigida para permanência no Brasil.","Sim, a documentação menciona que candidatas/candidatos estrangeiras/estrangeiros podem participar.  Eles devem apresentar:  * Registro Nacional de Estrangeiro (RNE); ou * Passaporte com visto de estudante; ou * Outro documento que por previsão legal permita que o estrangeiro estude no Brasil.    ",0.044,90.091,1544,70,0.8,0.9305362127956618,0.9999999999,1.0,0.647616798554757
gemma,gemma2:27b,Qual documento de identidade é aceito para candidatos estrangeiros?,O Registro Nacional de Estrangeiro (RNE) ou a Carteira de Registro Nacional Migratório (CRNM).,O candidato estrangeiro pode apresentar:  * Registro Nacional de Estrangeiro (RNE); ou * Passaporte com visto de estudante; ou * Outro documento que por previsão legal permita que o estrangeiro estude no Brasil.    ,0.046,87.845,1589,51,1.0,0.9200755727423293,0.9999999999,0.0,0.2262488758271896
gemma,gemma2:27b,É permitido o uso de nome social durante o processo seletivo?,"Sim, candidatos travestis e transexuais podem solicitar o uso de nome social.","Sim, é permitido o uso de nome social durante o processo seletivo.  Candidatos menores de 18 anos que desejam utilizar o Nome Social no Processo Seletivo deverão preencher e assinar o formulário do Anexo VIII juntamente com a mãe, pai ou responsável.  ",0.043,83.599,1447,61,1.0,1.0000000000000002,0.9999999999,1.0,0.43486215005933104
gemma,gemma2:27b,Como solicito a inclusão do meu nome social no cadastro?,A solicitação deve ser feita durante o preenchimento do formulário de inscrição.,"Eu, abaixo identificada\identificado, solicito o uso do Nome Social em minha inscrição no Processo Seletivo 2026/1 do IFRS. Nome social Nome civil CPF Número da inscrição E-mail Telefone com DDD Local e Data: ______________________________, ______\______\____ _______________________________________ ",0.042,161.879,1554,322,1.0,0.0,0.0,1.0,0.20281898977685547
gemma,gemma2:27b,O IFRS envia e-mails de confirmação após a conclusão da inscrição?,"Sim, o sistema envia confirmações automáticas para o e-mail cadastrado.",Não encontrei essa informação nos documentos.  ,0.039,72.481,1489,11,0.0,0.0,0.0,0.0,0.1987650931772184
gemma,gemma2:27b,O que devo fazer se não receber o e-mail de confirmação?,Verifique a caixa de spam ou acesse o sistema para confirmar o status da inscrição.,Não encontrei essa informação nos documentos.  ,0.04,69.919,1410,11,0.5,0.0,0.0,0.0,0.2011401200556522
gemma,gemma2:27b,Qual é a validade exigida para o documento de identidade (RG)?,O RG deve estar legível e permitir a identificação clara e atualizada do candidato.,Não encontrei essa informação nos documentos.  ,0.037,74.255,1550,11,1.0,0.0,0.0,1.0,0.20559802300318666
gemma,gemma2:27b,CNH (Carteira Nacional de Habilitação) é aceita como identificação?,"Sim, a CNH dentro da validade é um documento de identificação oficial aceito.","Sim, a CNH é aceita como documento de identificação.    O texto diz que documentos com foto expedidos pelo Conselho Nacional de Trânsito (CNH), são considerados documentos equivalentes à carteira de identidade.  ",0.039,79.733,1462,47,1.0,0.9484025817425468,0.9999999999,1.0,0.8273004094867684
gemma,gemma2:27b,Posso usar a certidão de nascimento no lugar do RG para a matrícula?,"Não, a certidão de nascimento não substitui o documento de identidade com foto.",Não encontrei essa informação nos documentos.  ,0.039,69.784,1431,11,1.0,0.0,0.9999999999,1.0,0.21271676173452392
gemma,gemma2:27b,Documentos digitais oficiais (como e-Título) são válidos no processo?,"Sim, documentos digitais oficiais com QR Code de validação normalmente são aceitos.",Não encontrei essa informação nos documentos.  ,0.039,69.903,1433,11,1.0,0.0,0.0,0.0,0.2073835447895226
gemma,gemma2:27b,Cópias autenticadas em cartório substituem o envio online dos originais?,"Não, o envio deve ser feito digitalizando os documentos originais diretamente no sistema.",Não encontrei essa informação nos documentos.  ,0.04,75.819,1573,11,0.0,0.0,0.0,0.0,0.20967968116241134
gemma,gemma2:27b,Preciso enviar fotos 3x4 no momento da pré-matrícula?,A necessidade de foto 3x4 depende das orientações específicas do edital de matrícula.,Não encontrei essa informação nos documentos.  ,0.038,72.771,1498,11,1.0,0.0,0.9999999999,0.0,0.20211894418662496
gemma,gemma2:27b,Existe limite de idade máximo para ingressar nos cursos subsequentes?,Não há limite máximo de idade para ingressar nos cursos técnicos subsequentes.,Não encontrei essa informação nos documentos.  ,0.042,69.86,1426,11,1.0,0.0,0.9999999999,0.0,0.21180808063600848
gemma,gemma2:27b,Existe idade mínima para os cursos superiores de graduação?,"Não há limite de idade, mas é necessário ter concluído o Ensino Médio.",Não encontrei essa informação nos documentos.  ,0.04,64.899,1334,11,1.0,0.0,0.0,0.0,0.2121879440972472
gemma,gemma2:27b,O que é o período de interposição de recursos?,É o prazo oficial para contestar resultados preliminares ou decisões do processo.,"O período para realização de recursos (pedidos de revisão, questionamentos) quanto ao gabarito das provas é de 24 a 25/11/2025.    O período para realização de recursos (pedidos de revisão, questionamentos) quanto ao resultado das comissões de heteroidentificação para as/os candidatas/candidatos aut",0.044,117.531,1675,142,1.0,0.9194055690459801,0.9999999999,1.0,0.2109097748136615
gemma,gemma2:27b,Como devo enviar um recurso contra o resultado preliminar?,Os recursos devem ser submetidos exclusivamente pelo sistema eletrônico de ingresso.,"A complementação da documentação ou o recurso serão realizados pelo site ingresso.ifrs.edu.br, clicando em “Pré-Matrícula”.    ",0.04,83.668,1604,34,1.0,0.8373348767628327,0.9999999999,1.0,0.6398769819763779
gemma,gemma2:27b,Posso enviar recursos por e-mail diretamente ao campus?,"Não, recursos enviados por e-mail fora do sistema oficial não são analisados.","Sim, você pode enviar recursos por e-mail ao campus. O texto menciona que a complementação da documentação ou o recurso serão realizados pelo site ingresso.ifrs.edu.br, clicando em “Pré-Matrícula”.  No entanto, também informa que quem não tiver acesso à internet ou precisar de ajuda poderá comparece",0.044,86.437,1404,82,0.75,0.9399299134155766,0.9999999999,0.0,0.20928090445337338
gemma,gemma2:27b,Qual é o prazo padrão para análise e resposta dos recursos?,O prazo exato de resposta está previsto no cronograma oficial do edital.,Não encontrei essa informação nos documentos.  ,0.044,83.532,1740,11,1.0,0.0,0.9999999999,1.0,0.20327822313576077
gemma,gemma2:27b,"Se meu recurso for negado, posso recorrer novamente?","Não, a decisão após a análise do recurso é definitiva na esfera administrativa.",Não encontrei essa informação nos documentos.  ,0.042,72.819,1513,11,1.0,0.0,0.0,0.0,0.20549902788824398
gemma,gemma2:27b,Candidatos de outras cidades podem concorrer às vagas de Ibirubá?,"Sim, o processo seletivo é aberto a candidatos de qualquer município do país.",Não encontrei essa informação nos documentos.  ,0.038,76.169,1581,11,1.0,0.0,0.0,0.0,0.7034323689889613
gemma,gemma2:27b,Há alojamento ou moradia estudantil oferecida pelo campus?,"Não, o IFRS Campus Ibirubá não possui alojamento ou moradia estudantil própria.",Não encontrei essa informação nos documentos.  ,0.039,69.901,1450,11,1.0,0.0,0.0,0.0,0.955974072397778
gemma,gemma2:27b,O campus oferece auxílio estudantil ou bolsas de permanência?,"Sim, o IFRS possui programas de auxílio baseados em critérios socioeconômicos.",Não encontrei essa informação nos documentos.  ,0.038,69.896,1427,11,0.0,0.0,0.0,1.0,0.20830290869104445
gemma,gemma2:27b,Quando abrem os editais para solicitação de auxílio estudantil?,Os editais de assistência abrem após o início do semestre letivo.,Não encontrei essa informação nos documentos.  ,0.038,69.869,1449,11,1.0,0.0,0.0,0.0,0.20504746967861012
gemma,gemma2:27b,Posso aproveitar disciplinas já cursadas em outra instituição?,"Sim, após a matrícula você pode solicitar aproveitamento mediante análise.",Não encontrei essa informação nos documentos.  ,0.045,69.851,1415,11,1.0,0.0,0.0,0.0,0.20150053343872484
gemma,gemma2:27b,Como solicito o aproveitamento de estudos após a matrícula?,A solicitação é feita na secretaria com o histórico e ementas das disciplinas.,Não encontrei essa informação nos documentos.  ,0.042,67.062,1405,11,1.0,0.0,0.0,0.0,0.20119049314115056
gemma,gemma2:27b,A documentação de matrícula pode ser entregue presencialmente?,"Não, o envio da documentação de pré-matrícula ocorre de forma totalmente eletrônica.","Sim, a/o candidata/candidato que não tiver acesso à internet, computador ou precisar de ajuda, poderá comparecer ao campus dentro do prazo para envio da documentação.    ",0.041,80.568,1486,40,1.0,0.9075109743825841,0.0,0.0,0.2201927867007295
gemma,gemma2:27b,Qual o formato de arquivo exigido para o envio dos documentos?,"Os documentos geralmente devem ser anexados em formato PDF, JPG ou PNG.",Não encontrei essa informação nos documentos.  ,0.046,69.811,1421,11,1.0,0.0,0.0,0.0,0.2104391948380765
gemma,gemma2:27b,Qual o tamanho máximo permitido para os arquivos anexados no sistema?,O limite de tamanho por arquivo é estipulado pelo sistema de envio.,Não encontrei essa informação nos documentos.  ,0.042,69.874,1451,11,1.0,0.0,0.0,0.0,0.20197819805822126
gemma,gemma2:27b,O que faço se o sistema de inscrições apresentar instabilidade?,"Tente acessar em outro navegador, limpe o cache ou aguarde a normalização.",Não encontrei essa informação nos documentos.  ,0.042,66.973,1387,11,0.0,0.0,0.0,0.0,0.20531666023425335
gemma,gemma2:27b,É possível trancar a matrícula logo no primeiro semestre?,"Geralmente o trancamento no primeiro semestre não é permitido, salvo exceções legais.",Não encontrei essa informação nos documentos.  ,0.04,72.677,1498,11,1.0,0.0,0.0,0.0,0.2049242306633387
gemma,gemma2:27b,Cursos técnicos subsequentes exigem estágio obrigatório para conclusão?,"Sim, a maioria dos cursos exige o cumprimento de estágio curricular obrigatório.","Sim, a tabela indica que os cursos técnicos subsequentes exigem estágio obrigatório.  A nota ""*mais estágio obrigatório"" aparece ao lado de cada curso técnico subsequente listado.  ",0.042,78.413,1463,42,0.0,0.9895693575821375,0.9999999999,0.0,0.7261833934903275
gemma,gemma2:27b,Os cursos de graduação do campus exigem Trabalho de Conclusão de Curso?,"Sim, o TCC é um componente curricular obrigatório para formatura nas graduações.",Não encontrei essa informação nos documentos.  ,0.039,69.907,1467,11,1.0,0.0,0.0,0.0,0.20162166526125458
gemma,gemma2:27b,Posso transferir meu curso para outro campus do IFRS futuramente?,"Sim, mediante editais internos de transferência e caso haja vaga disponível.",Não encontrei essa informação nos documentos.  ,0.043,69.826,1422,11,0.0,0.0,0.0,0.0,0.20340863566340384
gemma,gemma2:27b,A matrícula deve ser renovada a cada novo semestre?,"Sim, a rematrícula é obrigatória a cada semestre para manter o vínculo.",Não encontrei essa informação nos documentos.  ,0.04,69.801,1432,11,1.0,0.0,0.0,0.0,0.20187492686782726
gemma,gemma2:27b,O que ocorre se eu não renovar a matrícula no prazo estipulado?,O estudante perde o vínculo e tem a sua matrícula cancelada por abandono.,Não encontrei essa informação nos documentos.  ,0.039,72.676,1488,11,0.0,0.0,0.9999999999,1.0,0.20655756601624078
gemma,gemma2:27b,Como funciona a reclassificação de vagas não preenchidas?,As vagas são repassadas aos próximos da lista de espera por ordem de classificação.,"Se houver mais vagas destinadas a uma cota que candidatas/candidatos inscritos nesta cota, as vagas que sobrarem passarão para outra cota, seguindo a sequência que consta no Anexo XI.   A sequência de migração das cotas é a seguinte:  ● Cota 2 → Cota 4 → Cota 3 → Cota 5 → Cota 6 → Cota 8 → Cota 7 → ",0.043,96.123,1438,107,0.7272727272727273,0.8925460165181222,0.9999999999,1.0,0.2083119014028358
gemma,gemma2:27b,Candidatos que zeraram a redação do Enem podem usar a nota?,"Não, zerar qualquer prova ou a redação desclassifica o candidato pelo Enem.","Sim, candidatos que zeraram a redação do ENEM podem usar a nota, desde que tenham participado de uma edição do ENEM a partir de 2015 e não tenham tirado nota zero em nenhuma das provas.     ",0.042,83.119,1473,50,0.0,0.9722219143123139,0.9999999999,1.0,0.22678828839440504
gemma,gemma2:27b,Qual o critério de desempate caso dois candidatos tenham a mesma nota?,Os critérios de desempate geralmente priorizam candidatos de maior idade.,"O critério de desempate varia conforme o nível de ensino:  **Cursos Técnicos:**  1. **Idade:** A vaga será da/do candidata/candidato com idade mais elevada. Caso haja empate entre candidatos maiores de 60 anos, o critério se mantém. 2. **Nota em Linguagens, Códigos e suas Tecnologias.** 3. **Nota em",0.04,143.882,1535,265,0.9375,0.8898011860968479,0.0,1.0,0.5167412382418657
gemma,gemma2:27b,Pessoas trans devem passar por banca de heteroidentificação?,"Não, a banca avalia apenas quem concorre nas cotas raciais para pretos e pardos.",Não encontrei essa informação nos documentos.  ,0.042,62.797,1301,11,1.0,0.0,0.9999999999,1.0,0.20145424839821846
gemma,gemma2:27b,A renda per capita é calculada com base no salário bruto ou líquido?,A renda familiar per capita é calculada com base na renda bruta mensal.,Não encontrei essa informação nos documentos.  ,0.039,62.873,1281,11,0.0,0.0,0.9999999999,1.0,0.2025736305588004
gemma,gemma2:27b,Estágio remunerado conta na composição da renda familiar para cotas?,"Sim, valores recebidos como bolsa de estágio entram no cômputo da renda familiar.",Não encontrei essa informação nos documentos.  ,0.038,69.842,1436,11,0.0,0.0,0.0,0.0,0.2028345000183288
gemma,gemma2:27b,Membros da família que moram em outra casa entram no cálculo de renda?,"Não, apenas pessoas que residem sob o mesmo teto e compartilham rendas entram no cálculo.",Não encontrei essa informação nos documentos.  ,0.039,75.5,1567,11,1.0,0.0,0.0,0.0,0.2075910356223864
gemma,gemma2:27b,Posso alterar o e-mail cadastrado após finalizar a inscrição?,A alteração deve ser feita no sistema durante o período permitido pelo edital.,Não encontrei essa informação nos documentos.  ,0.038,64.882,1338,11,1.0,0.0,0.0,0.0,0.20361770112989747
gemma,gemma2:27b,É obrigatório apresentar título de eleitor na matrícula?,"Sim, a certidão de quitação eleitoral é exigida para a matrícula de maiores de 18 anos.",Não encontrei essa informação nos documentos.  ,0.041,67.03,1377,11,1.0,0.0,0.0,0.0,0.2021741434113048
gemma,gemma2:27b,Homens maiores de 18 anos precisam de comprovante militar?,"Sim, a regularidade militar é obrigatória para candidatos homens maiores de 18 anos.","Sim, candidatos do sexo masculino com idade entre 18 (dezoito) e 45 (quarenta e cinco) anos (exceto candidato indígena) devem apresentar o Comprovante de quitação com o Serviço Militar.  ",0.042,77.682,1404,50,1.0,0.8783090434799798,0.9999999999,1.0,0.7294764211261688
gemma,gemma2:27b,Onde encontro o cronograma completo com todas as datas do edital?,O cronograma completo está disponível nos anexos do edital no site de ingresso do IFRS.,O cronograma completo com todas as datas do edital está disponível na página ingresso.ifrs.edu.br.  ,0.038,86.788,1716,27,1.0,0.9925533180011138,0.9999999999,1.0,0.2390013638229454
