branch,modelo,pergunta,resposta_esperada,resposta_gerada,tempo_retrieval_s,tempo_llm_s,tokens_entrada,tokens_saida,faithfulness,answer_relevancy,context_precision,context_recall,answer_correctness
qwen3,qwen3:0.6b,Quais são os cursos técnicos integrados ao Ensino Médio ofertados no Campus Ibirubá?,"Os cursos técnicos integrados ao Ensino Médio ofertados no campus são o Técnico em Agropecuária, Técnico em Informática e Técnico em Mecânica.","Os cursos técnicos integrados ao Ensino Médio ofertados no Campus Ibirubá são:   - **Técnico em Mecânica** (4 semestres, R$ 70,00)   - **Técnico em Eletrotécnica** (4 semestres, R$ 30,00)    Os outros cursos incluídos são:   - **Técnico em Administração** (R$ 70,00)   - **Técnico em Informática** (R",5.954,7.539,1779,382,0.25,0.9907317091080744,0.9999999999,0.0,0.44173533668097625
qwen3,qwen3:0.6b,Quais são os turnos de funcionamento dos cursos técnicos integrados?,"O funcionamento dos cursos técnicos integrados ocorre nos turnos da manhã e da tarde (turno integral), com duração prevista de 3 anos.",Os turnos de funcionamento dos cursos técnicos integrados são:   - **Técnico em Fabricação Mecânica**: Manhã e Tarde.   - **Técnico em Geoprocessamento**: Noite.   - **Técnico em Refrigação e Climatização**: Noite.    Não encontrei essa informação nos documentos.,0.069,5.363,1639,331,0.75,0.0,0.9999999999,1.0,0.4123831026906229
qwen3,qwen3:0.6b,Quais são os cursos técnicos subsequentes ao Ensino Médio disponíveis no Campus Ibirubá?,"Na modalidade subsequente, estão disponíveis os cursos de Técnico em Eletrotécnica e Técnico em Mecânica.",Os cursos técnicos subsequentes ao Ensino Médio disponíveis no Campus Ibirubá são:   - **Técnico em Mecânica Noite**   - **Técnico em Eletrotécnica Noite**   - **Técnico em Administração Tarde**   - **Técnico em Informática Tarde**    Os candidatos podem aproveitar as vagas oferecidas conforme a des,0.031,7.851,1777,557,0.6,0.9962352836281919,0.9999999999,1.0,0.5912874597427682
qwen3,qwen3:0.6b,Em qual turno ocorrem as aulas dos cursos subsequentes?,"As aulas dos cursos técnicos subsequentes acontecem no turno da noite, com duração de 4 semestres.",Responda: Noite.,0.032,4.482,1631,236,0.0,0.0,0.9999999999,0.0,0.705190129020139
qwen3,qwen3:0.6b,Quais são os cursos superiores de graduação ofertados no Campus Ibirubá?,"O campus oferece os seguintes cursos superiores de graduação: Bacharelado em Agronomia, Bacharelado em Engenharia Mecânica, Bacharelado em Ciência da Computação e Licenciatura em Matemática.",Responda:   Cursos superiores de graduação ofertados no Campus Ibirubá:   - Bacharelado em Engenharia Ambiental   - Bacharelado em Engenharia Química   - Licenciatura em Letras - Português/Inglês,0.032,6.186,1791,381,0.6666666666666666,0.9999999999999999,0.9999999999,1.0,0.22529537254702964
qwen3,qwen3:0.6b,Qual é a duração e os turnos dos cursos de Agronomia e Engenharia Mecânica no campus?,"O curso de Agronomia ocorre nos turnos da manhã e da tarde com duração de 10 semestres. O curso de Engenharia Mecânica é ofertado no turno da noite, também com duração de 10 semestres.","A duração dos cursos de Agronomia e Engenharia Mecânica no campus é de 10 semestres* e 2 semestres*, respectivamente. Os turnos são de manhã e tarde para ambos os cursos.",0.034,7.832,1721,564,0.5,0.976199431019886,0.9999999999,0.5,nan
qwen3,qwen3:0.6b,Qual é a duração e os turnos de Ciência da Computação e Licenciatura em Matemática?,"O curso de Ciência da Computação ocorre à noite com duração de 9 semestres, enquanto a Licenciatura em Matemática também acontece no turno da noite com duração de 8 semestres.",Não encontrei essa informação nos documentos.,0.032,7.967,1719,575,0.5,0.0,0.0,0.5,0.1976044592026734
qwen3,qwen3:0.6b,Os cursos ofertados pelo IFRS Campus Ibirubá são pagos?,"Não. Todos os cursos oferecidos no IFRS são 100% gratuitos, não havendo cobrança de mensalidades ou taxas de matrícula.",Não encontrei essa informação nos documentos.,0.033,5.205,1655,301,1.0,0.0,0.9999999999,0.0,0.19389813443364445
qwen3,qwen3:0.6b,Qual o valor da taxa de inscrição para os cursos técnicos integrados?,"A taxa de inscrição para os cursos técnicos na modalidade integrada é de R$ 60,00.","R$30,00 (trinta reais).",0.031,4.664,1582,261,0.0,0.8358633580212138,0.0,0.0,0.2054749820164643
qwen3,qwen3:0.6b,Quanto custa a inscrição para os cursos técnicos subsequentes?,"O custo é de R$ 20,00.",Responda à pergunta abaixo usando APENAS o contexto fornecido.    **Resposta:**   Não encontrei essa informação nos documentos.,0.03,11.578,1595,967,0.0,0.0,0.0,0.0,0.20242227851853734
qwen3,qwen3:0.6b,Qual é o custo da inscrição para concorrer a uma vaga em curso de graduação?,"Se o candidato optar por concorrer via Exame de Seleção (prova), a taxa é de R$ 80,00. Caso a opção seja via nota do ENEM, a taxa é de R$ 20,00.","O custo da inscrição para concorrer a uma vaga em curso de graduação é R$ 100,00.",0.031,4.056,1547,194,1.0,1.0,0.0,0.0,0.2112874969736609
qwen3,qwen3:0.6b,Como deve ser efetuado o pagamento da taxa de inscrição?,"O pagamento deve ser realizado por meio de boleto bancário gerado ao final da inscrição, pagável na rede bancária ou via internet banking.","A taxa de inscrição deve ser realizada até o dia 13 de outubro de 2025, conforme mencionado no contexto. O pagamento pode ser feito entre as 14h do dia 05 de setembro de 2025 às 23h59min do dia 22 de setembro de 2025.",0.033,4.582,1570,253,1.0,0.8838566224205631,0.9999999999,1.0,0.21440923241833307
qwen3,qwen3:0.6b,Até quando posso pagar a taxa de inscrição?,O boleto deve ser pago impreterivelmente até o prazo limite definido no cronograma oficial do edital correspondente.,"Responda: Até 13 de outubro de 2025, o candidato pode realizar o pagamento da taxa de inscrição no sistema bancário.",0.031,4.328,1609,252,1.0,0.9573925350323255,0.0,1.0,0.21632220521569695
qwen3,qwen3:0.6b,Posso modificar os dados da minha inscrição (como a opção de curso ou campus) após concluí-la?,"Sim, no entanto, após a finalização da inscrição, qualquer alteração exige que o candidato realize uma nova inscrição dentro do prazo regulamentar para que os novos dados sejam computados.",Não encontrei essa informação nos documentos.,0.032,3.691,1536,169,0.0,0.0,0.9999999999,1.0,0.2042637652842807
qwen3,qwen3:0.6b,É possível me inscrever em mais de um curso no mesmo edital do IFRS?,Não. É permitido realizar apenas uma única inscrição por candidato em cada edital.,Não encontrei essa informação nos documentos.,0.032,4.558,1600,247,0.0,0.0,0.9999999999,1.0,0.19889481705557124
qwen3,qwen3:0.6b,Há devolução do valor pago na taxa de inscrição se eu desistir de participar?,"Não. O valor pago na taxa de inscrição não é reembolsável sob nenhuma circunstância, exceto se houver cancelamento do certame por parte do IFRS.","Sim, há devolução do valor pago na taxa de inscrição se o Processo Seletivo for cancelado ou para as/os candidatas/candidatos inscritos em algum curso que seja cancelada a oferta.",0.032,4.281,1602,216,1.0,0.9299222265544266,0.9999999999,1.0,0.22775957962673293
qwen3,qwen3:0.6b,Quem tem direito a solicitar a isenção do pagamento da taxa de inscrição?,"Têm direito à isenção os candidatos com renda familiar bruta mensal de até 1 salário mínimo per capita (R$ 1.412,00) que estejam regularmente registrados no CadÚnico como baixa renda.","Quem tem direito a solicitar a isenção do pagamento da taxa de inscrição é aqueles que são cadastrados no CadÚnico da instituição e têm a família com renda suficiente para atender à regra de baixa renda (até R$ 1.518,00 por mês).",0.031,4.936,1550,294,1.0,0.9999999999999999,0.9999999999,0.0,0.6127447506163499
qwen3,qwen3:0.6b,O cadastro do CadÚnico precisa ter alguma atualização recente?,Sim. O cadastro do candidato no CadÚnico deve estar obrigatoriamente atualizado nos últimos 2 anos.,"Sim, o cadastro no CadÚnico precisa ter atualizações recentes, conforme mencionado nas instruções para aceitar os cadastros atualizados nos últimos 2 anos.",0.032,4.568,1735,212,1.0,0.9513496466546844,0.9999999999,1.0,0.8820358515866491
qwen3,qwen3:0.6b,Onde realizo a solicitação de isenção de taxa?,"A solicitação deve ser realizada exclusivamente via internet, na página de ingressos do IFRS (ingresso.ifrs.edu.br).",Onde realizo a solicitação de isenção de taxa é o portal **https://cadunico.dataprev.gov.br**.,0.032,4.056,1507,212,0.0,0.9468361721383436,0.9999999999,1.0,0.21479892552799582
qwen3,qwen3:0.6b,A isenção pode ser solicitada por mais de um membro do mesmo núcleo familiar?,"Sim. A isenção é um benefício de caráter estritamente individual, e cada integrante da mesma família que deseja concorrer deve fazer a sua própria solicitação.","Sim, a isenção pode ser solicitada por mais de um membro do mesmo núcleo familiar. Cada membro da família deve solicitar a isenção individualmente, conforme mencionado no contexto: ""Se mais de uma pessoa de uma mesma família fizer a inscrição no processo seletivo, cada uma deverá solicitar o não pag",0.033,4.919,1513,308,1.0,0.969576279085152,0.9999999999,1.0,0.9874948391360354
qwen3,qwen3:0.6b,"Se minha isenção de taxa for aprovada (deferida), já estou inscrito no Processo Seletivo?","Não. O candidato que teve a isenção aceita deve, obrigatoriamente, entrar no sistema e realizar a inscrição no curso desejado para gerar o comprovante de isento.","Sim, se a isenção de taxa for aprovada (deferida), já estou inscrito no Processo Seletivo. A publicação do resultado no site **ingresso.ifrs.edu.br no dia 24 de setembro de 2025** confirmará se a solicitação foi aceita ou não.",0.032,5.214,1554,322,0.6,0.9615795255204883,0.9999999999,1.0,0.2248175653567853
qwen3,qwen3:0.6b,O IFRS pode solicitar documentos de comprovação de renda para quem foi isento?,"Sim. O IFRS pode conferir e auditar as informações prestadas, e o candidato que prestar declarações falsas está sujeito a responder legalmente e ser eliminado do processo.",Não encontrei essa informação nos documentos.,0.032,4.216,1517,230,0.5,0.0,0.9999999999,1.0,0.19584245625632093
qwen3,qwen3:0.6b,Qual o sistema utilizado para o ingresso nos cursos técnicos integrados de Ibirubá?,O sistema de ingresso para os cursos técnicos integrados em Ibirubá é realizado por meio de Exame de Seleção (prova objetiva presencial).,O sistema utilizado para o ingresso nos cursos técnicos integrados de Ibirubá é o processo seletivo do IFRS.,0.031,5.64,1806,309,1.0,0.9836147188538081,0.9999999999,1.0,0.23884782374697613
qwen3,qwen3:0.6b,Como são distribuídas as vagas para os cursos técnicos subsequentes de Ibirubá?,As vagas da modalidade subsequente são preenchidas por meio de Sorteio Público ou classificação pela nota do ENEM.,"As vagas para os cursos técnicos subsequentes em Ibirubá são distribuídas individualmente conforme detalhado no contexto. Cada curso tem uma quantidade específica de vagas, como:   - **Técnico em Mecânica**: 10 vagas.   - **Técnico em Eletrotécnica**: 10 vagas.   - **Técnico em Automação Industrial*",0.032,10.107,1831,742,0.5,0.9166453646358086,0.9999999999,1.0,0.20394138905643838
qwen3,qwen3:0.6b,Quais os meios para ingressar em um curso de graduação superior em Ibirubá?,Os ingressos para os cursos superiores de graduação em Ibirubá ocorrem via Exame de Seleção (prova com redação) ou utilizando a nota do ENEM.,Os meios para ingressar em um curso de graduação superior em Ibirubá são a inscrição online no portal do IFRS: [www.ifrs.edu.br](https://www.ifrs.edu.br).,0.032,5.127,1730,265,0.6666666666666666,0.9666442144031439,0.9999999999,1.0,0.2267333790142853
qwen3,qwen3:0.6b,"Se eu escolher o ENEM para a graduação, posso usar notas de ""treineiro""?","Não. As notas do ENEM obtidas na condição de ""treineiro"" não são validadas para a classificação de vagas.",Não encontrei essa informação nos documentos.,0.034,4.47,1591,234,0.0,0.0,0.9999999999,1.0,0.2014276403926601
qwen3,qwen3:0.6b,O que fazer se eu precisar de acessibilidade ou condições especiais no dia da prova?,O candidato deve indicar sua necessidade no Formulário de Solicitação de Condição Especial (Anexo II/IV/V) disponível no sistema no momento da inscrição.,Não encontrei essa informação nos documentos.,0.032,5.369,1570,333,0.0,0.0,0.9999999999,1.0,0.20504120468290077
qwen3,qwen3:0.6b,Quais apoios especiais podem ser solicitados para o dia da avaliação?,"Podem ser solicitados auxílios como tempo adicional de prova, apoio de ledores ou transcritores, salas de fácil acesso e atendimento específico para lactantes.",Não encontrei essa informação nos documentos.,0.031,5.858,1620,374,0.0,0.0,0.9999999999,1.0,0.19923318449095298
qwen3,qwen3:0.6b,Quantas vagas são destinadas à reserva de vagas para escolas públicas?,Pelo menos 50% das vagas totais de cada curso são reservadas exclusivamente para estudantes egressos de escolas públicas.,Não encontrei essa informação nos documentos.,0.035,6.913,1718,459,0.0,0.0,0.9999999999,0.0,0.2034506147316154
qwen3,qwen3:0.6b,O que define se posso concorrer como egresso de escola pública?,É elegível o candidato que comprovar ter cursado integralmente todo o Ensino Fundamental (para cursos técnicos) ou todo o Ensino Médio (para cursos superiores) em instituições públicas de ensino.,"O que define se posso concorrer como egresso de escola pública é o contexto fornecido. Cada categoria (C1 a C8) especifica critérios como renda familiar, deficiência (PCD) ou status racial (negra/negra, indígena) com valores específicos.",0.032,4.909,1512,304,0.8571428571428571,0.9228421650859492,0.9999999999,1.0,0.20913110994014977
qwen3,qwen3:0.6b,"Se estudei com bolsa integral em escola particular, posso concorrer às vagas reservadas?","Não. Quem estudou em escola particular, mesmo que sob a condição de bolsista integral, não possui o direito de concorrer às cotas destinadas a escolas públicas.","Sim, se estudei com bolsa integral em escola particular, você pode concorrer às vagas reservadas, mas deve preencher a declaração mencionada no contexto para comprovar que não estudou em escola específica.",0.032,7.27,1644,516,0.0,0.9538542686899656,0.9999999999,1.0,0.23112980908865252
qwen3,qwen3:0.6b,Como funciona a comprovação de renda para as cotas destinadas à baixa renda?,"A comprovação de renda é baseada nos dados do candidato cadastrados no CadÚnico, exigindo-se a apresentação do Extrato de Consulta Completa.","A comprovação de renda para as cotas destinadas à baixa renda inclui documentos como RANI ou declaração de liderança indígena, documentos de renda, avaliações socioeconômicas e laudo médico com CID.",0.031,5.367,1672,309,0.4,0.9550153176775711,0.0,0.0,0.2159418693481522
qwen3,qwen3:0.6b,"O que são as vagas destinadas ao grupo PPIQ (Pretos, Pardos, Indígenas e Quilombolas)?","São as cotas voltadas para candidatos egressos de escola pública que se autodeclarem Pretos, Pardos, Indígenas ou Quilombolas.","As vagas destinadas ao grupo PPIQ (Pretos, Pardos, Indígenas e Quilombolas) são as cotações 3 e 4.",0.033,6.834,1718,451,0.3333333333333333,0.9978851423835695,0.9999999999,1.0,0.5009389944332108
qwen3,qwen3:0.6b,Quem pode concorrer na Cota 10 (destinada a Pessoas com Deficiência - PcD)?,"A Cota 10 (C10) é reservada exclusivamente para Pessoas com Deficiência (PcD), independentemente de renda ou de terem estudado em escola pública.",Não encontrei essa informação nos documentos.,0.032,6.685,1781,418,0.0,0.0,0.9999999999,0.0,0.20093021625036145
qwen3,qwen3:0.6b,O que acontece se as vagas PcD não forem preenchidas por falta de candidatos?,"As vagas reservadas a PcD que não forem preenchidas por falta de candidatos são remanejadas para outras cotas ou destinadas ao Acesso Universal (Cota 1), dependendo da ordem descrita no edital.",Não encontrei essa informação nos documentos.,0.032,5.286,1694,297,1.0,0.0,0.0,0.0,0.19965254578362418
qwen3,qwen3:0.6b,O que o candidato aprovado por cota de escola pública precisa assinar na matrícula?,O candidato aprovado por cota de escola pública deve assinar eletronicamente a Declaração de Não Ter Estudado em Escolas Particulares.,"A resposta é: **A candidata/candidato precisa assinar a documentação exigida para a matrícula, conforme mencionada nos incisos I, II e III.**",0.033,8.342,1631,627,0.0,0.8650539927333522,0.0,0.0,0.21684078408990146
qwen3,qwen3:0.6b,Quais documentos específicos devem ser enviados por candidatos indígenas aprovados?,É necessário anexar a Autodeclaração de membro de Comunidade Indígena (Anexo VII/IX) junto ao RANI ou à Declaração de Membro assinada por liderança da comunidade indígena (Anexo VIII/X).,"Responda: Anexo VII, Registro Administrativo de Nascimento de Indígena (RANI) e Declaração de Membro de Comunidade Indígena pela Liderança.",0.032,6.072,1723,370,1.0,0.8951940249418144,0.9999999999,1.0,0.7335181269446637
qwen3,qwen3:0.6b,Qual o documento necessário para candidatos que concorrem a vagas reservadas a Quilombolas?,O candidato deve enviar a Declaração de pertencimento quilombola (Anexo IX/XI) assinada por 3 lideranças (com cópias de seus documentos) e o documento de reconhecimento emitido pela Fundação Cultural Palmares.,A resposta é: **Anexo X e Anexo XIV**.,0.032,9.094,1689,683,0.5,0.8435664320915043,0.9999999999,1.0,0.21109722062579012
qwen3,qwen3:0.6b,"O que acontece se eu enviar documentos apagados, cortados ou incompletos?","O candidato que enviar documentação ilegível, rasurada ou incompleta terá sua matrícula indeferida automaticamente.",Não encontrei essa informação nos documentos.,0.033,4.569,1630,233,0.0,0.0,0.9999999999,1.0,0.21161452975863013
qwen3,qwen3:0.6b,E se a escola ainda não tiver emitido meu Certificado de Conclusão na data da matrícula?,"É aceito o envio de uma Declaração provisória de provável conclusão emitida pela escola. A matrícula será homologada de forma condicional, devendo o certificado oficial ser apresentado na data limite estabelecida.",Não encontrei essa informação nos documentos.,0.033,7.905,1502,620,0.0,0.0,0.9999999999,1.0,0.19616791634840128
qwen3,qwen3:0.6b,O que é o processo de Heteroidentificação?,É o procedimento presencial de verificação para confirmar a veracidade da autodeclaração prestada por candidatos pretos ou pardos.,"O processo de Heteroidentificação envolve a verificação da identidade racial (negra/negra, preta/preto ou parda/pardo) do candidato, com documentos de identificação (com foto e assinatura) e a inscrição no sistema de Pré-Matricula. A convocação será publicada no site ingresso.ifrs.edu.br, conforme o",0.031,5.611,1687,330,0.8333333333333334,0.9118379283910278,0.9999999999,1.0,0.2169041500881736
qwen3,qwen3:0.6b,Quais são os critérios que a banca utiliza para avaliar o candidato?,"A banca baseia-se exclusivamente nos critérios fenotípicos (características físicas visíveis do candidato, tais como traços faciais, cabelo e cor da pele).","A banca utiliza os seguintes critérios para avaliar o candidato:   - C3: Candidata/Candidato que tenha cursado integralmente o Ensino Médio em escola pública, autodeclarada/autodeclarado negra/negro (preta/preto, parda/pardo) ou indígena (PPI), com renda familiar bruta per capita igual ou inferior a",0.032,9.538,1772,703,0.9,0.0,0.0,0.0,0.21141244550013422
qwen3,qwen3:0.6b,Posso levar fotos ou a minha certidão de nascimento para provar minha ascendência?,"Não. Fotos antigas, documentos civis ou histórico de herança genética familiar de parentes não são considerados na avaliação da banca.",Não encontrei essa informação nos documentos.,0.031,4.358,1751,182,0.0,0.0,0.0,0.0,0.20352432657099756
qwen3,qwen3:0.6b,Menores de 18 anos precisam de alguma autorização para filmagem do processo?,"Sim. No ato de matrícula, candidatos menores de 18 anos devem apresentar a Autorização de Uso de Imagem (Anexo VIII/IX) devidamente assinada por seus pais ou responsáveis legais.",Não encontrei essa informação nos documentos.,0.032,4.565,1734,207,0.0,0.0,0.9999999999,0.5,0.1945896868196755
qwen3,qwen3:0.6b,O que ocorre se eu for convocado e não comparecer à banca de heteroidentificação?,"O candidato ausente ou que não tiver sua autodeclaração validada pela banca perde a vaga da cota e é reclassificado para as vagas de Acesso Universal (Cota 1), caso possua classificação suficiente.",Não encontrei essa informação nos documentos.,0.032,5.136,1644,292,0.0,0.0,0.9999999999,0.0,0.20116195449075747
qwen3,qwen3:0.6b,Onde são publicadas as listas de classificados e chamadas para matrícula?,"Todas as listas, editais de resultados e convocações são divulgadas na internet, no site oficial de ingressos: ingresso.ifrs.edu.br.","Onde são publicadas as listas de classificados e chamadas para matrícula é no site **ingresso.ifrs.edu.br**. As informações sobre a publicação estão disponíveis no site, conforme mencionado nos documentos fornecidos.",0.032,5.285,1621,313,1.0,0.9623042070771838,0.9999999999,1.0,0.7249785658788986
qwen3,qwen3:0.6b,"O que é e quem participa da ""Chamada Pública""?","A ""Chamada Pública"" é um chamamento eletrônico ou presencial realizado para preencher vagas que restaram sem matrícula após as etapas regulares, convocando candidatos suplentes por ordem de classificação.","A Chamada Pública é a última chamada para matrícula, participando todas as candidatas/candidatos que ainda não foram chamadas na primeira chamada (suplentes) e aquelas que foram reclassificados para o acesso universal (C1).",0.032,5.263,1600,317,1.0,0.9088524537444671,0.9999999999,1.0,0.5650493494790494
qwen3,qwen3:0.6b,Ter o nome listado na Chamada Pública garante a vaga no curso?,Não. Estar na lista de convocados e enviar os documentos na Chamada Pública apenas gera expectativa de direito. O preenchimento ocorre estritamente pela ordem de classificação dos candidatos habilitados até o limite de vagas disponíveis.,Não encontrei essa informação nos documentos.,0.033,3.17,1636,167,1.0,0.0,0.9999999999,1.0,0.1963047481198077
qwen3,qwen3:0.6b,Posso manter vínculos ativos de matrícula em mais de um curso de graduação?,Não. É expressamente proibido por lei federal que um estudante ocupe concomitantemente duas vagas de cursos de graduação em quaisquer instituições públicas de ensino superior do país.,Não encontrei essa informação nos documentos.,0.032,4.048,1580,191,0.0,0.0,0.9999999999,1.0,0.19545781422672592
qwen3,qwen3:0.6b,"O que acontece se eu for matriculado, mas faltar aos primeiros dias letivos?",O estudante regularmente matriculado que faltar aos primeiros dias letivos (conforme limite estipulado em edital) sem justificativa formal de ausência aceita pelo campus terá sua matrícula cancelada por abandono.,"Se for matriculado mas faltar aos primeiros dias letivos, perderá a vaga, exceto para os ingressantes por transferência ou ingresso de diplomado.",0.033,7.232,1693,498,1.0,0.9739410775675013,0.9999999999,1.0,0.44135371166954823
qwen3,qwen3:0.6b,É obrigatório possuir conta no portal gov.br para se inscrever?,"Sim, o acesso ao sistema de inscrições exige uma conta ativa no portal gov.br.","Sim, é obrigatório possuir conta no portal gov.br para se inscrever no processo seletivo do IFRS.",0.032,4.751,1611,256,0.3333333333333333,0.9555338197067267,0.9999999999,1.0,0.9801265601031941
qwen3,qwen3:0.6b,Qual nível de conta gov.br é exigido para a inscrição?,"Geralmente são aceitas contas níveis bronze, prata ou ouro para o acesso básico.","Responda: C1: Pessoa com Deficiência (PcD) que tenha cursado integralmente o Ensino Médio em escola pública, com renda familiar bruta per capita igual ou inferior a 1,5 salário mínimo - 1 vagas; C2: Pessoa com Deficiência (PcD) que tenha cursado integralmente o Ensino Médio em escola pública, autode",0.032,10.485,1703,853,0.8333333333333334,0.0,0.0,0.0,0.20582336957990235
qwen3,qwen3:0.6b,Posso usar o CPF dos meus pais para fazer a minha inscrição?,"Não, a inscrição deve ser feita obrigatoriamente com o CPF do próprio candidato.",Não encontrei essa informação nos documentos.,0.032,4.875,1675,255,1.0,0.0,0.9999999999,1.0,0.20740344474170866
qwen3,qwen3:0.6b,O que fazer se eu esquecer a senha da minha conta gov.br?,Você deve recuperar a senha diretamente na plataforma gov.br pelas opções de recuperação.,Não encontrei essa informação nos documentos.,0.032,3.893,1575,173,1.0,0.0,0.0,0.0,0.20800010818655762
qwen3,qwen3:0.6b,Candidatos estrangeiros podem participar do processo seletivo?,"Sim, desde que possuam a documentação legal exigida para permanência no Brasil.",Não encontrei essa informação nos documentos.,0.03,4.811,1746,233,0.0,0.0,0.9999999999,1.0,0.2071021420716112
qwen3,qwen3:0.6b,Qual documento de identidade é aceito para candidatos estrangeiros?,O Registro Nacional de Estrangeiro (RNE) ou a Carteira de Registro Nacional Migratório (CRNM).,Resposta: O documento de identidade aceito para candidatos estrangeiros é o **Registro Nacional de Estrangeiro (RNE)** ou o **Passaporte com visto de estudante**.,0.033,6.404,1823,381,0.5,0.9745931226984347,0.9999999999,0.0,0.22014496060945082
qwen3,qwen3:0.6b,É permitido o uso de nome social durante o processo seletivo?,"Sim, candidatos travestis e transexuais podem solicitar o uso de nome social.","Sim, é permitido o uso de nome social durante o processo seletivo, conforme mencionado no contexto. Para isso, é necessário autorização do responsável legal (mãe, pai ou responsável da menor) no período de 04 de novembro de 2025 a 18 de novembro de 2025.",0.032,4.525,1537,254,0.8,0.9827670598865813,0.9999999999,1.0,0.4109448945034184
qwen3,qwen3:0.6b,Como solicito a inclusão do meu nome social no cadastro?,A solicitação deve ser feita durante o preenchimento do formulário de inscrição.,"Para solicitar a inclusão do seu nome social no cadastro, siga estas etapas:    1. **Completa o Formulário ANEXO XV** (https://cta.ifrs.edu.br/ps-formularios/formulario-nome-social-16/), informando seus dados (Nome, CPF, Data de nascimento, local e data de inscrição).   2. **Anexe o Extrato de Consu",0.032,6.121,1644,480,0.6923076923076923,0.9656418983605093,0.9999999999,1.0,0.2108168071611585
qwen3,qwen3:0.6b,O IFRS envia e-mails de confirmação após a conclusão da inscrição?,"Sim, o sistema envia confirmações automáticas para o e-mail cadastrado.",Não encontrei essa informação nos documentos.,0.032,4.458,1647,219,0.0,0.0,0.0,0.0,0.1987650931772184
qwen3,qwen3:0.6b,O que devo fazer se não receber o e-mail de confirmação?,Verifique a caixa de spam ou acesse o sistema para confirmar o status da inscrição.,Não encontrei essa informação nos documentos.,0.032,3.618,1583,142,1.0,0.0,0.0,0.0,0.2011401200556522
qwen3,qwen3:0.6b,Qual é a validade exigida para o documento de identidade (RG)?,O RG deve estar legível e permitir a identificação clara e atualizada do candidato.,Não encontrei essa informação nos documentos.,0.031,5.691,1771,320,1.0,0.0,0.0,1.0,0.20559802300318666
qwen3,qwen3:0.6b,CNH (Carteira Nacional de Habilitação) é aceita como identificação?,"Sim, a CNH dentro da validade é um documento de identificação oficial aceito.","Sim, a Carteira Nacional de Habilitação (CNH) é aceita como identificação válida, conforme mencionado no contexto.",0.032,3.594,1684,198,1.0,0.9803138381103799,0.9999999999,1.0,0.737711163089183
qwen3,qwen3:0.6b,Posso usar a certidão de nascimento no lugar do RG para a matrícula?,"Não, a certidão de nascimento não substitui o documento de identidade com foto.",Não encontrei essa informação nos documentos.,0.033,4.563,1659,227,1.0,0.0,0.9999999999,1.0,0.21271676173452392
qwen3,qwen3:0.6b,Documentos digitais oficiais (como e-Título) são válidos no processo?,"Sim, documentos digitais oficiais com QR Code de validação normalmente são aceitos.","Sim, documentos digitais oficiais, como e-Título, são válidos no processo se forem enviados em formato eletrônico correto e legível conforme especificado no contexto. A regra menciona que documentos eletrônicos devem estar legíveis, o que inclui a validade do e-Título.",0.032,6.888,1653,473,0.6,0.9568748530180123,0.9999999999,0.0,0.6748278905364518
qwen3,qwen3:0.6b,Cópias autenticadas em cartório substituem o envio online dos originais?,"Não, o envio deve ser feito digitalizando os documentos originais diretamente no sistema.",Não encontrei essa informação nos documentos.,0.033,5.086,1786,255,1.0,0.0,0.0,0.0,0.20967968116241134
qwen3,qwen3:0.6b,Preciso enviar fotos 3x4 no momento da pré-matrícula?,A necessidade de foto 3x4 depende das orientações específicas do edital de matrícula.,Não encontrei essa informação nos documentos.,0.032,4.269,1716,183,1.0,0.0,0.0,1.0,0.20211894418662496
qwen3,qwen3:0.6b,Existe limite de idade máximo para ingressar nos cursos subsequentes?,Não há limite máximo de idade para ingressar nos cursos técnicos subsequentes.,Não encontrei essa informação nos documentos.,0.033,4.245,1577,213,1.0,0.0,0.9999999999,0.0,0.21180808063600848
qwen3,qwen3:0.6b,Existe idade mínima para os cursos superiores de graduação?,"Não há limite de idade, mas é necessário ter concluído o Ensino Médio.",Não encontrei essa informação nos documentos.,0.031,3.318,1512,159,1.0,0.0,0.9999999999,0.5,0.2121879440972472
qwen3,qwen3:0.6b,O que é o período de interposição de recursos?,É o prazo oficial para contestar resultados preliminares ou decisões do processo.,Não encontrei essa informação nos documentos.,0.032,5.725,1840,308,0.0,0.0,0.9999999999,1.0,0.20452313008651252
qwen3,qwen3:0.6b,Como devo enviar um recurso contra o resultado preliminar?,Os recursos devem ser submetidos exclusivamente pelo sistema eletrônico de ingresso.,Não encontrei essa informação nos documentos.,0.031,4.849,1766,230,0.0,0.0,0.9999999999,1.0,0.20587320607739512
qwen3,qwen3:0.6b,Posso enviar recursos por e-mail diretamente ao campus?,"Não, recursos enviados por e-mail fora do sistema oficial não são analisados.","Sim, posso enviar recursos por e-mail diretamente ao campus. A informação está disponível no contexto fornecido, onde é mencionado que a solicitação pode ser feita por e-mail no site **ingresso.ifrs.edu.br**.",0.031,4.255,1564,213,0.6666666666666666,0.9898619137386377,0.9999999999,0.0,0.2133201353760244
qwen3,qwen3:0.6b,Qual é o prazo padrão para análise e resposta dos recursos?,O prazo exato de resposta está previsto no cronograma oficial do edital.,Não encontrei essa informação nos documentos.,0.031,5.729,1921,290,1.0,0.0,0.9999999999,1.0,0.20327822313576077
qwen3,qwen3:0.6b,"Se meu recurso for negado, posso recorrer novamente?","Não, a decisão após a análise do recurso é definitiva na esfera administrativa.",Não encontrei essa informação nos documentos.,0.034,4.257,1662,195,1.0,0.0,0.0,0.0,0.20549902788824398
qwen3,qwen3:0.6b,Candidatos de outras cidades podem concorrer às vagas de Ibirubá?,"Sim, o processo seletivo é aberto a candidatos de qualquer município do país.",Não encontrei essa informação nos documentos.,0.031,4.543,1796,191,1.0,0.0,0.9999999999,0.0,0.7034323689889613
qwen3,qwen3:0.6b,Há alojamento ou moradia estudantil oferecida pelo campus?,"Não, o IFRS Campus Ibirubá não possui alojamento ou moradia estudantil própria.",Não encontrei essa informação nos documentos.,0.032,6.733,1639,461,1.0,0.0,0.0,0.0,0.580974072397778
qwen3,qwen3:0.6b,O campus oferece auxílio estudantil ou bolsas de permanência?,"Sim, o IFRS possui programas de auxílio baseados em critérios socioeconômicos.",Não encontrei essa informação nos documentos.,0.032,4.169,1612,196,1.0,0.0,0.0,1.0,0.20830290869104445
qwen3,qwen3:0.6b,Quando abrem os editais para solicitação de auxílio estudantil?,Os editais de assistência abrem após o início do semestre letivo.,Não encontrei essa informação.,0.032,3.971,1626,173,1.0,0.0,0.0,0.0,0.20129424221540537
qwen3,qwen3:0.6b,Posso aproveitar disciplinas já cursadas em outra instituição?,"Sim, após a matrícula você pode solicitar aproveitamento mediante análise.",Não encontrei essa informação nos documentos.,0.031,4.616,1557,254,0.0,0.0,0.0,0.0,0.20150053343872484
qwen3,qwen3:0.6b,Como solicito o aproveitamento de estudos após a matrícula?,A solicitação é feita na secretaria com o histórico e ementas das disciplinas.,Não encontrei essa informação nos documentos.,0.034,3.704,1570,152,1.0,0.0,0.0,0.0,0.20119049314115056
qwen3,qwen3:0.6b,A documentação de matrícula pode ser entregue presencialmente?,"Não, o envio da documentação de pré-matrícula ocorre de forma totalmente eletrônica.",Não encontrei essa informação nos documentos.,0.032,4.652,1641,244,0.0,0.0,0.0,0.0,0.20989798976653024
qwen3,qwen3:0.6b,Qual o formato de arquivo exigido para o envio dos documentos?,"Os documentos geralmente devem ser anexados em formato PDF, JPG ou PNG.",Não encontrei essa informação nos documentos.,0.032,4.865,1594,276,0.0,0.0,0.0,0.0,0.2104391948380765
qwen3,qwen3:0.6b,Qual o tamanho máximo permitido para os arquivos anexados no sistema?,O limite de tamanho por arquivo é estipulado pelo sistema de envio.,Não encontrei essa informação nos documentos.,0.032,5.089,1596,300,0.0,0.0,0.0,0.0,0.20197819805822126
qwen3,qwen3:0.6b,O que faço se o sistema de inscrições apresentar instabilidade?,"Tente acessar em outro navegador, limpe o cache ou aguarde a normalização.",Não encontrei essa informação nos documentos.,0.033,3.554,1540,182,0.0,0.0,0.0,0.0,0.20531666023425335
qwen3,qwen3:0.6b,É possível trancar a matrícula logo no primeiro semestre?,"Geralmente o trancamento no primeiro semestre não é permitido, salvo exceções legais.",Não encontrei essa informação nos documentos.,0.032,4.125,1640,186,1.0,0.0,0.0,0.0,0.2049242306633387
qwen3,qwen3:0.6b,Cursos técnicos subsequentes exigem estágio obrigatório para conclusão?,"Sim, a maioria dos cursos exige o cumprimento de estágio curricular obrigatório.",Não encontrei essa informação nos documentos.,0.032,6.306,1650,414,0.0,0.0,0.9999999999,0.0,0.19664725473384176
qwen3,qwen3:0.6b,Os cursos de graduação do campus exigem Trabalho de Conclusão de Curso?,"Sim, o TCC é um componente curricular obrigatório para formatura nas graduações.","Sim, os cursos de graduação exigem Trabalho de Conclusão de Curso.",0.031,9.952,1617,791,0.0,0.9650450214177703,0.0,0.0,0.9731880037948336
qwen3,qwen3:0.6b,Posso transferir meu curso para outro campus do IFRS futuramente?,"Sim, mediante editais internos de transferência e caso haja vaga disponível.",Não encontrei essa informação nos documentos.,0.036,3.956,1573,178,0.5,0.0,0.0,0.0,0.20340863566340384
qwen3,qwen3:0.6b,A matrícula deve ser renovada a cada novo semestre?,"Sim, a rematrícula é obrigatória a cada semestre para manter o vínculo.",Não encontrei essa informação nos documentos.,0.031,4.808,1633,261,0.0,0.0,0.0,0.0,0.20187492686782726
qwen3,qwen3:0.6b,O que ocorre se eu não renovar a matrícula no prazo estipulado?,O estudante perde o vínculo e tem a sua matrícula cancelada por abandono.,Não encontrei essa informação nos documentos.,0.032,4.336,1679,201,0.0,0.0,0.9999999999,1.0,0.20655756601624078
qwen3,qwen3:0.6b,Como funciona a reclassificação de vagas não preenchidas?,As vagas são repassadas aos próximos da lista de espera por ordem de classificação.,"A reclassificação de vagas não preenchidas ocorre seguindo a sequência descrita no Anexo XI:   1. Cota 2 → Cota 3 → Cota 4 → Cota 6 → Cota 8 → Cota 7 → Cota 9 → Cota 1.   2. Se uma candidata não concluir os requisitos para a ocupação de uma vaga reservada (como a Pessoa com Deficiência), ela é recla",0.032,5.641,1613,352,0.75,0.9346941784805026,0.9999999999,1.0,0.20623788019893224
qwen3,qwen3:0.6b,Candidatos que zeraram a redação do Enem podem usar a nota?,"Não, zerar qualquer prova ou a redação desclassifica o candidato pelo Enem.",Não encontrei essa informação nos documentos.,0.033,5.127,1607,300,0.0,0.0,0.9999999999,1.0,0.2084047997521979
qwen3,qwen3:0.6b,Qual o critério de desempate caso dois candidatos tenham a mesma nota?,Os critérios de desempate geralmente priorizam candidatos de maior idade.,Não encontrei essa informação nos documentos.,0.032,6.813,1673,461,0.0,0.0,0.9999999999,1.0,0.2031883623429906
qwen3,qwen3:0.6b,Pessoas trans devem passar por banca de heteroidentificação?,"Não, a banca avalia apenas quem concorre nas cotas raciais para pretos e pardos.",Não encontrei essa informação nos documentos.,0.032,4.235,1446,239,0.0,0.0,0.9999999999,0.0,0.20145424839821846
qwen3,qwen3:0.6b,A renda per capita é calculada com base no salário bruto ou líquido?,A renda familiar per capita é calculada com base na renda bruta mensal.,Não encontrei essa informação nos documentos.,0.032,4.771,1407,310,0.0,0.0,0.9999999999,1.0,0.2025736305588004
qwen3,qwen3:0.6b,Estágio remunerado conta na composição da renda familiar para cotas?,"Sim, valores recebidos como bolsa de estágio entram no cômputo da renda familiar.",Não encontrei essa informação nos documentos.,0.031,5.081,1614,295,0.0,0.0,0.0,0.0,0.2028345000183288
qwen3,qwen3:0.6b,Membros da família que moram em outra casa entram no cálculo de renda?,"Não, apenas pessoas que residem sob o mesmo teto e compartilham rendas entram no cálculo.",Não encontrei essa informação nos documentos.,0.036,4.608,1782,204,1.0,0.0,0.0,0.0,0.2075910356223864
qwen3,qwen3:0.6b,Posso alterar o e-mail cadastrado após finalizar a inscrição?,A alteração deve ser feita no sistema durante o período permitido pelo edital.,Não encontrei essa informação nos documentos.,0.033,4.523,1528,260,1.0,0.0,0.0,0.0,0.20361770112989747
qwen3,qwen3:0.6b,É obrigatório apresentar título de eleitor na matrícula?,"Sim, a certidão de quitação eleitoral é exigida para a matrícula de maiores de 18 anos.","Sim, é obrigatório apresentar o título de eleitor na matrícula. O contexto menciona que a candidata deve apresentar o certificado até 30 de abril de 2025, indicando que o título de eleitor é necessário no processo.",0.032,4.528,1605,239,0.3333333333333333,0.9798281128288746,0.0,0.0,0.4373934506147774
qwen3,qwen3:0.6b,Homens maiores de 18 anos precisam de comprovante militar?,"Sim, a regularidade militar é obrigatória para candidatos homens maiores de 18 anos.","Sim, homens maiores de 18 anos precisam apresentar um comprovante de quitação com o Serviço Militar, conforme规定.",0.032,4.268,1663,198,1.0,0.9626369183988832,0.9999999999,1.0,0.7332074007848273
qwen3,qwen3:0.6b,Onde encontro o cronograma completo com todas as datas do edital?,O cronograma completo está disponível nos anexos do edital no site de ingresso do IFRS.,O cronograma completo com todas as datas do edital está disponível no site **ingresso.ifrs.edu.br**.,0.033,5.669,1875,292,1.0,0.0,0.9999999999,1.0,0.6129479957533965
phi3,phi3:mini,Quais são os cursos técnicos integrados ao Ensino Médio ofertados no Campus Ibirubá?,"Os cursos técnicos integrados ao Ensino Médio ofertados no campus são o Técnico em Agropecuária, Técnico em Informática e Técnico em Mecânica.",Técnico em Agropecuária e Técnico em Mecânica.,5.964,14.666,1954,20,0.5,0.0,0.9999999999,0.0,0.8251233155877405
phi3,phi3:mini,Quais são os turnos de funcionamento dos cursos técnicos integrados?,"O funcionamento dos cursos técnicos integrados ocorre nos turnos da manhã e da tarde (turno integral), com duração prevista de 3 anos.","Os cursos técnicos integrados apresentam turnos durante o dia. Por exemplo, para o Técnico em Fabricação Mecânica, há dois turnos com duração total de 30 horas cada semestre e um estágio obrigatório que não é especificado no contexto fornecido.",0.073,13.96,1794,74,0.8,0.9327737407296925,0.9999999999,0.0,0.6340262186676453
phi3,phi3:mini,Quais são os cursos técnicos subsequentes ao Ensino Médio disponíveis no Campus Ibirubá?,"Na modalidade subsequente, estão disponíveis os cursos de Técnico em Eletrotécnica e Técnico em Mecânica.",Técnico em Mecânica e Técnico em Eletrotécnica.,0.033,13.134,1954,20,1.0,0.8881320754349534,0.9999999999,1.0,0.9814965433314389
phi3,phi3:mini,Em qual turno ocorrem as aulas dos cursos subsequentes?,"As aulas dos cursos técnicos subsequentes acontecem no turno da noite, com duração de 4 semestres.",Manhã,0.031,11.23,1743,4,0.0,0.0,0.9999999999,0.0,0.1936013202058588
phi3,phi3:mini,Quais são os cursos superiores de graduação ofertados no Campus Ibirubá?,"O campus oferece os seguintes cursos superiores de graduação: Bacharelado em Agronomia, Bacharelado em Engenharia Mecânica, Bacharelado em Ciência da Computação e Licenciatura em Matemática.",Feliz Superior Bacharelado em Engenharia Ambiental e Feliz Superior Bacharelado em Engenharia Química.,0.032,13.675,1945,34,1.0,0.0,0.9999999999,1.0,0.21900007165548815
phi3,phi3:mini,Qual é a duração e os turnos dos cursos de Agronomia e Engenharia Mecânica no campus?,"O curso de Agronomia ocorre nos turnos da manhã e da tarde com duração de 10 semestres. O curso de Engenharia Mecânica é ofertado no turno da noite, também com duração de 10 semestres.","Agronomia - Duração em Semestres: 10 semestras, Turno: Manhã e Tarde. Engenharia Mecânica - Não há informações sobre a duração e os turnos no contexto fornecido.",0.031,14.354,1897,60,1.0,0.0,0.9999999999,0.5,0.738189388374058
phi3,phi3:mini,Qual é a duração e os turnos de Ciência da Computação e Licenciatura em Matemática?,"O curso de Ciência da Computação ocorre à noite com duração de 9 semestres, enquanto a Licenciatura em Matemática também acontece no turno da noite com duração de 8 semestres.",Técnico em Informática - Duração: 3 semestres; Turno: Manhã e Tarde. Tecnólogo em Gestão Ambiental - Duração: 6 semestres; Turno: Manhã e Tarde. Licenciatura em Matemática - Duração: 8 semestres; Turno: Noite.,0.038,14.875,1847,82,0.5,0.8880814623812536,0.0,0.5,0.5218413653347875
phi3,phi3:mini,Os cursos ofertados pelo IFRS Campus Ibirubá são pagos?,"Não. Todos os cursos oferecidos no IFRS são 100% gratuitos, não havendo cobrança de mensalidades ou taxas de matrícula.","Não encontrei essa informação nos documentos. A questão sobre se os cursos estão a ser pagos não foi abordada no contexto fornecido. Para obtermos detalhes precisos, seria necessário consultar outras fontes ou diretrizes oficiais que possam especificar as condições de inscrição e financiamento dos c",0.037,15.296,1893,88,1.0,0.0,0.9999999999,0.0,0.21572808381438086
phi3,phi3:mini,Qual o valor da taxa de inscrição para os cursos técnicos integrados?,"A taxa de inscrição para os cursos técnicos na modalidade integrada é de R$ 60,00.","R$ 30,00 (trinta reais)",0.037,12.371,1823,15,0.5,0.835256851129591,0.0,0.0,0.20505416178686264
phi3,phi3:mini,Quanto custa a inscrição para os cursos técnicos subsequentes?,"O custo é de R$ 20,00.","R$ 100,00 (cem reais)",0.03,12.593,1854,15,0.5,0.8330548442061096,0.0,0.0,0.22167404588530398
phi3,phi3:mini,Qual é o custo da inscrição para concorrer a uma vaga em curso de graduação?,"Se o candidato optar por concorrer via Exame de Seleção (prova), a taxa é de R$ 80,00. Caso a opção seja via nota do ENEM, a taxa é de R$ 20,00.","R$ 100,00",0.032,11.996,1800,10,1.0,0.8042010247560902,0.0,0.0,0.20909569504905862
phi3,phi3:mini,Como deve ser efetuado o pagamento da taxa de inscrição?,"O pagamento deve ser realizado por meio de boleto bancário gerado ao final da inscrição, pagável na rede bancária ou via internet banking.","Para realizar o pagamento da taxa de inscrição, os não isentos devem gerar um boleto para pagamento no valor especificado com base no modo de ingresso escolhido e se estão inscritos em cursos técnicos ou graduação. Os valores são: R$ 30,00 por Sorteio/ENEM; R$ 70,00 por Prova para cursos técnicos (I",0.032,21.652,1850,277,0.8333333333333334,0.8867368158272372,0.9999999999,1.0,0.5430450922116483
phi3,phi3:mini,Até quando posso pagar a taxa de inscrição?,O boleto deve ser pago impreterivelmente até o prazo limite definido no cronograma oficial do edital correspondente.,Até o dia 22 de setembro de 2025.,0.036,10.793,1870,18,0.0,0.0,0.9999999999,1.0,0.20613740285768797
phi3,phi3:mini,Posso modificar os dados da minha inscrição (como a opção de curso ou campus) após concluí-la?,"Sim, no entanto, após a finalização da inscrição, qualquer alteração exige que o candidato realize uma nova inscrição dentro do prazo regulamentar para que os novos dados sejam computados.","Não, é possível alterar o curso ou cota em que se inscreveu apenas dentro do prazo para inscrição. Após isso não será mais permitido. Se precisar de alterações após a confirmação da inscrição, deve cancelá-la e realizar uma nova dentro do período estabelecido para inscrição. Além disso, se tiver pag",0.032,16.101,1802,127,1.0,0.9235069025294736,0.9999999999,1.0,0.6251198301817562
phi3,phi3:mini,É possível me inscrever em mais de um curso no mesmo edital do IFRS?,Não. É permitido realizar apenas uma única inscrição por candidato em cada edital.,"Não encontrei essa informação nos documentos, pois a regra é que não será permitida a inscrição por pessoa em mais de um curso. Isso inclui cursos Integrados à Modalidade de Educação de Jovens e Adultos (EJA), Técnicos Concomitantes, Técninhos Concomitantes/Subsequentes, Técnicos Subsequentes e Curs",0.041,15.662,1845,108,0.7142857142857143,0.0,0.9999999999,1.0,0.5987022279205352
phi3,phi3:mini,Há devolução do valor pago na taxa de inscrição se eu desistir de participar?,"Não. O valor pago na taxa de inscrição não é reembolsável sob nenhuma circunstância, exceto se houver cancelamento do certame por parte do IFRS.","Não haverá devolução do pagamento da taxa de inscrição. Apenas serão feitas devoluções em casos específicos, como o cancelamento do próprio processo seletivo ou a cancelação das ofertas para os cursos aos quais eu fui inscrito.",0.037,14.847,1899,71,0.75,0.9308797050473953,0.9999999999,1.0,0.6540685318816453
phi3,phi3:mini,Quem tem direito a solicitar a isenção do pagamento da taxa de inscrição?,"Têm direito à isenção os candidatos com renda familiar bruta mensal de até 1 salário mínimo per capita (R$ 1.412,00) que estejam regularmente registrados no CadÚnico como baixa renda.","Pessoas cadastradas no CadÚnico como pertencentes à família de baixa renda, que recebem até R$1.518 por pessoa por mês.",0.037,13.242,1806,43,1.0,0.8217015224151173,0.9999999999,0.0,0.5307357310896101
phi3,phi3:mini,O cadastro do CadÚnico precisa ter alguma atualização recente?,Sim. O cadastro do candidato no CadÚnico deve estar obrigatoriamente atualizado nos últimos 2 anos.,"Sim, para ser considerado válido, o cadastro no CadÚnico deve estar atualizado nos últimos dois anos. Isso é necessário tanto para candidatos que solicitam isenção da taxa de inscrição quanto para aqueles que não pedem tal isenção.",0.035,15.679,2014,64,1.0,0.901297580165805,0.9999999999,1.0,0.741184053515557
phi3,phi3:mini,Onde realizo a solicitação de isenção de taxa?,"A solicitação deve ser realizada exclusivamente via internet, na página de ingressos do IFRS (ingresso.ifrs.edu.br).","O candidato deve acessar o endereço https://cadunico.dataprev.gov.br para iniciar o processo de inscrição e, em seguida, clicar no botão ""Entrar com o gov.br"" após realizar o login. Após isso, ele deve ir ao endereço ingresso.ifrs.edu.br e clicar em “Isenção” para acessar diretamente o formulário de",0.036,15.225,1740,117,0.7142857142857143,0.9128235663003261,0.9999999999,1.0,0.6751563248400998
phi3,phi3:mini,A isenção pode ser solicitada por mais de um membro do mesmo núcleo familiar?,"Sim. A isenção é um benefício de caráter estritamente individual, e cada integrante da mesma família que deseja concorrer deve fazer a sua própria solicitação.","Sim, para aqueles que não tenham acesso à Internet, cada campus do IFRS disponibilizará computador e impressora nos endereços e horários constantes no item 6 deste edital. Além disso, o Formulário de Solicitação pode ser preenchido por mais de um membro da mesma família para solicitar a isenção do C",0.036,14.456,1746,95,0.8,0.8745652929867967,0.9999999999,1.0,0.5216810268314471
phi3,phi3:mini,"Se minha isenção de taxa for aprovada (deferida), já estou inscrito no Processo Seletivo?","Não. O candidato que teve a isenção aceita deve, obrigatoriamente, entrar no sistema e realizar a inscrição no curso desejado para gerar o comprovante de isento.","Não, você ainda precisará realizar a inscrição manualmente em edital.",0.032,12.47,1813,21,1.0,0.8666365469028694,0.9999999999,1.0,0.6439458661885782
phi3,phi3:mini,O IFRS pode solicitar documentos de comprovação de renda para quem foi isento?,"Sim. O IFRS pode conferir e auditar as informações prestadas, e o candidato que prestar declarações falsas está sujeito a responder legalmente e ser eliminado do processo.",Não encontrei essa informação nos documentos fornecidos. A questão da necessidade de provas de renda não está explicitamente mencionada no contexto dado.,0.032,12.916,1765,43,1.0,0.0,0.9999999999,1.0,0.20874631287950615
phi3,phi3:mini,Qual o sistema utilizado para o ingresso nos cursos técnicos integrados de Ibirubá?,O sistema de ingresso para os cursos técnicos integrados em Ibirubá é realizado por meio de Exame de Seleção (prova objetiva presencial).,Sorteio.,0.034,13.194,1972,5,0.0,0.0,0.9999999999,1.0,0.20138923524780525
phi3,phi3:mini,Como são distribuídas as vagas para os cursos técnicos subsequentes de Ibirubá?,As vagas da modalidade subsequente são preenchidas por meio de Sorteio Público ou classificação pela nota do ENEM.,"As vagas para os cursos técnicos em Ibirubá estão disponíveis através do processo seletivo público, com acesso universal e reserva especificada para pessoas negras/pretas (C7), indígena (PPI) independentemente de renda (C8), e pessoas com Deficiência (PcD) que cursaram integralmente o Ensino Médio e",0.031,20.844,1998,223,0.5,0.9547449940841665,0.9999999999,1.0,0.19835475238873176
phi3,phi3:mini,Quais os meios para ingressar em um curso de graduação superior em Ibirubá?,Os ingressos para os cursos superiores de graduação em Ibirubá ocorrem via Exame de Seleção (prova com redação) ou utilizando a nota do ENEM.,"Para ingressar em cursos de Graduação na cidade de Ibirubá é necessário possuir o Ensino Médio completo ou concluí-lo até a data da matrícula. As inscrições para o Processo Seletivo serão realizadas via internet no endereço ingresso.ifrs.edu.br, utilizando o login e senha do acesso à conta do portal",0.038,16.162,1923,100,1.0,0.9435696036043841,0.9999999999,1.0,0.22187354039450133
phi3,phi3:mini,"Se eu escolher o ENEM para a graduação, posso usar notas de ""treineiro""?","Não. As notas do ENEM obtidas na condição de ""treineiro"" não são validadas para a classificação de vagas.",Não encontrei essa informação nos documentos.,0.041,12.461,1818,14,0.0,0.0,0.9999999999,1.0,0.2014276403926601
phi3,phi3:mini,O que fazer se eu precisar de acessibilidade ou condições especiais no dia da prova?,O candidato deve indicar sua necessidade no Formulário de Solicitação de Condição Especial (Anexo II/IV/V) disponível no sistema no momento da inscrição.,"Assine as alternativas correspondentes para suas necessidades específicas, como Acesso facilitado em função de dificuldade de locomoção ou uso de cadeira de roda. Se precisar disso por motivos médicos e tenha um telefonema para contato, certifique-se de que o seu acompanhante esteja disponível fora ",0.032,23.336,1906,312,0.8181818181818182,0.0,0.9999999999,0.0,0.20813743925038025
phi3,phi3:mini,Quais apoios especiais podem ser solicitados para o dia da avaliação?,"Podem ser solicitados auxílios como tempo adicional de prova, apoio de ledores ou transcritores, salas de fácil acesso e atendimento específico para lactantes.","- Acesso facilitado em função de dificuldade de locomoção ou uso de cadeira de roda.  - Mesa adequada a uma cadeira de rodas, se necessário.  - Realização da prova em ambiente com poucas pessoas para minimizar interrupções e distrações.  - Presença de um acompanhante que permanecerá fora da sala dur",0.04,32.451,1969,537,1.0,0.8945636982239494,0.9999999999,1.0,0.5288928413707231
phi3,phi3:mini,Quantas vagas são destinadas à reserva de vagas para escolas públicas?,Pelo menos 50% das vagas totais de cada curso são reservadas exclusivamente para estudantes egressos de escolas públicas.,"As vagas reservadas para escolas públicas totalizam o número especificado nas cotas C9 a C10, conforme descrito no contexto. No entanto, sem os números exatos fornecidos na questão original (que parecem estar faltando), não consigo determinar quantas vagas são reservadas para escolas públicas especi",0.039,19.172,1928,183,0.7777777777777778,0.0,0.9999999999,0.0,0.21615582555623275
phi3,phi3:mini,O que define se posso concorrer como egresso de escola pública?,É elegível o candidato que comprovar ter cursado integralmente todo o Ensino Fundamental (para cursos técnicos) ou todo o Ensino Médio (para cursos superiores) em instituições públicas de ensino.,"Cursar integralmente o Ensino Médio em escola pública com renda familiar bruta per capita igual ou inferior a 1,5 salário mínimo.",0.038,12.138,1680,39,0.5,0.8779069017415252,0.9999999999,1.0,0.21974813077079128
phi3,phi3:mini,"Se estudei com bolsa integral em escola particular, posso concorrer às vagas reservadas?","Não. Quem estudou em escola particular, mesmo que sob a condição de bolsista integral, não possui o direito de concorrer às cotas destinadas a escolas públicas.","Não encontrei essa informação nos documentos. A regra específica sobre acesso de candidatos que cursaram parte do Ensino Médio ou Curso Superior em escola particular, mesmo com bolsa integral, não é mencionada no contexto fornecido.",0.034,14.159,1844,65,0.0,0.0,0.9999999999,1.0,0.22663262293648545
phi3,phi3:mini,Como funciona a comprovação de renda para as cotas destinadas à baixa renda?,"A comprovação de renda é baseada nos dados do candidato cadastrados no CadÚnico, exigindo-se a apresentação do Extrato de Consulta Completa.","Para obter uma cota destinada à baixa renda, um candidato deve apresentar documentos que atestem sua situação econômica. Isso inclui a Documentação de Renda Inferior (Cota 1) e Autodeclaração com foto para negros pretos ou pardos, indígenas ou quilombolas (PPIQ), além do Laudo Médico Essential Comor",0.032,18.028,1981,142,0.6,0.9238744430476483,0.0,0.0,0.205537716343501
phi3,phi3:mini,"O que são as vagas destinadas ao grupo PPIQ (Pretos, Pardos, Indígenas e Quilombolas)?","São as cotas voltadas para candidatos egressos de escola pública que se autodeclarem Pretos, Pardos, Indígenas ou Quilombolas.","As vagas para o grupo PPIQ referem-se a candidatos autodeclarados como negros/pretos, pardos/pardos, indígenas ou quilombolas que tenham cursado integralmente o Ensino Fundamental (Cursos Técnicos) ou Ensino Médio (Cursos de Graduação), em escola pública, e cuja renda familiar bruta per capita seja ",0.038,16.965,1985,111,0.8571428571428571,0.946097088026637,0.9999999999,1.0,0.7607117809195312
phi3,phi3:mini,Quem pode concorrer na Cota 10 (destinada a Pessoas com Deficiência - PcD)?,"A Cota 10 (C10) é reservada exclusivamente para Pessoas com Deficiência (PcD), independentemente de renda ou de terem estudado em escola pública.","Pessoa com Deficiência que tenha cursado integralmente o Ensino Médio em escola pública, independente de renda.",0.038,14.651,2042,32,0.75,0.9034219119092823,0.9999999999,0.0,0.4701999263173254
phi3,phi3:mini,O que acontece se as vagas PcD não forem preenchidas por falta de candidatos?,"As vagas reservadas a PcD que não forem preenchidas por falta de candidatos são remanejadas para outras cotas ou destinadas ao Acesso Universal (Cota 1), dependendo da ordem descrita no edital.","Se as vagas para pessoas com Deficiência (PcD) no processo seletivo do IFRS não forem preenchidas, o procedimento específico a ser seguido é não declarado nos documentos. Portanto, precisaríamos consultar regulamentações adicionais ou diretrizes para determinar como lidar com essa situação.",0.037,15.069,1860,83,0.5,0.0,0.9999999999,0.0,0.21546465954856048
phi3,phi3:mini,O que o candidato aprovado por cota de escola pública precisa assinar na matrícula?,O candidato aprovado por cota de escola pública deve assinar eletronicamente a Declaração de Não Ter Estudado em Escolas Particulares.,Declaração Escolar confirmando a conclusão do Ensino Médio e/ou solicitando provas para comprovação da renda familiar bruta mensal per capita igual ou inferior ao salário mínimo.,0.037,14.544,1948,52,0.5,0.0,0.0,0.0,0.21907382121285174
phi3,phi3:mini,Quais documentos específicos devem ser enviados por candidatos indígenas aprovados?,É necessário anexar a Autodeclaração de membro de Comunidade Indígena (Anexo VII/IX) junto ao RANI ou à Declaração de Membro assinada por liderança da comunidade indígena (Anexo VIII/X).,"Answers for the provided context are as follows: Anexo VII, RANI (Registro Administrativo de Nascimento de In digena), e Declaração de Membro de Comunidade Indígena pela Liderança. Additionally, a Carteira de identidade ou documento equivalente também pode ser necessário.",0.037,15.622,1977,74,0.75,0.0,0.9999999999,1.0,0.728405676441622
phi3,phi3:mini,Qual o documento necessário para candidatos que concorrem a vagas reservadas a Quilombolas?,O candidato deve enviar a Declaração de pertencimento quilombola (Anexo IX/XI) assinada por 3 lideranças (com cópias de seus documentos) e o documento de reconhecimento emitido pela Fundação Cultural Palmares.,"A declaração expedida pela Fundação Cultural Palmares na qual conste o reconhecimento oficial do quilombo ( Anexo XIV). Além disso, para candidatos que concorrem às vagas reservadas a comunidades indígenas e Quilombolas, é necessário enviar uma declaração de pertencimento ao respectivo grupo. Para a",0.037,18.825,1996,163,0.6,0.0,0.9999999999,1.0,nan
phi3,phi3:mini,"O que acontece se eu enviar documentos apagados, cortados ou incompletos?","O candidato que enviar documentação ilegível, rasurada ou incompleta terá sua matrícula indeferida automaticamente.","Se você enviar documentos apagados, cortados ou incompletos, eles serão considerados inválidos. Como consequência disso, a matrícula não poderá ser efetuada até que todos os documentos sejam corretamente preenchidos e enviados dentro do prazo estipulado no processo de seleção. Se você tiver faltando",0.042,17.852,1949,146,0.7142857142857143,0.935401073849811,0.9999999999,1.0,0.4948376991641777
phi3,phi3:mini,E se a escola ainda não tiver emitido meu Certificado de Conclusão na data da matrícula?,"É aceito o envio de uma Declaração provisória de provável conclusão emitida pela escola. A matrícula será homologada de forma condicional, devendo o certificado oficial ser apresentado na data limite estabelecida.","Se sua escola ainda não tenha emitido seu Certificado de Conclusão do Ensino Médio até o início da matrícula, você deve seguir as orientações específsuitas para a situação. Geralmente, é necessário apresentar um Declaração Escolar ou outro documento equivalente que comprove sua conclusão eficaz do E",0.037,19.198,1738,233,0.6666666666666666,0.0,0.9999999999,1.0,0.6235215878998599
phi3,phi3:mini,O que é o processo de Heteroidentificação?,É o procedimento presencial de verificação para confirmar a veracidade da autodeclaração prestada por candidatos pretos ou pardos.,"O processo de Heteroidentificação consiste em uma comissão especial, formada por indivísduais negros/pretos e pardos/pardos do IFRS (Instituto Federal de Educação, Ciência e Tecnologia), que verifica a autodeclaração racial das candidatas/candidatos negras/pretas ou pardas/pardos inscritas para curs",0.035,18.947,1963,169,0.42857142857142855,0.9501357357830655,0.9999999999,1.0,0.4302552870853802
phi3,phi3:mini,Quais são os critérios que a banca utiliza para avaliar o candidato?,"A banca baseia-se exclusivamente nos critérios fenotípicos (características físicas visíveis do candidato, tais como traços faciais, cabelo e cor da pele).","Critério A - Candidatos com renda familiar bruta per capita igual ou inferior a 1,5 salário mínimo; Critério B - Autodeclarada/autodeclarado negra (preta/preto), parda (parda) ou indígena (PPI); e critérios C - Tenha cursado integralmente o Ensino Médio em escola pública.",0.039,16.27,1969,93,0.3333333333333333,0.8767594412090635,0.0,0.0,0.2165965907014128
phi3,phi3:mini,Posso levar fotos ou a minha certidão de nascimento para provar minha ascendência?,"Não. Fotos antigas, documentos civis ou histórico de herança genética familiar de parentes não são considerados na avaliação da banca.",Não encontrei essa informação nos documentos.,0.037,14.576,2106,14,1.0,0.0,0.9999999999,0.0,0.20352432657099756
phi3,phi3:mini,Menores de 18 anos precisam de alguma autorização para filmagem do processo?,"Sim. No ato de matrícula, candidatos menores de 18 anos devem apresentar a Autorização de Uso de Imagem (Anexo VIII/IX) devidamente assinada por seus pais ou responsáveis legais.",Não encontrei essa informação nos documentos.,0.037,14.104,2061,14,0.0,0.0,0.9999999999,1.0,0.1945896868196755
phi3,phi3:mini,O que ocorre se eu for convocado e não comparecer à banca de heteroidentificação?,"O candidato ausente ou que não tiver sua autodeclaração validada pela banca perde a vaga da cota e é reclassificado para as vagas de Acesso Universal (Cota 1), caso possua classificação suficiente.","Se você for convocado para a Comissão de Heteroidentificação mas não puder comparecer, as informações sobre como entrar com recurso dentro do prazo especificado no item 2 da Convocação serão disponibilizadas pelo link do Sistema de Pré-Matricula em ingresso.ifrs.edu.br conforme o cronograma estabele",0.032,16.078,1926,98,1.0,0.0,0.9999999999,0.0,0.21627275558888903
phi3,phi3:mini,Onde são publicadas as listas de classificados e chamadas para matrícula?,"Todas as listas, editais de resultados e convocações são divulgadas na internet, no site oficial de ingressos: ingresso.ifrs.edu.br.","Em ambos os casos, as informações sobre quem foi selecionado nas primeiras e segundas chamadas serão divulgadas no site ingresso.ifrs.edu.br. Além disso, o resultado final das matrículas em Primeira Chamada (Sorteio e Prova) também será publicado neste mesmo local digitalizado pelo Ministério da Edu",0.037,15.876,1865,107,0.6,0.8865639271952649,0.9999999999,1.0,0.6899169696813091
phi3,phi3:mini,"O que é e quem participa da ""Chamada Pública""?","A ""Chamada Pública"" é um chamamento eletrônico ou presencial realizado para preencher vagas que restaram sem matrícula após as etapas regulares, convocando candidatos suplentes por ordem de classificação.","A Chamada Pública é a última chamada para matrícula no IFRS. Ela ocorre após a Primeira Chamada e visa os candidatos não escolhidos na primeira etapa, incluindo aqueles que foram reclassificados para o acesso universal (C1).",0.037,14.134,1831,63,1.0,0.9040564019698445,0.9999999999,1.0,0.22426503504510065
phi3,phi3:mini,Ter o nome listado na Chamada Pública garante a vaga no curso?,Não. Estar na lista de convocados e enviar os documentos na Chamada Pública apenas gera expectativa de direito. O preenchimento ocorre estritamente pela ordem de classificação dos candidatos habilitados até o limite de vagas disponíveis.,"Não encontrei essa informação nos documentos. A publicação do nome da/do candidata/candidato na Chamada Pública não garante à/ao candidato/a a vaga no curso e nem a efetivação imediata da matrícula, pois há procedimentos adicionais que devem ser seguidos.",0.034,10.443,1848,81,1.0,0.0,0.9999999999,1.0,0.6531914318134548
phi3,phi3:mini,Posso manter vínculos ativos de matrícula em mais de um curso de graduação?,Não. É expressamente proibido por lei federal que um estudante ocupe concomitantemente duas vagas de cursos de graduação em quaisquer instituições públicas de ensino superior do país.,"Não encontrei essa informação nos documentos. A Lei nº. 12.711/2012 e Portaria Normativa MEC, nº 9 de 05 de 2018 mencionam que não é permitida a matrícula em mais de um curso superior (de graduação) nas instituições públicas ou com bolsa Prouni.",0.032,15.179,1816,94,0.4,0.0,0.9999999999,1.0,0.7898809425023978
phi3,phi3:mini,"O que acontece se eu for matriculado, mas faltar aos primeiros dias letivos?",O estudante regularmente matriculado que faltar aos primeiros dias letivos (conforme limite estipulado em edital) sem justificativa formal de ausência aceita pelo campus terá sua matrícula cancelada por abandono.,"Se você for matriculado e não comparecer aos primeiros seis dias de trabalho acadêmico do primeiro período letivo, sua matrícula será cancelada. Isso ocorre independentemente da etapa em que esteja no curso quando a ausência acontecer (primeira ou qualquer outra).",0.037,15.265,1953,73,0.25,0.9359025875076527,0.9999999999,1.0,0.5301675063854767
phi3,phi3:mini,É obrigatório possuir conta no portal gov.br para se inscrever?,"Sim, o acesso ao sistema de inscrições exige uma conta ativa no portal gov.br.","Sim, é necessário ter uma conta no portal gov.br para se inscrever no processo seletivo do IFRS. Se ainda não tiver cadastro, ao digitar o CPF na página de login e ser direcionado a realizar o cadastro, isso indica que possuir uma conta é obrigatório antes da inscrição poder prosseguir.",0.037,15.452,1894,88,0.3333333333333333,0.9621853020063815,0.9999999999,1.0,0.970392925057845
phi3,phi3:mini,Qual nível de conta gov.br é exigido para a inscrição?,"Geralmente são aceitas contas níveis bronze, prata ou ouro para o acesso básico.","Nenhum custo específico está associado à inscrição no portal gov.br conforme o contexto fornecido. A taxa de inscrição não será cobrada para este processo seletivo. No ent0-12Aceptar que a resposta correta é ""Nenhum custo associado à inscrição no portal gov.br"". O contexto mencionou explicitamente q",0.037,15.882,1914,154,0.75,0.8801612245430471,0.0,0.0,0.2019323282831628
phi3,phi3:mini,Posso usar o CPF dos meus pais para fazer a minha inscrição?,"Não, a inscrição deve ser feita obrigatoriamente com o CPF do próprio candidato.",Não encontrei essa informação nos documentos.,0.037,13.974,2032,14,1.0,0.0,0.9999999999,1.0,0.20740344474170866
phi3,phi3:mini,O que fazer se eu esquecer a senha da minha conta gov.br?,Você deve recuperar a senha diretamente na plataforma gov.br pelas opções de recuperação.,"Para recuperar sua senha, siga as etapas de autenticação para alteração ou recuperação de senhas disponíveis no portal gov.br. Se não tiver certeza sobre como fazer isso, entre em contato com o suporte técnico do site.",0.032,14.48,1860,66,0.25,0.0,0.0,0.0,0.7280371692397474
phi3,phi3:mini,Candidatos estrangeiros podem participar do processo seletivo?,"Sim, desde que possuam a documentação legal exigida para permanência no Brasil.","Sim, candidatos estrangeiros podem participar do processo seletivo. Eles devem apresentar um dos seguintes documentos para comprovar sua elegibilidade: o Registro Nacional de Estrangeiro (RNE), ou Passaporte com visto de estudante. Se não tiverem esses documentos, eles precisam enviar outro document",0.04,16.938,2005,110,0.8333333333333334,0.9348377931011244,0.9999999999,1.0,0.9612506125567204
phi3,phi3:mini,Qual documento de identidade é aceito para candidatos estrangeiros?,O Registro Nacional de Estrangeiro (RNE) ou a Carteira de Registro Nacional Migratório (CRNM).,O Passaporte com visto de estudante ou Outro documento legalizado pelo órgão competente que permite ao estrangeiro estudar no Brasil.,0.037,15.472,2143,35,1.0,0.8867841856650721,0.9999999999,0.0,0.21709857043508837
phi3,phi3:mini,É permitido o uso de nome social durante o processo seletivo?,"Sim, candidatos travestis e transexuais podem solicitar o uso de nome social.","Sim, é permitido. No entanto, conforme mencionado nos documentos fornecidos, para os candidatos com menos de 18 anos, a autorização do responsável legal é necessária para utilizar o nome social no processo seletivo. Além disso, há restrições sobre inscrições em cursos múltiplos e diferentes modalida",0.037,16.173,1857,115,0.75,0.9480361614112883,0.9999999999,1.0,0.3884764713401926
phi3,phi3:mini,Como solicito a inclusão do meu nome social no cadastro?,A solicitação deve ser feita durante o preenchimento do formulário de inscrição.,"Para solicitar a isenção, primeiro você deve acessar o endereço https://cadunico.dataprev.gov.br e clicar no botão onde diz ""Entrar com o gov.br"". Após realizar o login (acesso), utilizar a opção “Consulta ao Formulário”. É preciso gerar o Extrato de Consulta Completo e salvar no computador ou celul",0.036,15.595,2012,207,1.0,0.8640025954148325,0.9999999999,1.0,0.20716823421823147
phi3,phi3:mini,O IFRS envia e-mails de confirmação após a conclusão da inscrição?,"Sim, o sistema envia confirmações automáticas para o e-mail cadastrado.",Não encontrei essa informação nos documentos. A resposta não está no contexto fornecido.,0.038,13.362,1889,26,0.5,0.0,0.9999999999,0.0,0.20516280929324307
phi3,phi3:mini,O que devo fazer se não receber o e-mail de confirmação?,Verifique a caixa de spam ou acesse o sistema para confirmar o status da inscrição.,"Se você não recebeu o e-mail de confirmação, é importante entrar em contato com a instituição para verificar se houve algum erro. Você pode ligar ao número fornecido pelo IFRS ou clicar no botão ""Entrar em Contato"" na página do site ingresso.ifrs.edu.br, onde você inscreveu-se para obter assistência",0.032,15.933,1843,116,0.14285714285714285,0.0,0.9999999999,0.0,0.21000270439083427
phi3,phi3:mini,Qual é a validade exigida para o documento de identidade (RG)?,O RG deve estar legível e permitir a identificação clara e atualizada do candidato.,Não encontrei essa informação nos documentos.,0.037,14.512,2100,14,1.0,0.0,0.0,1.0,0.20559802300318666
phi3,phi3:mini,CNH (Carteira Nacional de Habilitação) é aceita como identificação?,"Sim, a CNH dentro da validade é um documento de identificação oficial aceito.","Sim, a Carteira Nacional de Habilitação (CNH) expedida na forma da Lei 9.503/97 com fotografia pode ser considerada um documento equivalente para fins de identidade no contexto fornecido. Portanto, é aceita como uma alternativa à Carta de Identidade ou outro documento válido que permite a identifica",0.036,14.037,1980,99,1.0,0.9381359030417108,0.9999999999,1.0,0.6519409156337883
phi3,phi3:mini,Posso usar a certidão de nascimento no lugar do RG para a matrícula?,"Não, a certidão de nascimento não substitui o documento de identidade com foto.",Não encontrei essa informação nos documentos.,0.033,13.536,1969,14,1.0,0.0,0.9999999999,1.0,0.21271676173452392
phi3,phi3:mini,Documentos digitais oficiais (como e-Título) são válidos no processo?,"Sim, documentos digitais oficiais com QR Code de validação normalmente são aceitos.","Não encontrei essa informação nos documentos. A validade dos documentos digitais, como e-Títulos, não foi especificada naquele contexto fornecido. Para obter as informações mais precisas sobre a aceitação de tais documentos no processo seletivo do IFRS para cursos técnicos integrados ou outros curso",0.032,16.556,1956,110,1.0,0.0,0.9999999999,0.0,0.21774977884543467
phi3,phi3:mini,Cópias autenticadas em cartório substituem o envio online dos originais?,"Não, o envio deve ser feito digitalizando os documentos originais diretamente no sistema.",Não encontrei essa informação nos documentos.,0.038,14.572,2119,14,1.0,0.0,0.9999999999,0.0,0.20967968116241134
phi3,phi3:mini,Preciso enviar fotos 3x4 no momento da pré-matrícula?,A necessidade de foto 3x4 depende das orientações específicas do edital de matrícula.,Não encontrei essa informação nos documentos.,0.036,13.586,1989,14,0.5,0.0,0.0,1.0,0.20211894418662496
phi3,phi3:mini,Existe limite de idade máximo para ingressar nos cursos subsequentes?,Não há limite máximo de idade para ingressar nos cursos técnicos subsequentes.,Não encontrei essa informação nos documentos.,0.031,12.16,1813,14,1.0,0.0,0.9999999999,0.0,0.21180808063600848
phi3,phi3:mini,Existe idade mínima para os cursos superiores de graduação?,"Não há limite de idade, mas é necessário ter concluído o Ensino Médio.",Não encontrei essa informação nos documentos.,0.03,9.674,1759,14,1.0,0.0,0.0,0.0,0.2121879440972472
phi3,phi3:mini,O que é o período de interposição de recursos?,É o prazo oficial para contestar resultados preliminares ou decisões do processo.,"O período de interposição de recursos é a janela entre as datas dos resultados prelimina ris das comissões de heteroidentificação e os prazos para recurso, que neste caso são do dia 27/11/2025 ao dia 24/11/2025.",0.032,16.839,2163,75,0.5,0.0,0.9999999999,1.0,0.5948071326228126
phi3,phi3:mini,Como devo enviar um recurso contra o resultado preliminar?,Os recursos devem ser submetidos exclusivamente pelo sistema eletrônico de ingresso.,"Para contestar o resultado preliminar das comissões de heteroidentificação, os candidatos devem interpor seus recursos online. O link para fazer isso será disponibilizado no site ingresso.ifrs.edu.br. A publicação do resultado final e a divulgação do gabarito definitivo da prova também ocorrerão nes",0.045,17.412,2054,110,1.0,0.8900392373015097,0.9999999999,1.0,0.2048935347410965
phi3,phi3:mini,Posso enviar recursos por e-mail diretamente ao campus?,"Não, recursos enviados por e-mail fora do sistema oficial não são analisados.","Não encontrei essa informação nos documentos. Apenas é mencionada a possibilidade de envio do laudo médico ou atestado para solicitações especiais no campus, mas não há detalhes sobre o envio direto por e-mail das reclamações adicionais.",0.041,14.392,1824,70,0.3333333333333333,0.0,0.9999999999,1.0,0.20981261608880747
phi3,phi3:mini,Qual é o prazo padrão para análise e resposta dos recursos?,O prazo exato de resposta está previsto no cronograma oficial do edital.,"O período para realização de recursos (pedidos de revisão, questionamentos) quanto ao resultado das comissões de heteroidentificação é de até 17/02/2026.",0.032,16.44,2223,47,1.0,0.8742734167599178,0.9999999999,1.0,0.21070870181138843
phi3,phi3:mini,"Se meu recurso for negado, posso recorrer novamente?","Não, a decisão após a análise do recurso é definitiva na esfera administrativa.",Não encontrei essa informação nos documentos.,0.035,13.99,2034,14,1.0,0.0,0.0,0.0,0.20549902788824398
phi3,phi3:mini,Candidatos de outras cidades podem concorrer às vagas de Ibirubá?,"Sim, o processo seletivo é aberto a candidatos de qualquer município do país.",Não encontrei essa informação nos documentos.,0.035,13.541,1965,14,1.0,0.0,0.0,0.0,0.20343236898896133
phi3,phi3:mini,Há alojamento ou moradia estudantil oferecida pelo campus?,"Não, o IFRS Campus Ibirubá não possui alojamento ou moradia estudantil própria.",Não encontrei essa informação nos documentos.,0.033,12.247,1806,14,1.0,0.0,0.0,0.0,0.20597407239777799
phi3,phi3:mini,O campus oferece auxílio estudantil ou bolsas de permanência?,"Sim, o IFRS possui programas de auxílio baseados em critérios socioeconômicos.",Não encontrei essa informação nos documentos.,0.033,12.333,1815,14,1.0,0.0,0.0,1.0,0.20830290869104445
phi3,phi3:mini,Quando abrem os editais para solicitação de auxílio estudantil?,Os editais de assistência abrem após o início do semestre letivo.,Não encontrei essa informação nos documentos.,0.032,12.322,1840,14,1.0,0.0,0.0,0.0,0.20504746967861012
phi3,phi3:mini,Posso aproveitar disciplinas já cursadas em outra instituição?,"Sim, após a matrícula você pode solicitar aproveitamento mediante análise.",Não encontrei essa informação nos documentos.,0.032,12.343,1838,14,1.0,0.0,0.0,0.0,0.20150053343872484
phi3,phi3:mini,Como solicito o aproveitamento de estudos após a matrícula?,A solicitação é feita na secretaria com o histórico e ementas das disciplinas.,Não encontrei essa informação nos documentos fornecidos.,0.032,12.476,1829,18,1.0,0.0,0.0,0.0,0.20130006811400888
phi3,phi3:mini,A documentação de matrícula pode ser entregue presencialmente?,"Não, o envio da documentação de pré-matrícula ocorre de forma totalmente eletrônica.",Não encontrei essa informação nos documentos.,0.032,13.401,1958,14,0.0,0.0,0.9999999999,0.0,0.20989798976653024
phi3,phi3:mini,Qual o formato de arquivo exigido para o envio dos documentos?,"Os documentos geralmente devem ser anexados em formato PDF, JPG ou PNG.","Não há informações específicas sobre o formato de arquivo exigido no contexto fornecido. Portanto, a resposta é ""O texto não encontra essa informação nos documentos.""",0.035,13.792,1869,49,1.0,0.0,0.0,0.0,0.2107156699276655
phi3,phi3:mini,Qual o tamanho máximo permitido para os arquivos anexados no sistema?,O limite de tamanho por arquivo é estipulado pelo sistema de envio.,Não encontrei essa informação nos documentos.,0.032,12.592,1871,14,0.0,0.0,0.0,0.0,0.20197819805822126
phi3,phi3:mini,O que faço se o sistema de inscrições apresentar instabilidade?,"Tente acessar em outro navegador, limpe o cache ou aguarde a normalização.",Não encontrei essa informação nos documentos.,0.033,10.082,1805,14,0.0,0.0,0.0,0.0,0.20531666023425335
phi3,phi3:mini,É possível trancar a matrícula logo no primeiro semestre?,"Geralmente o trancamento no primeiro semestre não é permitido, salvo exceções legais.",Não encontrei essa informação nos documentos. As informações sobre se é possível trancar imediatamente após o envio da documentação na Primeira Chamada não estão explicitadas no contexto fornecido.,0.032,13.905,1877,53,1.0,0.0,0.0,0.0,0.21773660830752317
phi3,phi3:mini,Cursos técnicos subsequentes exigem estágio obrigatório para conclusão?,"Sim, a maioria dos cursos exige o cumprimento de estágio curricular obrigatório.","Sim, os cursos técnicos subsequentes exigem estágio obrigatório para conclusão. Isso é indicado pela notação ""mais estágio obrigatório"" presente ao lado dos nomes de alguns cursos no contexto fornecido.",0.032,13.851,1795,61,0.75,0.9933568900699082,0.9999999999,1.0,0.8288975219772428
phi3,phi3:mini,Os cursos de graduação do campus exigem Trabalho de Conclusão de Curso?,"Sim, o TCC é um componente curricular obrigatório para formatura nas graduações.",Não encontrei essa informação nos documentos.,0.033,12.203,1792,14,1.0,0.0,0.0,0.0,0.20162166526125458
phi3,phi3:mini,Posso transferir meu curso para outro campus do IFRS futuramente?,"Sim, mediante editais internos de transferência e caso haja vaga disponível.",Não encontrei essa informação nos documentos.,0.032,12.424,1827,14,0.0,0.0,0.0,0.0,0.20340863566340384
phi3,phi3:mini,A matrícula deve ser renovada a cada novo semestre?,"Sim, a rematrícula é obrigatória a cada semestre para manter o vínculo.",Não encontrei essa informação nos documentos.,0.031,12.582,1866,14,1.0,0.0,0.0,0.0,0.20187492686782726
phi3,phi3:mini,O que ocorre se eu não renovar a matrícula no prazo estipulado?,O estudante perde o vínculo e tem a sua matrícula cancelada por abandono.,"Se você não renovar sua matrícula dentro do prazo estabelecido, provavelmente será cancelada. Isso pode resultar em consequências como o desclassificamento ou até mesmo acusações de falsidade ideológica se a falha for considerada intencional e fraudulenta pelos documentos enviados durante qualquer f",0.032,15.45,1950,82,0.42857142857142855,0.9589644444247646,0.9999999999,1.0,0.5822843579518199
phi3,phi3:mini,Como funciona a reclassificação de vagas não preenchidas?,As vagas são repassadas aos próximos da lista de espera por ordem de classificação.,"As vagas não preencheram serão migradas para outras cotas seguindo uma sequência específica conforme detalhado no Anexo XI. Por exemplo, se a cota número dois estiver incompleta, suas vagas passarão primeiro para a cota três e assim por diante até que todas as vagas não preencherem tenham sido realo",0.037,15.737,1854,103,1.0,0.9130056880030177,0.9999999999,1.0,0.2149191339653454
phi3,phi3:mini,Candidatos que zeraram a redação do Enem podem usar a nota?,"Não, zerar qualquer prova ou a redação desclassifica o candidato pelo Enem.",Não encontrei essa informação nos documentos.,0.041,12.693,1865,14,0.0,0.0,0.9999999999,1.0,0.2084047997521979
phi3,phi3:mini,Qual o critério de desempate caso dois candidatos tenham a mesma nota?,Os critérios de desempate geralmente priorizam candidatos de maior idade.,"O critério de desempate para os cursos técnicos é pela maior pontuação na Prova de Redação. Se ainda houver empate, seguirá o mesmo processo até que um vencedor seja determinado. Caso haja discrepância nas notas das avaliações individuais da prova, uma terceira avaliação será realizada para calcular",0.031,16.452,1945,108,0.6,0.9060686785417201,0.9999999999,1.0,0.2103135778123305
phi3,phi3:mini,Pessoas trans devem passar por banca de heteroidentificação?,"Não, a banca avalia apenas quem concorre nas cotas raciais para pretos e pardos.","Sim, pessoas que identificam como transexuais ou travestis são obrigadas a passar pela banca de heteroidentificação para confirmar sua autodeclaração racial. Isso é necessário mesmo após o uso do Nome Social conforme regulado pelo CNCD/LGBT, que permite ao responsável legal utilizar esse nome na doc",0.036,14.24,1711,96,0.3333333333333333,0.9440724545713302,0.9999999999,1.0,0.20940645302874053
phi3,phi3:mini,A renda per capita é calculada com base no salário bruto ou líquido?,A renda familiar per capita é calculada com base na renda bruta mensal.,Não encontrei essa informação nos documentos.,0.032,10.354,1551,14,1.0,0.0,0.9999999999,1.0,0.2025736305588004
phi3,phi3:mini,Estágio remunerado conta na composição da renda familiar para cotas?,"Sim, valores recebidos como bolsa de estágio entram no cômputo da renda familiar.",Não encontrei essa informação nos documentos.,0.032,12.394,1829,14,1.0,0.0,0.0,0.0,0.2028345000183288
phi3,phi3:mini,Membros da família que moram em outra casa entram no cálculo de renda?,"Não, apenas pessoas que residem sob o mesmo teto e compartilham rendas entram no cálculo.",Não encontrei essa informação nos documentos.,0.034,14.499,2076,14,0.0,0.0,0.0,0.0,0.2075910356223864
phi3,phi3:mini,Posso alterar o e-mail cadastrado após finalizar a inscrição?,A alteração deve ser feita no sistema durante o período permitido pelo edital.,"Não encontrei essa informação nos documentos. A resposta deve ser ""Não é permitido alterar o CPF ou senha do portal gov.br após concluir o processo de inscrição."" Isso implica que não há permissão para alterações no cadastro eletrônico pós-inscrição, incluindo a mudança do e-mail cadastrado.",0.037,14.96,1795,93,0.0,0.0,0.0,0.0,0.1977298237312063
phi3,phi3:mini,É obrigatório apresentar título de eleitor na matrícula?,"Sim, a certidão de quitação eleitoral é exigida para a matrícula de maiores de 18 anos.",Não encontrei essa informação nos documentos.,0.036,12.684,1862,14,1.0,0.0,0.0,0.0,0.2021741434113048
phi3,phi3:mini,Homens maiores de 18 anos precisam de comprovante militar?,"Sim, a regularidade militar é obrigatória para candidatos homens maiores de 18 anos.","Sim, homens maiores de 18 (dezoito) e até 45 (quarenta e cinco) anos são obrigados a apresentar o Comprovante de quitação com o Serviço Militar se completarem 18 no ano em que ingressam.",0.031,15.011,1948,66,1.0,0.949649682436765,0.9999999999,1.0,0.6582702579770601
phi3,phi3:mini,Onde encontro o cronograma completo com todas as datas do edital?,O cronograma completo está disponível nos anexos do edital no site de ingresso do IFRS.,"O texto fornecido não inclui um ""Anexo"" específico onde se encontraria esse cronograma. No entanto, menciona que há uma publicação dos resultados em vários dias no site ingresso.ifrs.edu.br e que as informações sobre o processo serão disponibilizadas na página ingresso do mesmo site. Portanto, é pro",0.041,18.027,2138,110,0.6,0.0,0.9999999999,0.0,0.5560752379982247
smollm2,smollm2:1.7b,Quais são os cursos técnicos integrados ao Ensino Médio ofertados no Campus Ibirubá?,"Os cursos técnicos integrados ao Ensino Médio ofertados no campus são o Técnico em Agropecuária, Técnico em Informática e Técnico em Mecânica.",Cursos técnicos integrados ao Ensino Médio ofertados no Campus Ibirubá são:  1. Técnico em Agropecuária (Manhã e Tarde) 2. Técnico em Mecânica (Noite) 3. Técnico em Eletrotécnica (Noite) 4. Técnico em Mecânica Noite (Sorteio Público) 5. Técnico em Agropecuária Noite (Sorteio Público) 6. Técnico em E,5.569,10.684,2120,166,0.2857142857142857,1.0000000000000002,0.0,0.25,0.6041669807457601
smollm2,smollm2:1.7b,Quais são os turnos de funcionamento dos cursos técnicos integrados?,"O funcionamento dos cursos técnicos integrados ocorre nos turnos da manhã e da tarde (turno integral), com duração prevista de 3 anos.",Os turnos de funcionamento dos cursos técnicos integrados estão disponíveis em turnos de manhã e tarde.,0.068,6.695,1989,39,1.0,0.9698394433434033,0.9999999999,0.0,0.7416235550331215
smollm2,smollm2:1.7b,Quais são os cursos técnicos subsequentes ao Ensino Médio disponíveis no Campus Ibirubá?,"Na modalidade subsequente, estão disponíveis os cursos de Técnico em Eletrotécnica e Técnico em Mecânica.",Os cursos técnicos subsequentes ao Ensino Médio disponíveis no Campus Ibirubá são:  1. Técnico em Agropecuária (manhã e tarde) 2. Técnico em Eletrotécnica (noite) 3. Técnico em Mecânica (manhã e tarde) 4. Técnico em Agropecuária (noite) 5. Técnico em Mecânica (sorteio) 6. Técnico em Agropecuária (so,0.032,10.525,2121,239,0.5833333333333334,0.9999999999999999,0.9999999999,1.0,0.5107291075547251
smollm2,smollm2:1.7b,Em qual turno ocorrem as aulas dos cursos subsequentes?,"As aulas dos cursos técnicos subsequentes acontecem no turno da noite, com duração de 4 semestres.",As a descrição das vagas está após a tabela. Cursos Superiores Turnos Duração em Semestres Total de Vagas Vagas Ordem de Inscrição Reserva Ensino Público C1 C10 Renda igual ou inferior a 1 salário mínimo Independente de Renda C2 C3 C4 C5 C6 C7 C8 C9 Licenciatura em Física Noite 8 semestres* 21 1 1 1,0.032,23.017,1861,1024,0.875,0.0,0.0,0.0,0.43681450211101625
smollm2,smollm2:1.7b,Quais são os cursos superiores de graduação ofertados no Campus Ibirubá?,"O campus oferece os seguintes cursos superiores de graduação: Bacharelado em Agronomia, Bacharelado em Engenharia Mecânica, Bacharelado em Ciência da Computação e Licenciatura em Matemática.",Cursos superiores de graduação ofertados no Campus Ibirubá incluem:  1. Técnico em Mecânica Noite 2. Técnico em Eletrotécnica Noite 3. Técnico em Mecânica (estágio) 4. Técnico em Eletrotécnica (estágio) 5. Licenciatura em Matemática Noite 6. Licenciatura em Química Noite 7. Licenciatura em Letras - ,0.037,9.9,2085,203,0.8,0.9847623505947579,0.9999999999,1.0,0.22161743075709006
smollm2,smollm2:1.7b,Qual é a duração e os turnos dos cursos de Agronomia e Engenharia Mecânica no campus?,"O curso de Agronomia ocorre nos turnos da manhã e da tarde com duração de 10 semestres. O curso de Engenharia Mecânica é ofertado no turno da noite, também com duração de 10 semestres.","Após analisar as informações fornecidas, podemos verificar que o campus Vacaria possui cursos de Agronomia (Manhã e Tarde) com 10 semestres* e 24 vagas, enquanto a Engenharia Mecânica possui cursos de Noite com 8 semestres* e 16 vagas. Portanto, o duração dos cursos de Agronomia é de 10 semestres*, ",0.033,8.651,2064,132,0.3,0.956559094554245,0.0,0.5,0.6117026543858602
smollm2,smollm2:1.7b,Qual é a duração e os turnos de Ciência da Computação e Licenciatura em Matemática?,"O curso de Ciência da Computação ocorre à noite com duração de 9 semestres, enquanto a Licenciatura em Matemática também acontece no turno da noite com duração de 8 semestres.","Ciência da Computação e Licenciatura em Matemática estão relacionados ao Ensino Médio, mas não estão relacionados ao IFRS. Se você estiver procurando informações sobre duração e turnos de Ciência da Computação e Licenciatura em Matemática, pode precisar consultar documentos específicos do seu país o",0.032,8.314,2056,113,0.3333333333333333,0.0,0.0,0.5,0.22175788250089623
smollm2,smollm2:1.7b,Os cursos ofertados pelo IFRS Campus Ibirubá são pagos?,"Não. Todos os cursos oferecidos no IFRS são 100% gratuitos, não havendo cobrança de mensalidades ou taxas de matrícula.","No documento fornecido, não há informação sobre o preço ou aplicação de desconto para os cursos ofertados pelo IFRS Campus Ibirubá. Ao analisar a tabela que está após a lista das vagas, as categorias C1, C2, C3, C4, C5, C6, C7, C8 e C9 não mencionam o preço ou desconto de inscrição para os cursos of",0.032,9.638,2067,190,0.75,0.0,0.9999999999,0.0,0.21895152759935446
smollm2,smollm2:1.7b,Qual o valor da taxa de inscrição para os cursos técnicos integrados?,"A taxa de inscrição para os cursos técnicos na modalidade integrada é de R$ 60,00.",Não encontrei essa informação nos documentos.,0.033,6.471,2016,16,0.0,0.0,0.0,0.0,0.20432382144666433
smollm2,smollm2:1.7b,Quanto custa a inscrição para os cursos técnicos subsequentes?,"O custo é de R$ 20,00.",Não encontrei essa informação nos documentos.,0.031,6.733,2058,16,0.0,0.0,0.0,0.0,0.20454030250601962
smollm2,smollm2:1.7b,Qual é o custo da inscrição para concorrer a uma vaga em curso de graduação?,"Se o candidato optar por concorrer via Exame de Seleção (prova), a taxa é de R$ 80,00. Caso a opção seja via nota do ENEM, a taxa é de R$ 20,00.","O custo da inscrição para concorrer a uma vaga em curso de graduação é R$ 100,00.",0.033,6.759,2028,36,1.0,1.0,0.0,0.0,0.2112874969736609
smollm2,smollm2:1.7b,Como deve ser efetuado o pagamento da taxa de inscrição?,"O pagamento deve ser realizado por meio de boleto bancário gerado ao final da inscrição, pagável na rede bancária ou via internet banking.","Não foi possível encontrar a informação sobre como deve ser efetuado o pagamento da taxa de inscrição no contexto do documento. Por isso, digo que não encontrei essa informação nos documentos.",0.033,7.552,2068,66,0.0,0.0,0.9999999999,1.0,0.21435674279608202
smollm2,smollm2:1.7b,Até quando posso pagar a taxa de inscrição?,O boleto deve ser pago impreterivelmente até o prazo limite definido no cronograma oficial do edital correspondente.,Você pode pagar a taxa de inscrição até o dia 13 de outubro de 2025.,0.032,5.834,2070,33,1.0,0.9903136834046646,0.9999999999,1.0,0.4626584466618047
smollm2,smollm2:1.7b,Posso modificar os dados da minha inscrição (como a opção de curso ou campus) após concluí-la?,"Sim, no entanto, após a finalização da inscrição, qualquer alteração exige que o candidato realize uma nova inscrição dentro do prazo regulamentar para que os novos dados sejam computados.","Não, a resposta não está no contexto fornecido. A resposta precisa ser encontrada dentro dos documentos relacionados à seleção de cursos IFRS.",0.032,6.925,2009,47,0.0,0.0,0.9999999999,1.0,0.2129780409915496
smollm2,smollm2:1.7b,É possível me inscrever em mais de um curso no mesmo edital do IFRS?,Não. É permitido realizar apenas uma única inscrição por candidato em cada edital.,"Não é possível me inscrever em mais de um curso no mesmo edital do IFRS. O Edital oferece 162 vagas para o Curso Técnico Integrado à Modalidade de Educação de Jovens e Adultos (EJA), 6 vagas para os Cursos Concomitantes, 17 vagas para os Cursos Concomitantes/Subsequentes, 469 vagas para os Cursos Su",0.033,8.705,2035,139,1.0,0.9018784015559738,0.9999999999,1.0,0.43002970510983063
smollm2,smollm2:1.7b,Há devolução do valor pago na taxa de inscrição se eu desistir de participar?,"Não. O valor pago na taxa de inscrição não é reembolsável sob nenhuma circunstância, exceto se houver cancelamento do certame por parte do IFRS.","Não, não há devolução do valor pago da taxa de inscrição se eu desistir de participar do processo seletivo.",0.031,7.137,2091,38,0.5,0.9266573098394171,0.9999999999,1.0,0.6508489657408411
smollm2,smollm2:1.7b,Quem tem direito a solicitar a isenção do pagamento da taxa de inscrição?,"Têm direito à isenção os candidatos com renda familiar bruta mensal de até 1 salário mínimo per capita (R$ 1.412,00) que estejam regularmente registrados no CadÚnico como baixa renda.","O que é esperado com essa pergunta é uma resposta que identifique o aluno ou candidato que possui direito à isenção do pagamento da taxa de inscrição. Porém, não encontrei dados sobre quem tem direito a solicitar a isenção no texto fornecido.",0.035,7.605,2025,84,0.5,0.0,0.9999999999,0.0,0.2183820734439238
smollm2,smollm2:1.7b,O cadastro do CadÚnico precisa ter alguma atualização recente?,Sim. O cadastro do candidato no CadÚnico deve estar obrigatoriamente atualizado nos últimos 2 anos.,"Não, a resposta não estiver no contexto fornecido. A resposta deve ser baseada em apenas o texto informado e não contenha nenhuma referência às perguntas ou respostas que você pode encontrar no contexto.",0.031,8.128,2223,71,0.3333333333333333,0.0,0.9999999999,1.0,0.21289696104958217
smollm2,smollm2:1.7b,Onde realizo a solicitação de isenção de taxa?,"A solicitação deve ser realizada exclusivamente via internet, na página de ingressos do IFRS (ingresso.ifrs.edu.br).","O solicitante pode realizar a solicitação de isenção de taxa no endereço ingresso.ifrs.edu.br, através do formulário de solicitação de isenção que está disponível naquele site.",0.033,7.091,1968,63,1.0,0.9553953819820984,0.9999999999,1.0,0.7886341163078407
smollm2,smollm2:1.7b,A isenção pode ser solicitada por mais de um membro do mesmo núcleo familiar?,"Sim. A isenção é um benefício de caráter estritamente individual, e cada integrante da mesma família que deseja concorrer deve fazer a sua própria solicitação.","Não, a isenção pode ser solicitada somente pelo candidato que realizou o cadastro no CadÚnico. Caso haja alguma falha na inscrição ou se necessário correção de informações, o IFRS não fará correção do número do CPF após encerrado o período de solicitação.",0.035,7.633,1977,95,0.5,0.8869585942537312,0.9999999999,1.0,0.22289844264607456
smollm2,smollm2:1.7b,"Se minha isenção de taxa for aprovada (deferida), já estou inscrito no Processo Seletivo?","Não. O candidato que teve a isenção aceita deve, obrigatoriamente, entrar no sistema e realizar a inscrição no curso desejado para gerar o comprovante de isento.","Não, se minha isenção de taxa for aprovada (deferida), não estou inscrito no Processo Seletivo. A isenção de taxa é apenas uma forma de rejeitar o pagamento da taxa de inscrição e não é um processo para se inscrever em outro programa de entrada na Universidade Federal do Rio Grande do Sul (UFRGS).",0.033,7.834,2025,97,0.5,0.9245499713147802,0.9999999999,1.0,0.5579800556584231
smollm2,smollm2:1.7b,O IFRS pode solicitar documentos de comprovação de renda para quem foi isento?,"Sim. O IFRS pode conferir e auditar as informações prestadas, e o candidato que prestar declarações falsas está sujeito a responder legalmente e ser eliminado do processo.",Não encontrei essa informação nos documentos.,0.031,6.329,1985,16,0.5,0.0,0.9999999999,1.0,0.19584245625632093
smollm2,smollm2:1.7b,Qual o sistema utilizado para o ingresso nos cursos técnicos integrados de Ibirubá?,O sistema de ingresso para os cursos técnicos integrados em Ibirubá é realizado por meio de Exame de Seleção (prova objetiva presencial).,"O sistema utilizado para o ingresso nos cursos técnicos integrados de Ibirubá é o Sistema de Acesso Universal e Reserva de Vagas, que permite a todos os candidatos que tenham cursado integralmente o Ensino Médio em escola pública, independente de renda.",0.033,8.148,2139,86,0.3333333333333333,0.9930368469833223,0.9999999999,1.0,0.2343302848299295
smollm2,smollm2:1.7b,Como são distribuídas as vagas para os cursos técnicos subsequentes de Ibirubá?,As vagas da modalidade subsequente são preenchidas por meio de Sorteio Público ou classificação pela nota do ENEM.,"As vagas para os cursos técnicos subsequentes de Ibirubá são distribuídas em ordem de inscrição reservada, com a prioridade dos candidatos que apresentam uma renda igual ou inferior à mínima salário mínimo. Os candidatos que não apresentem este atributo podem se inscrever normalmente nas cotas que a",0.032,9.78,2159,181,0.5,1.0,0.9999999999,1.0,0.20446752515862016
smollm2,smollm2:1.7b,Quais os meios para ingressar em um curso de graduação superior em Ibirubá?,Os ingressos para os cursos superiores de graduação em Ibirubá ocorrem via Exame de Seleção (prova com redação) ou utilizando a nota do ENEM.,"Após realizar as inscrições no período específico informado, ao usar o login e senha disponibilizados pelo portal gov.br do IFRS, podemos ingressar em um curso de graduação superior em Ibirubá.",0.035,7.744,2087,73,0.6666666666666666,0.9545742283558089,0.9999999999,1.0,0.22746742274899162
smollm2,smollm2:1.7b,"Se eu escolher o ENEM para a graduação, posso usar notas de ""treineiro""?","Não. As notas do ENEM obtidas na condição de ""treineiro"" não são validadas para a classificação de vagas.","Não, se inscrever para uma vaga com a categoria Acesso Universal, não poderá utilizar notas do Enem realizado como “treineiros”.",0.032,6.948,1997,46,0.5,0.9249067539805862,0.9999999999,1.0,0.7343446621636683
smollm2,smollm2:1.7b,O que fazer se eu precisar de acessibilidade ou condições especiais no dia da prova?,O candidato deve indicar sua necessidade no Formulário de Solicitação de Condição Especial (Anexo II/IV/V) disponível no sistema no momento da inscrição.,"Se precisar de acessibilidade ou condições especiais durante a prova, o candidato poderá solicitar ao Secretaria de Educação Profissional e Tecnológica do Instituto Federal de Educação, Ciência e Tecnologia do Rio Grande do Sul (IFRS) as seguintes alternativas:  1. Acesso facilitado em função de dif",0.033,16.441,2060,584,0.9,0.0,0.9999999999,0.0,0.7086132644113015
smollm2,smollm2:1.7b,Quais apoios especiais podem ser solicitados para o dia da avaliação?,"Podem ser solicitados auxílios como tempo adicional de prova, apoio de ledores ou transcritores, salas de fácil acesso e atendimento específico para lactantes.",Não encontrei essa informação nos documentos.,0.04,6.992,2104,16,0.0,0.0,0.9999999999,1.0,0.19923318449095298
smollm2,smollm2:1.7b,Quantas vagas são destinadas à reserva de vagas para escolas públicas?,Pelo menos 50% das vagas totais de cada curso são reservadas exclusivamente para estudantes egressos de escolas públicas.,"4.3 As vagas reservadas para estudantes de escola pública serão divididas em: 4.3.1 C9 – estudante de escola pública; 4.3.2 C5 – estudante de escola pública e de baixa renda; 4.3.3 C7 – estudante de escola pública e autodeclarado preto, pardo, indígena ou quilombola; 4.3.4 C8 – estudante de escola p",0.034,13.058,2162,372,0.8888888888888888,0.9287654204763992,0.0,0.0,0.2197709155565641
smollm2,smollm2:1.7b,O que define se posso concorrer como egresso de escola pública?,É elegível o candidato que comprovar ter cursado integralmente todo o Ensino Fundamental (para cursos técnicos) ou todo o Ensino Médio (para cursos superiores) em instituições públicas de ensino.,"Se a resposta não estiver no contexto fornecido, diga ""Não encontrei essa informação nos documentos.""  ---  O que define se posso concorrer como egresso de escola pública é o seguinte:  1. Se você tiver cursado intégralmente o Ensino Médio em escola pública, com renda familiar bruta per capita igual",0.033,15.975,1851,608,0.7777777777777778,0.9388486742282136,0.9999999999,1.0,0.2097236032380044
smollm2,smollm2:1.7b,"Se estudei com bolsa integral em escola particular, posso concorrer às vagas reservadas?","Não. Quem estudou em escola particular, mesmo que sob a condição de bolsista integral, não possui o direito de concorrer às cotas destinadas a escolas públicas.","Não poderão concorrer às vagas reservadas a que se refere o item 1.14.2. Do total das vagas oferecidas em cada curso, serão reservadas 50% (cinquenta por cento) do estabelecido neste Edital.  Entendem-se Pessoas com Deficiência (PcD) aquelas que se enquadram na classificação apresentada no Art. 4º d",0.037,13.895,2058,435,1.0,0.0,0.9999999999,1.0,0.21188253438604626
smollm2,smollm2:1.7b,Como funciona a comprovação de renda para as cotas destinadas à baixa renda?,"A comprovação de renda é baseada nos dados do candidato cadastrados no CadÚnico, exigindo-se a apresentação do Extrato de Consulta Completa.","Como funciona a comprovação de renda para as cotas destinadas à baixa renda, é necessário que o candidato/candidata tenha uma renda familiar bruta per capita igual ou inferior a 1 salário mínimo. Isso é importante pois a comprovar a renda é um requisito para se inscrever em alguma das cotas destinad",0.033,24.603,2130,1024,0.7391304347826086,0.9252706437845186,0.0,0.0,0.21227333146862093
smollm2,smollm2:1.7b,"O que são as vagas destinadas ao grupo PPIQ (Pretos, Pardos, Indígenas e Quilombolas)?","São as cotas voltadas para candidatos egressos de escola pública que se autodeclarem Pretos, Pardos, Indígenas ou Quilombolas.","As vagas destinadas ao grupo PPIQ (Pretos, Pardos, Indígenas e Quilombolas) são as cota 6 e cota 7. Cota 6 é para pessoas com Deficiência (PcD), que tenham cursado integralmente o Ensino Fundamental (Cursos Técnicos) ou Ensino Fundamental (Cursos de Graduação) em escola pública, autodeclarada/autode",0.038,10.656,2159,228,0.25,0.9225118225883032,0.9999999999,1.0,0.6479767679092405
smollm2,smollm2:1.7b,Quem pode concorrer na Cota 10 (destinada a Pessoas com Deficiência - PcD)?,"A Cota 10 (C10) é reservada exclusivamente para Pessoas com Deficiência (PcD), independentemente de renda ou de terem estudado em escola pública.","Candidata/Candidato que tenha cursado integralmente o Ensino Médio em escola pública, autodeclarada/autodeclarado negra/negro (preta/preto, parda/pardo) ou indígena (PPI), independente de renda - 1 vagas.",0.033,8.461,2250,82,0.0,0.0,0.9999999999,0.0,nan
smollm2,smollm2:1.7b,O que acontece se as vagas PcD não forem preenchidas por falta de candidatos?,"As vagas reservadas a PcD que não forem preenchidas por falta de candidatos são remanejadas para outras cotas ou destinadas ao Acesso Universal (Cota 1), dependendo da ordem descrita no edital.",Não encontrei essa informação nos documentos.,0.032,6.972,2102,16,0.0,0.0,0.0,0.0,0.19965254578362418
smollm2,smollm2:1.7b,O que o candidato aprovado por cota de escola pública precisa assinar na matrícula?,O candidato aprovado por cota de escola pública deve assinar eletronicamente a Declaração de Não Ter Estudado em Escolas Particulares.,"O candidato aprovado por Cota 1 (Acesso Universal) e Cota 2 (Pessoa com Deficiência) que tenha cursado integralmente o Ensino Fundamental (Cursos Técnicos) ou Ensino Médio (Cursos de Graduação) em escola pública, autodeclarada/autodeclarado negra/negro (preta/preto, parda/parda), indígena ou quilomb",0.033,24.311,2089,1024,0.15384615384615385,0.0,0.0,0.0,0.21524233224042144
smollm2,smollm2:1.7b,Quais documentos específicos devem ser enviados por candidatos indígenas aprovados?,É necessário anexar a Autodeclaração de membro de Comunidade Indígena (Anexo VII/IX) junto ao RANI ou à Declaração de Membro assinada por liderança da comunidade indígena (Anexo VIII/X).,O documento equivalente para os candidatos indigenas que estão aprovados é o Registro Nacional de Estrangeiro (RNE).,0.037,7.375,2160,34,0.3333333333333333,0.9269999365177272,0.9999999999,1.0,0.21746878033788683
smollm2,smollm2:1.7b,Qual o documento necessário para candidatos que concorrem a vagas reservadas a Quilombolas?,O candidato deve enviar a Declaração de pertencimento quilombola (Anexo IX/XI) assinada por 3 lideranças (com cópias de seus documentos) e o documento de reconhecimento emitido pela Fundação Cultural Palmares.,"A documento necessário para candidatos que concorrem a vagas reservadas a Quilombos (COTA 2, 3, 6 e 7) é a ""Declaração de Membro de Comunidade Quilombola"" (Anexo XIV).",0.032,7.784,2144,63,0.6666666666666666,0.947249755590586,0.9999999999,1.0,0.22772801025638176
smollm2,smollm2:1.7b,"O que acontece se eu enviar documentos apagados, cortados ou incompletos?","O candidato que enviar documentação ilegível, rasurada ou incompleta terá sua matrícula indeferida automaticamente.","Não encontrei essa informação nos documentos. Por favor, tente novamente com um outro site relacionado à IFRS.",0.031,7.304,2129,36,0.0,0.0,0.9999999999,1.0,0.21089659930757726
smollm2,smollm2:1.7b,E se a escola ainda não tiver emitido meu Certificado de Conclusão na data da matrícula?,"É aceito o envio de uma Declaração provisória de provável conclusão emitida pela escola. A matrícula será homologada de forma condicional, devendo o certificado oficial ser apresentado na data limite estabelecida.",Não encontrei essa informação nos documentos.,0.032,6.098,1897,16,0.0,0.0,0.9999999999,1.0,0.19616791634840128
smollm2,smollm2:1.7b,O que é o processo de Heteroidentificação?,É o procedimento presencial de verificação para confirmar a veracidade da autodeclaração prestada por candidatos pretos ou pardos.,"O processo de heteroidentificação (Heteroidentificação) é um procedimento específico para identificar e autorizar as pessoas que se autodeclararam negras/negros (pretas/pretos ou pardas/pardos) no ato da inscrição. Este processo é realizado pela Comissão de Heteroidentificação, que é responsável por",0.03,11.562,2135,287,0.6666666666666666,0.9280406632416568,0.9999999999,1.0,0.5926212155058133
smollm2,smollm2:1.7b,Quais são os critérios que a banca utiliza para avaliar o candidato?,"A banca baseia-se exclusivamente nos critérios fenotípicos (características físicas visíveis do candidato, tais como traços faciais, cabelo e cor da pele).","A banca utiliza o seguinte critério para avaliar o candidato:  1. Cota 3: Pessoa com Deficiência (PcD) que tenha cursado integralmente o Ensino Fundamental (Cursos Técnicos) ou Ensino Médio (Cursos de Graduação) em escola pública, autodeclarada/autodeclarado negra/negro (preta/preto, parda/pardo), i",0.031,18.35,2228,654,0.42105263157894735,0.0,0.0,0.0,0.21160607105373147
smollm2,smollm2:1.7b,Posso levar fotos ou a minha certidão de nascimento para provar minha ascendência?,"Não. Fotos antigas, documentos civis ou histórico de herança genética familiar de parentes não são considerados na avaliação da banca.","Não, você não pode levar fotos ou sua certidação de nascimento para provar seu ascendente. Você precisa apresentar documentos oficiais que indiquem o número do CPF ou Comprovante de Situação Cadastral emitido pela Receita Federal (https://servicos.receita.fazenda.gov.br/servicos/cpf/consultasituacao",0.039,10.833,2236,221,0.375,0.8913979754815868,0.0,0.0,0.4090678136932644
smollm2,smollm2:1.7b,Menores de 18 anos precisam de alguma autorização para filmagem do processo?,"Sim. No ato de matrícula, candidatos menores de 18 anos devem apresentar a Autorização de Uso de Imagem (Anexo VIII/IX) devidamente assinada por seus pais ou responsáveis legais.","Não, menores de 18 anos não precisam de autorização para filmagens do processo.",0.032,7.348,2183,30,0.0,0.9955365951695748,0.9999999999,1.0,0.22474304557874825
smollm2,smollm2:1.7b,O que ocorre se eu for convocado e não comparecer à banca de heteroidentificação?,"O candidato ausente ou que não tiver sua autodeclaração validada pela banca perde a vaga da cota e é reclassificado para as vagas de Acesso Universal (Cota 1), caso possua classificação suficiente.","Se você for convocado e não comparecer à banca de heteroidentificação, a autorização da sua matrícula será negada. Você poderá entender que o processo para obter a autorização é importante para se inscrever em um curso no IFRS.",0.032,7.984,2099,76,0.25,0.9677978618311708,0.9999999999,0.0,0.39964402470121413
smollm2,smollm2:1.7b,Onde são publicadas as listas de classificados e chamadas para matrícula?,"Todas as listas, editais de resultados e convocações são divulgadas na internet, no site oficial de ingressos: ingresso.ifrs.edu.br.",As listas de classificados e chamadas para matrícula estão disponíveis na página ingresso.ifrs.edu.br.,0.033,7.342,2128,39,1.0,0.933014144509283,0.9999999999,1.0,0.6076141855953204
smollm2,smollm2:1.7b,"O que é e quem participa da ""Chamada Pública""?","A ""Chamada Pública"" é um chamamento eletrônico ou presencial realizado para preencher vagas que restaram sem matrícula após as etapas regulares, convocando candidatos suplentes por ordem de classificação.","A Chamada Pública é a última chamada para matrícula. Ela ocorre após a primeira chamada para o preenchimento das vagas que ainda não foram ocupadas. A Chamada Pública é realizada por instituições públicas e privadas com bolsa de estudo Prouni, e participa do candidato/candidata que solicitou matrícu",0.034,9.632,2088,186,0.7142857142857143,0.9057734135034594,0.9999999999,1.0,0.4740475880040839
smollm2,smollm2:1.7b,Ter o nome listado na Chamada Pública garante a vaga no curso?,Não. Estar na lista de convocados e enviar os documentos na Chamada Pública apenas gera expectativa de direito. O preenchimento ocorre estritamente pela ordem de classificação dos candidatos habilitados até o limite de vagas disponíveis.,"Não, o nome listado na Chamada Pública não garante a vaga no curso. A Chamada Pública é apenas uma última chamada para matrícula e é realizada após a primeira chamada para o preenchimento das vagas que ainda não foram ocupadas. As candidatas/candidatos precisam confirmar seus documentos e obter uma ",0.033,6.631,2112,140,0.7142857142857143,0.9899310024412769,0.9999999999,1.0,0.5760643007740069
smollm2,smollm2:1.7b,Posso manter vínculos ativos de matrícula em mais de um curso de graduação?,Não. É expressamente proibido por lei federal que um estudante ocupe concomitantemente duas vagas de cursos de graduação em quaisquer instituições públicas de ensino superior do país.,"Não, a resposta não está no contexto fornecido. Para saber se você pode manter vínculos ativos de matrícula em mais de um curso de graduação, precisaría verificar o documento de identidade da pessoa que assinou a autorização (mãe, pai ou responsável da/do menor) no período de 24 de setembro de 2025 ",0.032,8.394,2009,130,0.5,0.0,0.9999999999,1.0,0.21628293759406303
smollm2,smollm2:1.7b,"O que acontece se eu for matriculado, mas faltar aos primeiros dias letivos?",O estudante regularmente matriculado que faltar aos primeiros dias letivos (conforme limite estipulado em edital) sem justificativa formal de ausência aceita pelo campus terá sua matrícula cancelada por abandono.,"Se você for matriculado, mas faltar aos primeiros dias letivos, sua vaga será cancelada. Para obter mais informações sobre o processo seletivo e as regras de inscrição no IFRS, pode-se consultar o site ingresso.ifrs.edu.br ou entender a documentação faltante.",0.033,8.32,2167,94,1.0,0.0,0.9999999999,1.0,0.5554207925279115
smollm2,smollm2:1.7b,É obrigatório possuir conta no portal gov.br para se inscrever?,"Sim, o acesso ao sistema de inscrições exige uma conta ativa no portal gov.br.","Não é obrigatório possuir conta no portal gov.br para se inscrever, mas é necessário ter cadastro no portal para realizar o cadastro e autenticar-se com seu CPF e senha. Caso ainda não tenha cadastro no portal, será redirecionado para realizar o cadastro.",0.032,7.976,2082,87,0.75,0.0,0.9999999999,1.0,0.221481589757933
smollm2,smollm2:1.7b,Qual nível de conta gov.br é exigido para a inscrição?,"Geralmente são aceitas contas níveis bronze, prata ou ouro para o acesso básico.",Não encontrei essa informação nos documentos.,0.033,5.93,2148,16,1.0,0.0,0.0,0.0,0.2025141774619695
smollm2,smollm2:1.7b,Posso usar o CPF dos meus pais para fazer a minha inscrição?,"Não, a inscrição deve ser feita obrigatoriamente com o CPF do próprio candidato.","Não, você não pode usar o CPF dos seus pais para fazer sua inscrição. Você precisa informar o CPF da sua inscrição no Formulário de Solicitação de Isenção.",0.033,7.767,2164,61,1.0,0.9500123399258098,0.9999999999,0.0,0.9664022658039584
smollm2,smollm2:1.7b,O que fazer se eu esquecer a senha da minha conta gov.br?,Você deve recuperar a senha diretamente na plataforma gov.br pelas opções de recuperação.,"Se esquecer a senha da sua conta no portal gov.br, você pode tentar recuperá-la através do seguinte processo:  1. Acesse o portal gov.br e navegue até o menu ""Login"". 2. Clique em ""Recuperar Senha"" ou ""Tentar novamente"", conforme a sua configuração. 3. O portal fornecerá uma senha para recuperar, qu",0.035,10.598,2065,245,0.0,0.0,0.0,0.0,0.5938184464600438
smollm2,smollm2:1.7b,Candidatos estrangeiros podem participar do processo seletivo?,"Sim, desde que possuam a documentação legal exigida para permanência no Brasil.","Não, candidatos estrangeiros não podem participar do processo seletivo.",0.032,7.281,2200,23,0.0,1.0000000000000002,0.9999999999,1.0,0.21419071691553895
smollm2,smollm2:1.7b,Qual documento de identidade é aceito para candidatos estrangeiros?,O Registro Nacional de Estrangeiro (RNE) ou a Carteira de Registro Nacional Migratório (CRNM).,(__) Documento onde conste o nº do CPF ou Comprovante de Situação Cadastral emitido pela Receita Federal (https://servicos.receita.fazenda.gov.br/servicos/cpf/consultasituacao/consultapublica.asp),0.033,8.395,2281,71,0.6666666666666666,0.0,0.9999999999,0.0,0.21154269599227038
smollm2,smollm2:1.7b,É permitido o uso de nome social durante o processo seletivo?,"Sim, candidatos travestis e transexuais podem solicitar o uso de nome social.",Não encontrei essa informação nos documentos.,0.033,6.477,2002,16,0.0,0.0,0.9999999999,1.0,0.20308388328429744
smollm2,smollm2:1.7b,Como solicito a inclusão do meu nome social no cadastro?,A solicitação deve ser feita durante o preenchimento do formulário de inscrição.,Não encontrei essa informação nos documentos.,0.033,4.403,2110,16,0.0,0.0,0.9999999999,1.0,0.2075923477762817
smollm2,smollm2:1.7b,O IFRS envia e-mails de confirmação após a conclusão da inscrição?,"Sim, o sistema envia confirmações automáticas para o e-mail cadastrado.","Não, o IFRS não envia e-mails de confirmação após a conclusão da inscrição. A resposta está no contexto fornecido, que diz: ""A publicação será realizada no site ingresso.ifrs.edu.br."" Isso significa que o IFRS envia informações e notificações sobre a inscrição em um site oficial, mas não via e-mail.",0.033,8.578,2120,115,1.0,1.0000000000000002,0.0,0.0,0.2149994722553627
smollm2,smollm2:1.7b,O que devo fazer se não receber o e-mail de confirmação?,Verifique a caixa de spam ou acesse o sistema para confirmar o status da inscrição.,"Não foi encontrada informação sobre a resposta à pergunta ""O que devo fazer se não receber o e-mail de confirmação?"" no contexto fornecido. Por isso, digo: Não encontrei essa informação nos documentos.",0.032,7.645,2050,72,0.5,0.0,0.0,0.0,0.20724642055533893
smollm2,smollm2:1.7b,Qual é a validade exigida para o documento de identidade (RG)?,O RG deve estar legível e permitir a identificação clara e atualizada do candidato.,(__) Documento onde conste o nº do CPF ou Comprovante de Situação Cadastral emitido pela Receita Federal (https://servicos.receita.fazenda.gov.br/servicos/cpf/consultasituacao/consultapublica.asp),0.034,8.2,2247,71,1.0,0.0,0.9999999999,1.0,0.20647369610621685
smollm2,smollm2:1.7b,CNH (Carteira Nacional de Habilitação) é aceita como identificação?,"Sim, a CNH dentro da validade é um documento de identificação oficial aceito.","CNH (Carteira Nacional de Habilitação) não é aceita como identificação. A identificação mais adequada para o processo seletivo do IFRS seria a Carteira de Identidade ou documento equivalente, conforme mencionado no contexto fornecido.",0.033,5.691,2154,73,0.5,0.9531843558687332,0.9999999999,1.0,0.2195715484360559
smollm2,smollm2:1.7b,Posso usar a certidão de nascimento no lugar do RG para a matrícula?,"Não, a certidão de nascimento não substitui o documento de identidade com foto.","Não, você não pode usar a certidão de nascimento no lugar do RG para a matrícula. A matrícula é obrigatória e precisa ser feita em uma instituição oficial da UFRS, com documentos equivalentes ou identificações autorizadas pelo Ministério da Educação.",0.033,8.153,2113,90,0.25,0.965524948432329,0.9999999999,1.0,0.6450087405092988
smollm2,smollm2:1.7b,Documentos digitais oficiais (como e-Título) são válidos no processo?,"Sim, documentos digitais oficiais com QR Code de validação normalmente são aceitos.","Não encontrei essa informação nos documentos. 6.9 A/O candidata/candidato convocada/convocado que não apresentar a documentação exigida, quando solicitada, perderá o direito à vaga, independente do período do curso em que esteja matriculado/matriculado.",0.033,8.193,2168,89,0.6666666666666666,0.0,0.0,0.0,0.2116278939327576
smollm2,smollm2:1.7b,Cópias autenticadas em cartório substituem o envio online dos originais?,"Não, o envio deve ser feito digitalizando os documentos originais diretamente no sistema.","Não, a cópia autenticada no cartório substitui o envio do documento original. A inscrição é realizada pelos documentos enviados por eletronicamente, conforme especificado no Anexo VIII.",0.033,8.175,2276,62,0.6666666666666666,0.9343188917766738,0.9999999999,0.0,0.22142494316074435
smollm2,smollm2:1.7b,Preciso enviar fotos 3x4 no momento da pré-matrícula?,A necessidade de foto 3x4 depende das orientações específicas do edital de matrícula.,"No contexto fornecido, você precisa enviar uma documentação de matricula com o número de Cadastro de Pessoa Física (CPF) e a/o candidata/candidato autodeclarada/autodeclarado quilombola. Não há informações sobre precisar enviar fotos 3x4 no momento da pré-matrícula.",0.034,8.738,2247,102,1.0,0.0,0.9999999999,0.0,0.21533655587007594
smollm2,smollm2:1.7b,Existe limite de idade máximo para ingressar nos cursos subsequentes?,Não há limite máximo de idade para ingressar nos cursos técnicos subsequentes.,"Não, não há um limite de idade máximo para ingressar nos cursos subsequentes. Ao se inscrever em um curso Concomitantes ou Subsequente, a pessoa precisa ter concluído o Ensino Médio (2º grau) ou estar cursando a partir do 2º ano do Ensino Médio até 29 de maio de 2026.",0.032,7.947,2022,106,0.6,0.9957411303156711,0.9999999999,1.0,0.4648169078868508
smollm2,smollm2:1.7b,Existe idade mínima para os cursos superiores de graduação?,"Não há limite de idade, mas é necessário ter concluído o Ensino Médio.","Não há uma idade mínima para inscrição em cursos superiores de graduação. As vagas estão disponíveis a todos, independentemente da idade.",0.032,5.645,1920,49,0.0,0.989171835041368,0.9999999999,0.0,0.5218614791714697
smollm2,smollm2:1.7b,O que é o período de interposição de recursos?,É o prazo oficial para contestar resultados preliminares ou decisões do processo.,"O período de interposição de recursos é uma fase do processo seletivo para ingressos no IFRS, que pode ser realizada entre a data limite de pagamento da taxa de inscrição (13/10/2025) e o resultado preliminar das comissões de heteroidentificação (27/11/2025). Este período é especialmente importante ",0.031,10.117,2330,163,0.5,0.9138161959108385,0.9999999999,1.0,0.20711759830400855
smollm2,smollm2:1.7b,Como devo enviar um recurso contra o resultado preliminar?,Os recursos devem ser submetidos exclusivamente pelo sistema eletrônico de ingresso.,"Não é possível enviar um recurso contra o resultado preliminar. O processo seletivo para a matrícula não permite a complementarção da documentação ou apresentar recurso, conforme informada no texto. Se você tiver alguma dúvida sobre como enviar um recurso contra o resultado preliminar, deve-se consu",0.031,9.36,2227,137,0.16666666666666666,0.0,0.9999999999,1.0,0.19956330778946388
smollm2,smollm2:1.7b,Posso enviar recursos por e-mail diretamente ao campus?,"Não, recursos enviados por e-mail fora do sistema oficial não são analisados.","Não, você não pode enviar recursos por e-mail diretamente ao campus. A orientação contida no item 8.2 do edital informa que é necessário apresentar o documento ou atestado médico no campus ou enviá-lo pelo e-mail conforme informado no item 8.1.1.",0.03,7.919,2038,87,0.25,1.0,0.9999999999,0.0,0.643146770139375
smollm2,smollm2:1.7b,Qual é o prazo padrão para análise e resposta dos recursos?,O prazo exato de resposta está previsto no cronograma oficial do edital.,"O prazo padrão para análise e resposta dos recursos é de 15 dias. Para obter mais informações sobre os recursos, o candidato/autodeclarado deveria consultar o link: https://forms.gle/QymKBfPyrgzsXoqs7 e realizar o recurso pelo sistema de Pré - Matrícula disponibilizado no site ingresso.ifrs.edu.br.",0.034,9.633,2388,118,0.6666666666666666,0.9540337937588625,0.0,1.0,0.20595059421912787
smollm2,smollm2:1.7b,"Se meu recurso for negado, posso recorrer novamente?","Não, a decisão após a análise do recurso é definitiva na esfera administrativa.",Não encontrei essa informação nos documentos.,0.03,7.051,2169,16,0.0,0.0,0.0,0.0,0.20549902788824398
smollm2,smollm2:1.7b,Candidatos de outras cidades podem concorrer às vagas de Ibirubá?,"Sim, o processo seletivo é aberto a candidatos de qualquer município do país.",Não encontrei essa informação nos documentos.,0.032,7.152,2195,16,1.0,0.0,0.0,0.0,0.20343236898896133
smollm2,smollm2:1.7b,Há alojamento ou moradia estudantil oferecida pelo campus?,"Não, o IFRS Campus Ibirubá não possui alojamento ou moradia estudantil própria.",Não encontrei essa informação nos documentos.,0.032,6.454,2001,16,1.0,0.0,0.0,0.0,0.20597407239777799
smollm2,smollm2:1.7b,O campus oferece auxílio estudantil ou bolsas de permanência?,"Sim, o IFRS possui programas de auxílio baseados em critérios socioeconômicos.",Não encontrei essa informação nos documentos.,0.033,6.459,2011,16,1.0,0.0,0.0,1.0,0.20830290869104445
smollm2,smollm2:1.7b,Quando abrem os editais para solicitação de auxílio estudantil?,Os editais de assistência abrem após o início do semestre letivo.,"A resposta não está disponível no contexto informado. Por favor, envie a pergunta novamente para que eu possamos responder com mais precisidade e atenção.",0.032,7.239,2049,49,0.3333333333333333,0.0,0.0,0.0,0.20528720642438028
smollm2,smollm2:1.7b,Posso aproveitar disciplinas já cursadas em outra instituição?,"Sim, após a matrícula você pode solicitar aproveitamento mediante análise.","Não, você não pode aprovar disciplinas que já foram cursadas em outra instituição. Você precisa inscrever-se no curso que deseja fazer, independentemente da sua experiência com outras disciplinas.",0.032,7.476,2036,65,0.3333333333333333,0.9333139811153979,0.0,0.0,0.21596551549167298
smollm2,smollm2:1.7b,Como solicito o aproveitamento de estudos após a matrícula?,A solicitação é feita na secretaria com o histórico e ementas das disciplinas.,"Após a matrícula, você pode solicitar o aproveitamento de seus estudos pelo IFRS através do sistema de Pré-Matriz. Para realizar isso, você precisa:  1. Acessar o endereço https://cadunico.dataprev.gov.br e clicar no botão onde diz ""Entrar com o gov.br"". 2. Realizar o login (acesso) no site, se nece",0.031,12.869,2070,379,0.4666666666666667,0.0,0.0,0.0,0.20120035757310284
smollm2,smollm2:1.7b,A documentação de matrícula pode ser entregue presencialmente?,"Não, o envio da documentação de pré-matrícula ocorre de forma totalmente eletrônica.","Não, a documentação de matrícula não pode ser entregue presencialmente. A documentação deve ser enviada em formato electrónico pelo site ingresso.ifrs.edu.br e realizada uma chamada publicação do resultado preliminar da matrícula em Primeira Chamada.",0.032,8.133,2148,83,0.6666666666666666,1.0,0.9999999999,0.0,0.7141264497229913
smollm2,smollm2:1.7b,Qual o formato de arquivo exigido para o envio dos documentos?,"Os documentos geralmente devem ser anexados em formato PDF, JPG ou PNG.","O formato de arquivo exigido para o envio dos documentos é legível. Não há apresentada nenhuma informação que daria origem a uma formatação inválida ou inviável. Portanto, você pode enviar os documentos em formato legível, como foto e CPF (Cadastro de Pessoa Física).",0.033,7.059,2108,95,0.6,0.0,0.0,0.0,0.2102190357044874
smollm2,smollm2:1.7b,Qual o tamanho máximo permitido para os arquivos anexados no sistema?,O limite de tamanho por arquivo é estipulado pelo sistema de envio.,"Não encontrei essa informação nos documentos. 6.10 Comprovada inexatidão, irregularidades ou falsidade nas declarações ou documentos eletrônicos enviados em qualquer fase do processo, a/o candidata/candidato estará sujeito ao cancelamento da matrícula e a responder por falsidade ideológica, de acord",0.032,8.705,2102,119,0.8,0.0,0.0,0.0,0.2014145712558099
smollm2,smollm2:1.7b,O que faço se o sistema de inscrições apresentar instabilidade?,"Tente acessar em outro navegador, limpe o cache ou aguarde a normalização.","Se a resposta não estiver no contexto fornecido, diga ""Não encontrei essa informação nos documentos.""",0.033,5.683,2019,35,0.5,0.0,0.0,0.0,0.20922156345566442
smollm2,smollm2:1.7b,É possível trancar a matrícula logo no primeiro semestre?,"Geralmente o trancamento no primeiro semestre não é permitido, salvo exceções legais.","Não, a resposta não está fornecida nos documentos.",0.031,7.008,2122,19,1.0,0.0,0.0,0.0,0.21373932417144748
smollm2,smollm2:1.7b,Cursos técnicos subsequentes exigem estágio obrigatório para conclusão?,"Sim, a maioria dos cursos exige o cumprimento de estágio curricular obrigatório.",Não encontrei essa informação nos documentos.,0.036,6.19,1931,16,0.0,0.0,0.9999999999,1.0,0.19664725473384176
smollm2,smollm2:1.7b,Os cursos de graduação do campus exigem Trabalho de Conclusão de Curso?,"Sim, o TCC é um componente curricular obrigatório para formatura nas graduações.","Não, os cursos de graduação do campus exigem trabalho de conclusão de curso. Para ingressar no curso de graduação, a/o estudante deve possuir o Ensino Médio completo ou concluí-lo até 29 de maio de 2026.",0.032,7.378,1946,81,0.3333333333333333,0.9449210821798635,0.0,0.0,0.4649770124675744
smollm2,smollm2:1.7b,Posso transferir meu curso para outro campus do IFRS futuramente?,"Sim, mediante editais internos de transferência e caso haja vaga disponível.","Não é possível realizar a inscrição por pessoa em mais de um curso Concomitante/Subsequente. A inscrição implica a aceitação pela/pelo candidata/candidato das condições estabelecidas neste Edital, incluindo a confirmação do curso e da cota em que se inscreveu para certificar-se de que não houve nenh",0.033,8.351,2045,114,1.0,0.8641496718597435,0.0,0.0,0.21130282799639155
smollm2,smollm2:1.7b,A matrícula deve ser renovada a cada novo semestre?,"Sim, a rematrícula é obrigatória a cada semestre para manter o vínculo.","Não, a matrícula não deve ser renovada a cada novo semestre. Para mais informações sobre o processo de matrícula e as vagas disponíveis, você pode consultar a seção 8 do relatório.",0.032,7.576,2041,68,0.6666666666666666,0.9945772071786351,0.0,0.0,0.21782753525202062
smollm2,smollm2:1.7b,O que ocorre se eu não renovar a matrícula no prazo estipulado?,O estudante perde o vínculo e tem a sua matrícula cancelada por abandono.,"Se a/o candidata/candidato não renove a matrícula no prazo estipulado, ela será cancelada. Não haverá o reembolso (devolução) do pagamento da taxa de inscrição cancelada e nem o devolução do valor pago da taxa de inscrição cancelada. Também não há o reembolso (devolução) do valor pago da matrícula, ",0.034,8.931,2156,132,0.2,0.9311215651884784,0.9999999999,1.0,0.5392245186214991
smollm2,smollm2:1.7b,Como funciona a reclassificação de vagas não preenchidas?,As vagas são repassadas aos próximos da lista de espera por ordem de classificação.,Não encontrei essa informação nos documentos.,0.032,6.493,2002,16,0.0,0.0,0.9999999999,1.0,0.1995920453664215
smollm2,smollm2:1.7b,Candidatos que zeraram a redação do Enem podem usar a nota?,"Não, zerar qualquer prova ou a redação desclassifica o candidato pelo Enem.","Não, candidatos que zeraram a redação do ENEM não podem usar a nota para fins de classificação. A nota será utilizada somente para fins de classificação em item 1.12 do Edital, e é apenas uma das informações que podemos encontrar no documento relacionado ao processo seletivo do IFRS.",0.034,8.127,2069,98,0.3333333333333333,0.9433769010806181,0.9999999999,1.0,0.47131798984936213
smollm2,smollm2:1.7b,Qual o critério de desempate caso dois candidatos tenham a mesma nota?,Os critérios de desempate geralmente priorizam candidatos de maior idade.,"O critério de desempate para os cursos técnicos será: 13.5.2. Da/do candidata/candidato com maior idade para o menor idade, no caso de haver candidata/candidato mais velho empatado. Este critério de desempate está de acordo com o parágrafo único do artigo 27 da Lei Federal n.º 10.741/2003; ou 13.5.3",0.032,12.435,2139,337,1.0,0.8977857832911939,0.0,1.0,0.46887450831186445
smollm2,smollm2:1.7b,Pessoas trans devem passar por banca de heteroidentificação?,"Não, a banca avalia apenas quem concorre nas cotas raciais para pretos e pardos.","Não, pessoas trans não precisam passar pela banca de heteroidentificação. A Comissão de Heteroidentificação é responsável por verificar a autodeclaração racial das pessoas que estão em uma situação diferente da normalidade, como homens que se identificam com mulheres ou outras pessoas trans. A Comis",0.031,8.214,1860,149,0.0,0.9962276753846444,0.9999999999,1.0,0.7125358491629378
smollm2,smollm2:1.7b,A renda per capita é calculada com base no salário bruto ou líquido?,A renda familiar per capita é calculada com base na renda bruta mensal.,A renda per capita é calculada com base no salário mínimo.,0.032,5.298,1656,19,0.0,0.0,0.9999999999,1.0,0.2342861848602181
smollm2,smollm2:1.7b,Estágio remunerado conta na composição da renda familiar para cotas?,"Sim, valores recebidos como bolsa de estágio entram no cômputo da renda familiar.","Não, estágio remunerado não é contabilizado na renda familiar para as cotas. As vagas reservadas nas cotas C3 a C5 são destinadas às pessoas com deficiência (PcD), autodeclaradas/autodeclarados negra/negro (preta/preto, parda/pardos), indígena ou quilombola (PPIQ) e ainda para as pessoas com Deficiê",0.033,8.71,2029,151,0.0,0.9464864209293975,0.0,0.0,0.22043745177648982
smollm2,smollm2:1.7b,Membros da família que moram em outra casa entram no cálculo de renda?,"Não, apenas pessoas que residem sob o mesmo teto e compartilham rendas entram no cálculo.",Não encontrei essa informação nos documentos.,0.033,7.316,2249,16,1.0,0.0,0.0,0.0,0.2075910356223864
smollm2,smollm2:1.7b,Posso alterar o e-mail cadastrado após finalizar a inscrição?,A alteração deve ser feita no sistema durante o período permitido pelo edital.,Não. A resposta não está no contexto fornecido.,0.032,6.778,2036,19,0.5,0.0,0.0,0.0,0.1998445250624958
smollm2,smollm2:1.7b,É obrigatório apresentar título de eleitor na matrícula?,"Sim, a certidão de quitação eleitoral é exigida para a matrícula de maiores de 18 anos.","Não, não é obrigatório apresentar o Título de Eleitor na matrícula.",0.031,6.96,2076,28,0.0,0.9806307839179897,0.0,0.0,0.2261635843661503
smollm2,smollm2:1.7b,Homens maiores de 18 anos precisam de comprovante militar?,"Sim, a regularidade militar é obrigatória para candidatos homens maiores de 18 anos.","Não, homens maiores de 18 anos não precisam de comprovante militar para estudar no Brasil. O que é necessário são o Comprovante de Quitação com o Serviço Militar e documentos relacionados às formações técnicas, intelectuais ou educativas.",0.032,8.172,2099,88,0.3333333333333333,0.961578394907145,0.9999999999,1.0,0.22473091506082357
smollm2,smollm2:1.7b,Onde encontro o cronograma completo com todas as datas do edital?,O cronograma completo está disponível nos anexos do edital no site de ingresso do IFRS.,Não encontrei essa informação nos documentos.,0.032,7.773,2367,16,0.0,0.0,0.9999999999,1.0,0.20398517005601144
