branch,modelo,pergunta,resposta_esperada,resposta_gerada,tempo_retrieval_s,tempo_llm_s,tokens_entrada,tokens_saida,faithfulness,answer_relevancy,context_precision,context_recall,answer_correctness
llama3,llama3,Quais são os cursos técnicos integrados ao Ensino Médio ofertados no Campus Ibirubá?,"Os cursos técnicos integrados ao Ensino Médio ofertados no campus são o Técnico em Agropecuária, Técnico em Informática e Técnico em Mecânica.","Técnico em Agropecuária (Manhã e Tarde) e Técnico em Mecânica (Noite), Técnico em Eletrotécnica (Noite).",5.561,24.231,1710,47,1.0,0.0,0.9999999999,0.25,0.5998238776460014
llama3,llama3,Quais são os turnos de funcionamento dos cursos técnicos integrados?,"O funcionamento dos cursos técnicos integrados ocorre nos turnos da manhã e da tarde (turno integral), com duração prevista de 3 anos.","De acordo com a tabela, os turnos de funcionamento dos cursos técnicos integrados são:  * Manhã e Tarde (para o curso Técnico em Administração) * Noite (para os cursos Técnico em Cuidados de Idosos, Técnico em Tradução e Interpretação de Libras, Técnico em Fabricação Mecânica, Técnico em Geoprocessa",0.073,24.583,1630,142,0.42857142857142855,0.9786452753146245,0.9999999999,1.0,0.2247171575273167
llama3,llama3,Quais são os cursos técnicos subsequentes ao Ensino Médio disponíveis no Campus Ibirubá?,"Na modalidade subsequente, estão disponíveis os cursos de Técnico em Eletrotécnica e Técnico em Mecânica.","Técnico em Processos Gerenciais (Noite) e Bacharelado em Engenharia Ambiental (Manhã, Tarde e Noite), Bacharelado em Engenharia Química (Manhã, Tarde e Noite).",0.036,22.391,1709,57,1.0,0.0,0.9999999999,1.0,0.21844742707650827
llama3,llama3,Em qual turno ocorrem as aulas dos cursos subsequentes?,"As aulas dos cursos técnicos subsequentes acontecem no turno da noite, com duração de 4 semestres.",A resposta está na tabela. Os turnos oferecidos para os cursos subsequentes são:  * Manhã * Tarde * Noite,0.036,20.423,1616,32,1.0,0.9556771127816842,0.9999999999,0.0,0.43634463391537726
llama3,llama3,Quais são os cursos superiores de graduação ofertados no Campus Ibirubá?,"O campus oferece os seguintes cursos superiores de graduação: Bacharelado em Agronomia, Bacharelado em Engenharia Mecânica, Bacharelado em Ciência da Computação e Licenciatura em Matemática.","Segundo o contexto fornecido, os cursos superiores de graduação ofertados no Campus Ibirubá são:  * Bacharelado em Engenharia Ambiental (Noite) * Bacharelado em Engenharia Química (Noite) * Licenciatura em Letras – Português/Inglês (Noite) * Licenciatura em Química (Noite) * Tecnologia em Análise e ",0.037,25.372,1710,128,0.5714285714285714,0.0,0.9999999999,1.0,0.22241897364416557
llama3,llama3,Qual é a duração e os turnos dos cursos de Agronomia e Engenharia Mecânica no campus?,"O curso de Agronomia ocorre nos turnos da manhã e da tarde com duração de 10 semestres. O curso de Engenharia Mecânica é ofertado no turno da noite, também com duração de 10 semestres.",Não encontrei essa informação nos documentos.,0.036,20.74,1689,11,0.5,0.0,0.9999999999,0.5,0.19030171219474346
llama3,llama3,Qual é a duração e os turnos de Ciência da Computação e Licenciatura em Matemática?,"O curso de Ciência da Computação ocorre à noite com duração de 9 semestres, enquanto a Licenciatura em Matemática também acontece no turno da noite com duração de 8 semestres.",Não encontrei essa informação nos documentos.,0.042,20.59,1693,11,0.5,0.0,0.0,0.5,0.1976044592026734
llama3,llama3,Os cursos ofertados pelo IFRS Campus Ibirubá são pagos?,"Não. Todos os cursos oferecidos no IFRS são 100% gratuitos, não havendo cobrança de mensalidades ou taxas de matrícula.",Não encontrei essa informação nos documentos.,0.036,19.419,1605,11,1.0,0.0,0.0,0.0,0.19389813443364445
llama3,llama3,Qual o valor da taxa de inscrição para os cursos técnicos integrados?,"A taxa de inscrição para os cursos técnicos na modalidade integrada é de R$ 60,00.",Não encontrei essa informação nos documentos.,0.038,19.332,1578,11,0.0,0.0,0.9999999999,0.0,0.20432382144666433
llama3,llama3,Quanto custa a inscrição para os cursos técnicos subsequentes?,"O custo é de R$ 20,00.",Não encontrei essa informação nos documentos.,0.037,19.313,1559,11,0.0,0.0,0.0,0.0,0.20454030250601962
llama3,llama3,Qual é o custo da inscrição para concorrer a uma vaga em curso de graduação?,"Se o candidato optar por concorrer via Exame de Seleção (prova), a taxa é de R$ 80,00. Caso a opção seja via nota do ENEM, a taxa é de R$ 20,00.","R$ 100,00.",0.037,18.313,1519,8,1.0,0.8084389351434322,0.0,0.0,0.21482721350008316
llama3,llama3,Como deve ser efetuado o pagamento da taxa de inscrição?,"O pagamento deve ser realizado por meio de boleto bancário gerado ao final da inscrição, pagável na rede bancária ou via internet banking.","O pagamento da taxa de inscrição pode ser realizado das 14h do dia 05 de setembro de 2025 às 23h59min do dia 22 de setembro de 2025. Além disso, a taxa de inscrição não será possível realizar após o prazo (dia 13 de outubro de 2025).",0.041,21.899,1551,77,0.6666666666666666,0.9323902386981316,0.9999999999,1.0,0.2143869589418572
llama3,llama3,Até quando posso pagar a taxa de inscrição?,O boleto deve ser pago impreterivelmente até o prazo limite definido no cronograma oficial do edital correspondente.,"Até o dia 13 de outubro de 2025, é possível realizar o pagamento da taxa de inscrição. Não será possível realizar o pagamento da taxa de inscrição após o prazo.",0.036,17.071,1556,45,1.0,0.9550801361748209,0.9999999999,1.0,0.21187706874724724
llama3,llama3,Posso modificar os dados da minha inscrição (como a opção de curso ou campus) após concluí-la?,"Sim, no entanto, após a finalização da inscrição, qualquer alteração exige que o candidato realize uma nova inscrição dentro do prazo regulamentar para que os novos dados sejam computados.",Não encontrei essa informação nos documentos.,0.038,18.564,1517,11,0.0,0.0,0.9999999999,1.0,0.2042637652842807
llama3,llama3,É possível me inscrever em mais de um curso no mesmo edital do IFRS?,Não. É permitido realizar apenas uma única inscrição por candidato em cada edital.,"Sim, é possível se inscrever em mais de um curso no mesmo edital do IFRS, desde que seja para cursos diferentes. Segundo o item 6.11, não será permitida a inscrição por pessoa em mais de um curso Integrado. Já os demais itens (6.12, 6.13, 6.14, 6.15 e 6.16) estabelecem que não será permitida a inscr",0.036,24.286,1572,133,0.75,0.996686681389012,0.9999999999,1.0,0.22291977914535982
llama3,llama3,Há devolução do valor pago na taxa de inscrição se eu desistir de participar?,"Não. O valor pago na taxa de inscrição não é reembolsável sob nenhuma circunstância, exceto se houver cancelamento do certame por parte do IFRS.","Sim, há devolução do valor pago da taxa de inscrição se o Processo Seletivo for cancelado ou para as/os candidatas/candidatos inscritos em algum curso que seja cancelada a oferta. (Ver item 6.9)",0.041,21.258,1575,56,0.75,0.9286846199995644,0.9999999999,1.0,0.6049276855134922
llama3,llama3,Quem tem direito a solicitar a isenção do pagamento da taxa de inscrição?,"Têm direito à isenção os candidatos com renda familiar bruta mensal de até 1 salário mínimo per capita (R$ 1.412,00) que estejam regularmente registrados no CadÚnico como baixa renda.","Poderão solicitar isenção da taxa de inscrição pessoas cadastradas no CadÚnico como pertencente a família de baixa renda. Família de baixa renda é a que recebe até 1 salário mínimo por pessoa (R$ 1.518,00) por mês.",0.041,20.82,1521,68,1.0,0.9324870402431086,0.9999999999,1.0,0.4840960471961795
llama3,llama3,O cadastro do CadÚnico precisa ter alguma atualização recente?,Sim. O cadastro do candidato no CadÚnico deve estar obrigatoriamente atualizado nos últimos 2 anos.,"Sim! De acordo com os documentos fornecidos, é necessário que o cadastro esteja atualizado nos últimos 2 anos para a comprovação da renda familiar bruta per capita mensal (item 7.8 e item 9.3) e para a solicitação de isenção da taxa de inscrição (item 2.1).",0.04,23.765,1722,78,1.0,0.8922096641826495,0.9999999999,1.0,0.8710661959994401
llama3,llama3,Onde realizo a solicitação de isenção de taxa?,"A solicitação deve ser realizada exclusivamente via internet, na página de ingressos do IFRS (ingresso.ifrs.edu.br).","A pergunta pode ser respondida com base nos documentos fornecidos.  Para solicitar a isenção, primeiro o candidato deve acessar o endereço https://cadunico.dataprev.gov.br e clicar no botão onde diz: “Entrar com o gov.br”. Após realizar o login (acesso), utilizar a opção “Consulta ao Formulário”. É ",0.037,26.625,1479,217,1.0,0.9001926714978071,0.9999999999,1.0,0.6642090654457355
llama3,llama3,A isenção pode ser solicitada por mais de um membro do mesmo núcleo familiar?,"Sim. A isenção é um benefício de caráter estritamente individual, e cada integrante da mesma família que deseja concorrer deve fazer a sua própria solicitação.","Sim. De acordo com o item 2.1 e 3.6, pessoas cadastradas no CadÚnico como MINISTÉRIO DA EDUCAÇÃO Secretaria de Educação Profissional e Tecnológica Instituto Federal de Educação, Ciência e Tecnologia do Rio Grande do Sul Gabinete do Reitor pertencente a família de baixa renda podem solicitar isenção ",0.036,23.728,1486,143,1.0,0.8912766949379428,0.9999999999,1.0,nan
llama3,llama3,"Se minha isenção de taxa for aprovada (deferida), já estou inscrito no Processo Seletivo?","Não. O candidato que teve a isenção aceita deve, obrigatoriamente, entrar no sistema e realizar a inscrição no curso desejado para gerar o comprovante de isento.","Sim, se sua solicitação de isenção da taxa de inscrição for deferida (aprovada), você já estará inscrito no Processo Seletivo. Isso é mencionado no item 4.1 e 4.3 do documento.",0.038,20.578,1539,59,0.0,0.9608615341393196,0.9999999999,1.0,0.2267757433996374
llama3,llama3,O IFRS pode solicitar documentos de comprovação de renda para quem foi isento?,"Sim. O IFRS pode conferir e auditar as informações prestadas, e o candidato que prestar declarações falsas está sujeito a responder legalmente e ser eliminado do processo.",Não encontrei essa informação nos documentos.,0.037,18.542,1499,11,0.0,0.0,0.9999999999,1.0,0.19584245625632093
llama3,llama3,Qual o sistema utilizado para o ingresso nos cursos técnicos integrados de Ibirubá?,O sistema de ingresso para os cursos técnicos integrados em Ibirubá é realizado por meio de Exame de Seleção (prova objetiva presencial).,Não encontrei essa informação nos documentos.,0.036,21.124,1725,11,0.0,0.0,0.9999999999,1.0,0.2012983412280953
llama3,llama3,Como são distribuídas as vagas para os cursos técnicos subsequentes de Ibirubá?,As vagas da modalidade subsequente são preenchidas por meio de Sorteio Público ou classificação pela nota do ENEM.,"As vagas para os cursos técnicos subsequentes de Ibirubá estão distribuídas da seguinte forma:  * Técnico em Mecânica: 30 vagas, com 1 vaga reservada para Renda igual ou inferior a 1 salário mínimo Independente de Renda e 3 vagas sorteadas. * Técnico em Eletrotécnica: 30 vagas, com 1 vaga reservada ",0.037,26.317,1745,135,0.42857142857142855,0.93038734268971,0.9999999999,1.0,0.2001573719349754
llama3,llama3,Quais os meios para ingressar em um curso de graduação superior em Ibirubá?,Os ingressos para os cursos superiores de graduação em Ibirubá ocorrem via Exame de Seleção (prova com redação) ou utilizando a nota do ENEM.,Não encontrei essa informação nos documentos.,0.037,20.541,1680,11,0.0,0.0,0.9999999999,1.0,0.2016859459805803
llama3,llama3,"Se eu escolher o ENEM para a graduação, posso usar notas de ""treineiro""?","Não. As notas do ENEM obtidas na condição de ""treineiro"" não são validadas para a classificação de vagas.",Não encontrei essa informação nos documentos.,0.037,19.496,1570,11,0.0,0.0,0.9999999999,1.0,0.70142764039266
llama3,llama3,O que fazer se eu precisar de acessibilidade ou condições especiais no dia da prova?,O candidato deve indicar sua necessidade no Formulário de Solicitação de Condição Especial (Anexo II/IV/V) disponível no sistema no momento da inscrição.,"De acordo com o contexto fornecido, se você precisar de acessibilidade ou condições especiais no dia da prova, você pode solicitar atendimento especial mediante parecer de profissional da área da saúde. Além disso, é necessário apresentar atestado médico no campus.",0.035,21.332,1583,61,0.3333333333333333,0.9112384292920435,0.9999999999,1.0,0.20932575472532844
llama3,llama3,Quais apoios especiais podem ser solicitados para o dia da avaliação?,"Podem ser solicitados auxílios como tempo adicional de prova, apoio de ledores ou transcritores, salas de fácil acesso e atendimento específico para lactantes.",Apenas os seguintes apoios especiais podem ser solicitados para o dia da avaliação:  ⃝ Acesso facilitado em função de dificuldade de locomoção ou uso de cadeira de roda. ⃝ Mesa adequada a uma cadeira de rodas. ⃝ Cadeira e mesa adequadas à minha estatura ou amputação. ⃝ Realização da prova em ambient,0.039,32.556,1630,332,1.0,0.9999999999999996,0.9999999999,1.0,0.43070486712206413
llama3,llama3,Quantas vagas são destinadas à reserva de vagas para escolas públicas?,Pelo menos 50% das vagas totais de cada curso são reservadas exclusivamente para estudantes egressos de escolas públicas.,"A resposta está no contexto. Segundo o item 4.1.3, as vagas reservadas para estudantes de escola pública serão divididas em:  * C9 – estudante de escola pública; * C5 – estudante de escola pública e de baixa renda; * C7 – estudante de escola pública e autodeclarado preto, pardo, indígena ou quilombo",0.036,25.121,1714,117,0.6666666666666666,0.9432922620578874,0.9999999999,0.0,0.21728056739572424
llama3,llama3,O que define se posso concorrer como egresso de escola pública?,É elegível o candidato que comprovar ter cursado integralmente todo o Ensino Fundamental (para cursos técnicos) ou todo o Ensino Médio (para cursos superiores) em instituições públicas de ensino.,"A pergunta é bem clara! De acordo com o contexto, para concorrer como egresso de escola pública, você precisa ter cursado integralmente o Ensino Médio em escola pública. Além disso, sua renda familiar bruta per capita também precisa ser igual ou inferior a 1,5 salário mínimo.",0.04,21.0,1513,73,0.3333333333333333,0.9681242160793271,0.9999999999,1.0,0.46076679762181566
llama3,llama3,"Se estudei com bolsa integral em escola particular, posso concorrer às vagas reservadas?","Não. Quem estudou em escola particular, mesmo que sob a condição de bolsista integral, não possui o direito de concorrer às cotas destinadas a escolas públicas.",Não encontrei essa informação nos documentos.,0.037,19.852,1625,11,0.0,0.0,0.9999999999,1.0,0.20039079969834275
llama3,llama3,Como funciona a comprovação de renda para as cotas destinadas à baixa renda?,"A comprovação de renda é baseada nos dados do candidato cadastrados no CadÚnico, exigindo-se a apresentação do Extrato de Consulta Completa.","A comprovação de renda para as cotas destinadas à baixa renda é feita por meio da documentação ""Documentos de renda"" e avaliação socioeconômica, como descrito na tabela de modalidades de cotas.",0.037,22.291,1677,56,1.0,0.9879918006053366,0.0,0.0,0.21814614754984898
llama3,llama3,"O que são as vagas destinadas ao grupo PPIQ (Pretos, Pardos, Indígenas e Quilombolas)?","São as cotas voltadas para candidatos egressos de escola pública que se autodeclarem Pretos, Pardos, Indígenas ou Quilombolas.","As vagas destinadas ao grupo PPIQ (Pretos, Pardos, Indígenas e Quilombolas) são as seguintes:  * Cota 2: Pessoa com Deficiência (PcD) que tenha cursado integralmente o Ensino Fundamental (Cursos Técnicos) ou Ensino Médio (Cursos de Graduação) em escola pública, autodeclarada/autodeclarado negra/negr",0.038,35.937,1718,381,0.9090909090909091,0.9139697828254104,0.9999999999,1.0,0.6963081527610304
llama3,llama3,Quem pode concorrer na Cota 10 (destinada a Pessoas com Deficiência - PcD)?,"A Cota 10 (C10) é reservada exclusivamente para Pessoas com Deficiência (PcD), independentemente de renda ou de terem estudado em escola pública.","Não encontrei essa informação nos documentos. A Cota 10 não está relacionada às pessoas com deficiência, portanto, não há informações sobre quem pode concorrer nessa cota específica.",0.037,23.397,1780,46,0.0,0.0,0.9999999999,0.0,0.22296332927084125
llama3,llama3,O que acontece se as vagas PcD não forem preenchidas por falta de candidatos?,"As vagas reservadas a PcD que não forem preenchidas por falta de candidatos são remanejadas para outras cotas ou destinadas ao Acesso Universal (Cota 1), dependendo da ordem descrita no edital.",Não encontrei essa informação nos documentos.,0.04,20.744,1693,11,1.0,0.0,0.0,0.0,0.19965254578362418
llama3,llama3,O que o candidato aprovado por cota de escola pública precisa assinar na matrícula?,O candidato aprovado por cota de escola pública deve assinar eletronicamente a Declaração de Não Ter Estudado em Escolas Particulares.,Não encontrei essa informação nos documentos.,0.037,20.146,1646,11,0.0,0.0,0.0,0.0,0.2022389761010152
llama3,llama3,Quais documentos específicos devem ser enviados por candidatos indígenas aprovados?,É necessário anexar a Autodeclaração de membro de Comunidade Indígena (Anexo VII/IX) junto ao RANI ou à Declaração de Membro assinada por liderança da comunidade indígena (Anexo VIII/X).,"Para candidatos indígenas, os documentos específicos que devem ser enviados são:  * Autodeclaração de membro de Comunidade indígena (Anexo VII); * Registro Administrativo de Nascimento de Indígena (RANI); ou * Declaração de Membro de Comunidade Indígena pela Liderança Indígena (PPI).  Esses document",0.041,25.044,1730,114,1.0,0.9844141261688675,0.9999999999,1.0,0.786228068539871
llama3,llama3,Qual o documento necessário para candidatos que concorrem a vagas reservadas a Quilombolas?,O candidato deve enviar a Declaração de pertencimento quilombola (Anexo IX/XI) assinada por 3 lideranças (com cópias de seus documentos) e o documento de reconhecimento emitido pela Fundação Cultural Palmares.,A resposta é: declaração de pertencimento à Comunidade Quilombola (Anexo IX) assinado por 3 (três) lideranças da Comunidade Quilombola a qual a/o candidata/candidato pertence e documento oficial de identificação com foto e assinatura (frente e verso) de cada uma das três lideranças que assinarem a d,0.037,24.216,1689,99,0.75,0.9338216103629625,0.9999999999,1.0,0.6086090658691143
llama3,llama3,"O que acontece se eu enviar documentos apagados, cortados ou incompletos?","O candidato que enviar documentação ilegível, rasurada ou incompleta terá sua matrícula indeferida automaticamente.",Não encontrei essa informação nos documentos.,0.036,19.872,1627,11,1.0,0.0,0.9999999999,1.0,0.21161452975863013
llama3,llama3,E se a escola ainda não tiver emitido meu Certificado de Conclusão na data da matrícula?,"É aceito o envio de uma Declaração provisória de provável conclusão emitida pela escola. A matrícula será homologada de forma condicional, devendo o certificado oficial ser apresentado na data limite estabelecida.",Não encontrei essa informação nos documentos.,0.04,18.427,1524,11,0.0,0.0,0.9999999999,1.0,0.19616791634840128
llama3,llama3,O que é o processo de Heteroidentificação?,É o procedimento presencial de verificação para confirmar a veracidade da autodeclaração prestada por candidatos pretos ou pardos.,Não encontrei essa informação nos documentos.,0.036,20.374,1669,11,0.0,0.0,0.9999999999,1.0,0.2044043518551922
llama3,llama3,Quais são os critérios que a banca utiliza para avaliar o candidato?,"A banca baseia-se exclusivamente nos critérios fenotípicos (características físicas visíveis do candidato, tais como traços faciais, cabelo e cor da pele).",Não encontrei essa informação nos documentos.,0.036,21.783,1772,11,0.0,0.0,0.0,0.0,0.20461056206801254
llama3,llama3,Posso levar fotos ou a minha certidão de nascimento para provar minha ascendência?,"Não. Fotos antigas, documentos civis ou histórico de herança genética familiar de parentes não são considerados na avaliação da banca.",Não encontrei essa informação nos documentos.,0.037,21.429,1762,11,1.0,0.0,0.9999999999,0.0,0.20352432657099756
llama3,llama3,Menores de 18 anos precisam de alguma autorização para filmagem do processo?,"Sim. No ato de matrícula, candidatos menores de 18 anos devem apresentar a Autorização de Uso de Imagem (Anexo VIII/IX) devidamente assinada por seus pais ou responsáveis legais.","Sim, menores de 18 anos precisam apresentar a autorização da mãe, pai ou responsável no período de 24 de setembro de 2025 a 12 de outubro de 2025.",0.04,22.182,1711,47,1.0,0.9083293054051089,0.9999999999,1.0,0.6023446193244202
llama3,llama3,O que ocorre se eu for convocado e não comparecer à banca de heteroidentificação?,"O candidato ausente ou que não tiver sua autodeclaração validada pela banca perde a vaga da cota e é reclassificado para as vagas de Acesso Universal (Cota 1), caso possua classificação suficiente.",Não encontrei essa informação nos documentos.,0.037,19.709,1628,11,0.0,0.0,0.9999999999,0.0,0.20116195449075747
llama3,llama3,Onde são publicadas as listas de classificados e chamadas para matrícula?,"Todas as listas, editais de resultados e convocações são divulgadas na internet, no site oficial de ingressos: ingresso.ifrs.edu.br.","Segundo os documentos, a publicação do quantitativo de vagas a serem preenchidas por curso, bem como a listagem de candidatas/candidatos aptos à participar da Chamada Pública, será feita em cada campus. (Artigos 13.3 e 16.3)",0.037,21.653,1609,67,1.0,0.9088318693593251,0.9999999999,1.0,0.2128012931583641
llama3,llama3,"O que é e quem participa da ""Chamada Pública""?","A ""Chamada Pública"" é um chamamento eletrônico ou presencial realizado para preencher vagas que restaram sem matrícula após as etapas regulares, convocando candidatos suplentes por ordem de classificação.","A Chamada Pública é a última chamada para matrícula. Ela ocorre após a primeira chamada para o preenchimento das vagas que ainda não foram ocupadas. Para os cursos que houver a Chamada Pública, participarão todas/todos as/os candidatas/candidatos que ainda não foram chamadas/chamados na primeira cha",0.035,24.077,1594,127,0.75,0.932838010752184,0.9999999999,1.0,0.6374044687051306
llama3,llama3,Ter o nome listado na Chamada Pública garante a vaga no curso?,Não. Estar na lista de convocados e enviar os documentos na Chamada Pública apenas gera expectativa de direito. O preenchimento ocorre estritamente pela ordem de classificação dos candidatos habilitados até o limite de vagas disponíveis.,Não encontrei essa informação nos documentos.,0.037,12.645,1621,11,1.0,0.0,0.9999999999,1.0,0.1963047481198077
llama3,llama3,Posso manter vínculos ativos de matrícula em mais de um curso de graduação?,Não. É expressamente proibido por lei federal que um estudante ocupe concomitantemente duas vagas de cursos de graduação em quaisquer instituições públicas de ensino superior do país.,Não encontrei essa informação nos documentos.,0.033,19.465,1551,11,0.0,0.0,0.9999999999,1.0,0.19545781422672592
llama3,llama3,"O que acontece se eu for matriculado, mas faltar aos primeiros dias letivos?",O estudante regularmente matriculado que faltar aos primeiros dias letivos (conforme limite estipulado em edital) sem justificativa formal de ausência aceita pelo campus terá sua matrícula cancelada por abandono.,"Se você for matriculado, mas faltar aos primeiros dias letivos, a sua matrícula será cancelada, exceto para os ingressantes por transferência ou ingresso de diplomado. Isso está estabelecido no Art. 115 da Resolução do CONSUP/IFRS nº 01/2024 (ver item 20.1).",0.038,22.91,1647,81,1.0,0.9584013247251439,0.9999999999,1.0,0.5274675463405627
llama3,llama3,É obrigatório possuir conta no portal gov.br para se inscrever?,"Sim, o acesso ao sistema de inscrições exige uma conta ativa no portal gov.br.","Sim. A/o candidata/candidato, ao acessar o sistema de inscrição do IFRS, será direcionado ao portal gov.br para autenticar-se com seu CPF e senha. Caso ainda não tenha cadastro no portal, ao digitar o CPF na página de login, a/o candidata/candidato será redirecionado para realizar o cadastro.",0.037,22.328,1578,83,1.0,0.8636613956784611,0.9999999999,1.0,0.8141655058073731
llama3,llama3,Qual nível de conta gov.br é exigido para a inscrição?,"Geralmente são aceitas contas níveis bronze, prata ou ouro para o acesso básico.",Não encontrei essa informação nos documentos.,0.037,17.393,1697,11,1.0,0.0,0.0,0.0,0.2025141774619695
llama3,llama3,Posso usar o CPF dos meus pais para fazer a minha inscrição?,"Não, a inscrição deve ser feita obrigatoriamente com o CPF do próprio candidato.",Não encontrei essa informação nos documentos.,0.038,20.039,1640,11,0.0,0.0,0.9999999999,1.0,0.9574034447417087
llama3,llama3,O que fazer se eu esquecer a senha da minha conta gov.br?,Você deve recuperar a senha diretamente na plataforma gov.br pelas opções de recuperação.,Não encontrei essa informação nos documentos.,0.036,19.463,1561,11,1.0,0.0,0.0,0.0,0.20800010818655762
llama3,llama3,Candidatos estrangeiros podem participar do processo seletivo?,"Sim, desde que possuam a documentação legal exigida para permanência no Brasil.","Sim, candidatos estrangeiros podem participar do processo seletivo. De acordo com os documentos, eles devem apresentar o Registro Nacional de Estrangeiro (RNE); ou o Passaporte com visto de estudante; ou Outro documento que por previsão legal permita que o estrangeiro estude no Brasil.",0.037,23.326,1713,72,0.75,0.9712243997989268,0.9999999999,1.0,0.9633026339572172
llama3,llama3,Qual documento de identidade é aceito para candidatos estrangeiros?,O Registro Nacional de Estrangeiro (RNE) ou a Carteira de Registro Nacional Migratório (CRNM).,O documento equivalente aceito para candidatos estrangeiros é o Registro Nacional de Estrangeiro (RNE); ou o Passaporte com visto de estudante; ou Outro documento que por previsão legal permita que o estrangeiro estude no Brasil.,0.042,24.307,1823,58,1.0,0.9382443704250626,0.9999999999,0.0,0.22198738622968378
llama3,llama3,É permitido o uso de nome social durante o processo seletivo?,"Sim, candidatos travestis e transexuais podem solicitar o uso de nome social.","Sim. De acordo com o Anexo VIII, é permitido o uso do Nome Social em sua inscrição no Processo Seletivo 2026/1 do IFRS, desde que seja preenchido e assinado o formulário juntamente com a mãe, pai ou responsável pela/pelo menor.",0.042,20.834,1501,69,1.0,0.9273677748677978,0.9999999999,1.0,0.9708783184739214
llama3,llama3,Como solicito a inclusão do meu nome social no cadastro?,A solicitação deve ser feita durante o preenchimento do formulário de inscrição.,Você pode solicitar a inclusão do seu nome social no cadastro acessando o endereço https://cta.ifrs.edu.br/ps-formularios/formulario-nome-social-16/ e preenchendo o formulário de solicitação.,0.037,14.187,1613,52,1.0,0.9656418983605093,0.9999999999,1.0,0.21550331080638874
llama3,llama3,O IFRS envia e-mails de confirmação após a conclusão da inscrição?,"Sim, o sistema envia confirmações automáticas para o e-mail cadastrado.",Não encontrei essa informação nos documentos.,0.033,19.59,1608,11,1.0,0.0,0.0,0.0,0.1987650931772184
llama3,llama3,O que devo fazer se não receber o e-mail de confirmação?,Verifique a caixa de spam ou acesse o sistema para confirmar o status da inscrição.,Não encontrei essa informação nos documentos.,0.037,19.494,1566,11,1.0,0.0,0.0,0.0,0.2011401200556522
llama3,llama3,Qual é a validade exigida para o documento de identidade (RG)?,O RG deve estar legível e permitir a identificação clara e atualizada do candidato.,Não encontrei essa informação nos documentos.,0.038,21.97,1774,11,1.0,0.0,0.9999999999,1.0,0.20559802300318666
llama3,llama3,CNH (Carteira Nacional de Habilitação) é aceita como identificação?,"Sim, a CNH dentro da validade é um documento de identificação oficial aceito.","Sim, a Carteira Nacional de Habilitação (CNH) é aceita como documento de identificação com foto, pois está listada no item II do inciso VI do item 9.10 ou 8.10, que define o que é considerado um documento de identificação com foto.",0.038,15.495,1699,65,0.6666666666666666,0.9740417284982805,0.9999999999,1.0,0.5282111935771172
llama3,llama3,Posso usar a certidão de nascimento no lugar do RG para a matrícula?,"Não, a certidão de nascimento não substitui o documento de identidade com foto.",Não encontrei essa informação nos documentos.,0.037,20.354,1667,11,0.5,0.0,0.9999999999,1.0,0.21271676173452392
llama3,llama3,Documentos digitais oficiais (como e-Título) são válidos no processo?,"Sim, documentos digitais oficiais com QR Code de validação normalmente são aceitos.",Não encontrei essa informação nos documentos.,0.038,20.526,1669,11,1.0,0.0,0.0,0.0,0.2073835447895226
llama3,llama3,Cópias autenticadas em cartório substituem o envio online dos originais?,"Não, o envio deve ser feito digitalizando os documentos originais diretamente no sistema.",Não encontrei essa informação nos documentos.,0.038,21.584,1758,11,0.0,0.0,0.0,0.0,0.20967968116241134
llama3,llama3,Preciso enviar fotos 3x4 no momento da pré-matrícula?,A necessidade de foto 3x4 depende das orientações específicas do edital de matrícula.,Não encontrei essa informação nos documentos.,0.038,20.914,1714,11,1.0,0.0,0.0,0.0,0.20211894418662496
llama3,llama3,Existe limite de idade máximo para ingressar nos cursos subsequentes?,Não há limite máximo de idade para ingressar nos cursos técnicos subsequentes.,"Sim, existe um limite de idade mínimo para ingressar nos cursos subsequentes: ter no mínimo 18 (dezoito) anos completos na data da matrícula.",0.042,19.66,1528,38,1.0,0.977569841805566,0.9999999999,0.0,0.22446971033030352
llama3,llama3,Existe idade mínima para os cursos superiores de graduação?,"Não há limite de idade, mas é necessário ter concluído o Ensino Médio.",Não encontrei essa informação nos documentos.,0.036,15.274,1513,11,1.0,0.0,0.9999999999,0.0,0.2121879440972472
llama3,llama3,O que é o período de interposição de recursos?,É o prazo oficial para contestar resultados preliminares ou decisões do processo.,Não encontrei essa informação nos documentos.,0.04,21.583,1761,11,0.0,0.0,0.9999999999,1.0,0.20452313008651252
llama3,llama3,Como devo enviar um recurso contra o resultado preliminar?,Os recursos devem ser submetidos exclusivamente pelo sistema eletrônico de ingresso.,"De acordo com os documentos, você deve realizar o recurso pelo sistema de Pré-Matrícula. O link do sistema será disponibilizado no site ingresso.ifrs.edu.br.",0.038,22.247,1717,40,1.0,0.8755032691799444,0.9999999999,1.0,0.46093817368954915
llama3,llama3,Posso enviar recursos por e-mail diretamente ao campus?,"Não, recursos enviados por e-mail fora do sistema oficial não são analisados.","Sim, é possível enviar recursos por e-mail diretamente ao campus. Segundo o item 8.1.2, é possível solicitar o agendamento de atendimento on-line enviando um e-mail para o campus onde pretende realizar a prova no período de 24 de setembro de 2025 a 12 de outubro de 2025.",0.038,22.049,1548,77,0.75,0.9542378662202932,0.9999999999,1.0,0.21102498043456527
llama3,llama3,Qual é o prazo padrão para análise e resposta dos recursos?,O prazo exato de resposta está previsto no cronograma oficial do edital.,Não encontrei essa informação nos documentos.,0.041,22.833,1848,11,0.0,0.0,0.9999999999,1.0,0.20327822313576077
llama3,llama3,"Se meu recurso for negado, posso recorrer novamente?","Não, a decisão após a análise do recurso é definitiva na esfera administrativa.",Não encontrei essa informação nos documentos.,0.037,16.112,1639,11,0.0,0.0,0.0,0.0,0.20549902788824398
llama3,llama3,Candidatos de outras cidades podem concorrer às vagas de Ibirubá?,"Sim, o processo seletivo é aberto a candidatos de qualquer município do país.",Não encontrei essa informação nos documentos.,0.037,21.583,1761,11,0.0,0.0,0.0,0.0,0.7034323689889613
llama3,llama3,Há alojamento ou moradia estudantil oferecida pelo campus?,"Não, o IFRS Campus Ibirubá não possui alojamento ou moradia estudantil própria.",Não encontrei essa informação nos documentos.,0.036,19.858,1622,11,1.0,0.0,0.0,0.0,0.20597407239777799
llama3,llama3,O campus oferece auxílio estudantil ou bolsas de permanência?,"Sim, o IFRS possui programas de auxílio baseados em critérios socioeconômicos.",Não encontrei essa informação nos documentos.,0.037,19.51,1587,11,0.0,0.0,0.0,1.0,0.20830290869104445
llama3,llama3,Quando abrem os editais para solicitação de auxílio estudantil?,Os editais de assistência abrem após o início do semestre letivo.,Não encontrei essa informação nos documentos.,0.037,19.755,1615,11,1.0,0.0,0.0,0.0,0.20504746967861012
llama3,llama3,Posso aproveitar disciplinas já cursadas em outra instituição?,"Sim, após a matrícula você pode solicitar aproveitamento mediante análise.",Não encontrei essa informação nos documentos.,0.036,18.553,1537,11,1.0,0.0,0.0,0.0,0.20150053343872484
llama3,llama3,Como solicito o aproveitamento de estudos após a matrícula?,A solicitação é feita na secretaria com o histórico e ementas das disciplinas.,Não encontrei essa informação nos documentos.,0.036,19.318,1561,11,0.5,0.0,0.0,0.0,0.20119049314115056
llama3,llama3,A documentação de matrícula pode ser entregue presencialmente?,"Não, o envio da documentação de pré-matrícula ocorre de forma totalmente eletrônica.","Sim. De acordo com o item 12.4 do contexto, a/O candidata/candidato que não tiver acesso à internet, computador ou precisar de ajuda, poderá comparecer ao campus dentro do prazo para envio da documentação.",0.034,21.565,1630,56,1.0,0.8989495090172117,0.9999999999,0.0,0.21387354981193304
llama3,llama3,Qual o formato de arquivo exigido para o envio dos documentos?,"Os documentos geralmente devem ser anexados em formato PDF, JPG ou PNG.",Não encontrei essa informação nos documentos.,0.036,19.511,1594,11,0.0,0.0,0.0,0.0,0.2104391948380765
llama3,llama3,Qual o tamanho máximo permitido para os arquivos anexados no sistema?,O limite de tamanho por arquivo é estipulado pelo sistema de envio.,Não encontrei essa informação nos documentos.,0.037,19.488,1572,11,1.0,0.0,0.0,0.0,0.20197819805822126
llama3,llama3,O que faço se o sistema de inscrições apresentar instabilidade?,"Tente acessar em outro navegador, limpe o cache ou aguarde a normalização.",Não encontrei essa informação nos documentos.,0.043,14.824,1513,11,0.0,0.0,0.0,0.0,0.20531666023425335
llama3,llama3,É possível trancar a matrícula logo no primeiro semestre?,"Geralmente o trancamento no primeiro semestre não é permitido, salvo exceções legais.",Não encontrei essa informação nos documentos.,0.036,19.628,1611,11,0.0,0.0,0.0,0.0,0.2049242306633387
llama3,llama3,Cursos técnicos subsequentes exigem estágio obrigatório para conclusão?,"Sim, a maioria dos cursos exige o cumprimento de estágio curricular obrigatório.","Sim, o curso Técnico em Plásticos Noite 4 semestres* mencionado na tabela exige estágio obrigatório.",0.038,20.625,1618,33,0.6666666666666666,0.9292043610736685,0.9999999999,0.0,0.5307370514313663
llama3,llama3,Os cursos de graduação do campus exigem Trabalho de Conclusão de Curso?,"Sim, o TCC é um componente curricular obrigatório para formatura nas graduações.",Não encontrei essa informação nos documentos.,0.037,19.509,1588,11,1.0,0.0,0.0,0.0,0.20162166526125458
llama3,llama3,Posso transferir meu curso para outro campus do IFRS futuramente?,"Sim, mediante editais internos de transferência e caso haja vaga disponível.",Não encontrei essa informação nos documentos.,0.037,19.464,1553,11,0.0,0.0,0.0,0.0,0.20340863566340384
llama3,llama3,A matrícula deve ser renovada a cada novo semestre?,"Sim, a rematrícula é obrigatória a cada semestre para manter o vínculo.",Não encontrei essa informação nos documentos.,0.035,19.629,1612,11,1.0,0.0,0.0,0.0,0.20187492686782726
llama3,llama3,O que ocorre se eu não renovar a matrícula no prazo estipulado?,O estudante perde o vínculo e tem a sua matrícula cancelada por abandono.,Não encontrei essa informação nos documentos.,0.036,19.946,1636,11,1.0,0.0,0.9999999999,1.0,0.20655756601624078
llama3,llama3,Como funciona a reclassificação de vagas não preenchidas?,As vagas são repassadas aos próximos da lista de espera por ordem de classificação.,"A reclassificação de vagas não preenchidas ocorre da seguinte maneira:  * As vagas não preenchidas da cota 2 migram primeiro para a cota 4, em segundo lugar para a cota 3, e assim por diante. * Se houver mais vagas destinadas a uma cota que candidatas/candidatos inscritos nesta cota, as vagas que so",0.043,23.874,1588,122,0.7142857142857143,0.940271854547349,0.9999999999,1.0,0.21113632841500626
llama3,llama3,Candidatos que zeraram a redação do Enem podem usar a nota?,"Não, zerar qualquer prova ou a redação desclassifica o candidato pelo Enem.",Não encontrei essa informação nos documentos.,0.037,19.512,1589,11,0.0,0.0,0.9999999999,1.0,0.2084047997521979
llama3,llama3,Qual o critério de desempate caso dois candidatos tenham a mesma nota?,Os critérios de desempate geralmente priorizam candidatos de maior idade.,"Para os cursos técnicos, o critério de desempate é: Da/do candidata/candidato com maior idade para a/o de menor idade, no caso de haver candidata/candidato maior de 60 anos empatado. Este critério de desempate está de acordo com o parágrafo único do artigo 27 da Lei Federal n.º 10.741/2003.  Para os",0.039,26.277,1643,169,1.0,0.903209677376762,0.0,0.0,0.21852643878103672
llama3,llama3,Pessoas trans devem passar por banca de heteroidentificação?,"Não, a banca avalia apenas quem concorre nas cotas raciais para pretos e pardos.",Não encontrei essa informação nos documentos.,0.034,17.685,1438,11,0.0,0.0,0.9999999999,1.0,0.7014542483982185
llama3,llama3,A renda per capita é calculada com base no salário bruto ou líquido?,A renda familiar per capita é calculada com base na renda bruta mensal.,Não encontrei essa informação nos documentos.,0.038,17.058,1404,11,1.0,0.0,0.9999999999,1.0,0.2025736305588004
llama3,llama3,Estágio remunerado conta na composição da renda familiar para cotas?,"Sim, valores recebidos como bolsa de estágio entram no cômputo da renda familiar.",Não encontrei essa informação nos documentos.,0.041,19.517,1604,11,0.0,0.0,0.0,0.0,0.2028345000183288
llama3,llama3,Membros da família que moram em outra casa entram no cálculo de renda?,"Não, apenas pessoas que residem sob o mesmo teto e compartilham rendas entram no cálculo.",Não encontrei essa informação nos documentos.,0.036,22.002,1786,11,0.0,0.0,0.9999999999,0.0,0.2075910356223864
llama3,llama3,Posso alterar o e-mail cadastrado após finalizar a inscrição?,A alteração deve ser feita no sistema durante o período permitido pelo edital.,Não encontrei essa informação nos documentos.,0.037,18.432,1513,11,0.0,0.0,0.9999999999,0.0,0.20361770112989747
llama3,llama3,É obrigatório apresentar título de eleitor na matrícula?,"Sim, a certidão de quitação eleitoral é exigida para a matrícula de maiores de 18 anos.",Não encontrei essa informação nos documentos.,0.04,19.383,1601,11,1.0,0.0,0.0,0.0,0.5771741434113048
llama3,llama3,Homens maiores de 18 anos precisam de comprovante militar?,"Sim, a regularidade militar é obrigatória para candidatos homens maiores de 18 anos.","Sim, os candidatos do sexo masculino com idade entre 18 (dezoito) e 45 (quarenta e cinco) anos (exceto candidato indígena) devem apresentar o Comprovante de quitação com o Serviço Militar.",0.037,22.338,1679,61,1.0,0.8785194377279969,0.9999999999,1.0,0.6580972327095171
llama3,llama3,Onde encontro o cronograma completo com todas as datas do edital?,O cronograma completo está disponível nos anexos do edital no site de ingresso do IFRS.,"Encontrei essa informação nos documentos!  O cronograma completo está disponível na página ingresso.ifrs.edu.br e também está listado no documento, começando da data ""24/09 a 12/10/2025 Período de inscrições"" até a data ""29/01/2026 Publicação do resultado final da matrícula na Chamada Pública"".",0.037,24.761,1781,84,1.0,0.8716050933977934,0.9999999999,0.0,0.5525639497672763
mistral,mistral,Quais são os cursos técnicos integrados ao Ensino Médio ofertados no Campus Ibirubá?,"Os cursos técnicos integrados ao Ensino Médio ofertados no campus são o Técnico em Agropecuária, Técnico em Informática e Técnico em Mecânica.", Técnico em Administração e Técnico em Informática.,5.622,26.499,2034,18,0.0,0.0,0.9999999999,0.0,0.5151980524464563
mistral,mistral,Quais são os turnos de funcionamento dos cursos técnicos integrados?,"O funcionamento dos cursos técnicos integrados ocorre nos turnos da manhã e da tarde (turno integral), com duração prevista de 3 anos.", Os cursos técnicos integrados ao ensino médio funcionam nos turnos Manhã e Tarde.,0.074,22.638,1878,29,0.0,0.9635296044289362,0.9999999999,1.0,0.4853336630012327
mistral,mistral,Quais são os cursos técnicos subsequentes ao Ensino Médio disponíveis no Campus Ibirubá?,"Na modalidade subsequente, estão disponíveis os cursos de Técnico em Eletrotécnica e Técnico em Mecânica."," Os cursos técnicos subsequentes ao Ensino Médio disponíveis no Campus Ibirubá são:  1. Técnico em Agropecuária Manhã e Tarde (32 vagas) 2. Técnico em Eletrotécnica Noite (30 vagas) 3. Técnico em Mecânica Noite (30 vagas) 4. Osório Integrado Técnico em Administração Tarde (Prova R$ 70,00) (1 vagas) ",0.037,33.402,2035,239,0.2857142857142857,0.9999999999999999,0.9999999999,1.0,0.20698398871042334
mistral,mistral,Em qual turno ocorrem as aulas dos cursos subsequentes?,"As aulas dos cursos técnicos subsequentes acontecem no turno da noite, com duração de 4 semestres."," As aulas dos cursos subsequentes ao ensino médio ocorrem tanto no dia de tarde quanto na noite. Por exemplo, o Técnico em Contabilidade é oferecido no turno da noite e o Técnico em Biblioteconomia é oferecido no turno do manhã.",0.039,23.797,1794,71,0.75,0.9422195041694793,0.9999999999,0.0,0.4672730444704213
mistral,mistral,Quais são os cursos superiores de graduação ofertados no Campus Ibirubá?,"O campus oferece os seguintes cursos superiores de graduação: Bacharelado em Agronomia, Bacharelado em Engenharia Mecânica, Bacharelado em Ciência da Computação e Licenciatura em Matemática.", Os cursos superiores de graduação ofertados no Campus Ibirubá são: 1. Bacharelado em Engenharia Mecânica - Noite; 2. Bacharelado em Ciência da Computação - Noite; 3. Licenciatura em Matemática - Noite; 4. Bacharelado em Agronomia - Manhã e Tarde.,0.042,26.898,2008,91,1.0,0.9863826447990269,0.9999999999,1.0,0.9826099624903017
mistral,mistral,Qual é a duração e os turnos dos cursos de Agronomia e Engenharia Mecânica no campus?,"O curso de Agronomia ocorre nos turnos da manhã e da tarde com duração de 10 semestres. O curso de Engenharia Mecânica é ofertado no turno da noite, também com duração de 10 semestres."," MINISTÉRIO DA EDUCAÇÃO Secretaria de Educação Profissional e Tecnológica Instituto Federal de Educação, Ciência e Tecnologia do Rio Grande do Sul Gabinete do Reitor 27 Rua Gen. Osório, 348 – Centro – Bento Gonçalves/RS – CEP 95.700-086 Telefone: (54) 3449.3371 –  ---  Cursos Superiores Turnos Duraç",0.038,40.479,1966,435,0.5,0.9695092627008826,0.0,0.5,0.5254319315458615
mistral,mistral,Qual é a duração e os turnos de Ciência da Computação e Licenciatura em Matemática?,"O curso de Ciência da Computação ocorre à noite com duração de 9 semestres, enquanto a Licenciatura em Matemática também acontece no turno da noite com duração de 8 semestres."," A Licenciatura em Matemática tem 8 semestres de duração e o turno oferecido é Noite. Já a Ciência da Computação não está listada nos documentos fornecidos, portanto, não encontrei essa informação sobre ela.",0.037,25.474,1947,65,0.6666666666666666,0.0,0.0,0.5,nan
mistral,mistral,Os cursos ofertados pelo IFRS Campus Ibirubá são pagos?,"Não. Todos os cursos oferecidos no IFRS são 100% gratuitos, não havendo cobrança de mensalidades ou taxas de matrícula."," Não, os cursos ofertados pelo IFRS Campus Ibirubá não são pagos. A taxa de inscrição é cobrada para algumas opções de seleção, mas o pagamento da matrícula só será solicitado após a homologação da inscrição do candidato.",0.04,26.432,1973,76,0.3333333333333333,0.9953228336486268,0.9999999999,0.0,0.4444451064119317
mistral,mistral,Qual o valor da taxa de inscrição para os cursos técnicos integrados?,"A taxa de inscrição para os cursos técnicos na modalidade integrada é de R$ 60,00."," R$ 70,00 (setenta reais), caso o modo de ingresso escolhido seja por Prova e o curso da inscrição seja um curso técnico.",0.037,24.243,1908,48,0.75,0.9280873133442434,0.0,0.0,0.22473842814585482
mistral,mistral,Quanto custa a inscrição para os cursos técnicos subsequentes?,"O custo é de R$ 20,00."," Para os cursos técnicos subsequentes, a taxa de inscrição é R$ 70,00 caso o modo de ingresso escolhido seja por Prova.",0.036,25.044,1962,46,1.0,0.9460652642128119,0.0,0.0,0.21290848340601246
mistral,mistral,Qual é o custo da inscrição para concorrer a uma vaga em curso de graduação?,"Se o candidato optar por concorrer via Exame de Seleção (prova), a taxa é de R$ 80,00. Caso a opção seja via nota do ENEM, a taxa é de R$ 20,00.", Não encontrei essa informação nos documentos.,0.037,22.677,1883,14,0.0,0.0,0.0,0.0,0.19622640328219648
mistral,mistral,Como deve ser efetuado o pagamento da taxa de inscrição?,"O pagamento deve ser realizado por meio de boleto bancário gerado ao final da inscrição, pagável na rede bancária ou via internet banking."," O pagamento da taxa de inscrição pode ser realizado pelo boleto bancário, mas é necessário fazer o pagamento no prazo estabelecido, pois não será possível realizar o pagamento após o prazo. Caso deixe para realizar o pagamento no último dia, deverá se informar sobre o horário limite imposto pelo ba",0.036,26.488,1901,111,1.0,0.8884556697041452,0.9999999999,1.0,0.38749188930256484
mistral,mistral,Até quando posso pagar a taxa de inscrição?,O boleto deve ser pago impreterivelmente até o prazo limite definido no cronograma oficial do edital correspondente., A taxa de inscrição pode ser paga até o dia 13 de outubro de 2025.,0.04,20.02,1933,29,1.0,0.9868093667739585,0.9999999999,1.0,0.21424175196629586
mistral,mistral,Posso modificar os dados da minha inscrição (como a opção de curso ou campus) após concluí-la?,"Sim, no entanto, após a finalização da inscrição, qualquer alteração exige que o candidato realize uma nova inscrição dentro do prazo regulamentar para que os novos dados sejam computados."," Sim, é possível alterar os dados da sua inscrição, mas apenas dentro do prazo para inscrição. Caso precise alterar o curso ou a cota em que se inscreveu, precisará cancelar a inscrição e realizar uma nova dentro do prazo para inscrição. Após o período de inscrição, não será realizada troca de curso",0.039,25.782,1879,101,1.0,0.9374824022661866,0.9999999999,1.0,0.7154594029718102
mistral,mistral,É possível me inscrever em mais de um curso no mesmo edital do IFRS?,Não. É permitido realizar apenas uma única inscrição por candidato em cada edital.," Não, é permitido inscrever-se em apenas um curso no mesmo edital do IFRS. As seguintes restrições são estabelecidas:  * 6.11, 6.12, 6.13, 6.14, 6.15, 6.16 e 6.17 proibem a inscrição em mais de um curso Integrado, EJA, Concomitante, Subsequente, Concomitante/Subsequente ou Graduação; * 5.10, 5.11 e ",0.038,29.51,1947,173,0.7272727272727273,0.996686681389012,0.9999999999,1.0,0.8227702897902693
mistral,mistral,Há devolução do valor pago na taxa de inscrição se eu desistir de participar?,"Não. O valor pago na taxa de inscrição não é reembolsável sob nenhuma circunstância, exceto se houver cancelamento do certame por parte do IFRS."," Sim, haverá devolução do valor pago na taxa de inscrição se o Processo Seletivo for cancelado ou para as/os candidatas/candidatos inscritos em algum curso que seja cancelada a oferta. No entanto, caso o Processo Seletivo não seja cancelado e você desistir de participar, não haverá reembolso do paga",0.039,26.989,1943,105,1.0,0.9332215702169268,0.9999999999,1.0,0.6599827223879315
mistral,mistral,Quem tem direito a solicitar a isenção do pagamento da taxa de inscrição?,"Têm direito à isenção os candidatos com renda familiar bruta mensal de até 1 salário mínimo per capita (R$ 1.412,00) que estejam regularmente registrados no CadÚnico como baixa renda."," Pessoas cadastradas no CadÚnico como familiares de baixa renda. Família de baixa renda é a que recebe até 1 salário mínimo por pessoa (R$ 1.518,00) por mês e o cadastro da família no CadÚnico precisa estar atualizado nos últimos 2 anos.",0.038,25.315,1872,85,1.0,0.8266177265797251,0.9999999999,1.0,0.4133304877829147
mistral,mistral,O cadastro do CadÚnico precisa ter alguma atualização recente?,Sim. O cadastro do candidato no CadÚnico deve estar obrigatoriamente atualizado nos últimos 2 anos.," Sim, os cadastros no CadÚnico precisam ser atualizados nos últimos 2 anos. (7.8.1 e 9.3.1)",0.038,26.131,2065,40,1.0,0.9521561177268572,0.9999999999,1.0,0.842287382609765
mistral,mistral,Onde realizo a solicitação de isenção de taxa?,"A solicitação deve ser realizada exclusivamente via internet, na página de ingressos do IFRS (ingresso.ifrs.edu.br)."," A solicitação de isenção de taxa pode ser realizada no endereço ingresso.ifrs.edu.br, após realizar o login com o gov.br e preencher o Formulário de Solicitação de Isenção, anexando o Extrato de Consulta Completo do CadÚnico atualizado nos últimos 2 anos.",0.036,24.69,1808,89,1.0,0.9397140682505223,0.9999999999,1.0,0.6723041050217287
mistral,mistral,A isenção pode ser solicitada por mais de um membro do mesmo núcleo familiar?,"Sim. A isenção é um benefício de caráter estritamente individual, e cada integrante da mesma família que deseja concorrer deve fazer a sua própria solicitação."," Sim, cada membro de uma mesma família deve solicitar a isenção individualmente.",0.039,22.11,1814,23,1.0,0.949712298409474,0.9999999999,1.0,0.8352251535535555
mistral,mistral,"Se minha isenção de taxa for aprovada (deferida), já estou inscrito no Processo Seletivo?","Não. O candidato que teve a isenção aceita deve, obrigatoriamente, entrar no sistema e realizar a inscrição no curso desejado para gerar o comprovante de isento."," Não, se sua solicitação de isenção da taxa de inscrição for aceita (deferida), você precisará realizar a inscrição no Processo Seletivo entre o dia 24 de setembro de 2025 até o dia 12 de outubro de 2025.",0.036,25.099,1879,79,0.75,0.9493420425001926,0.9999999999,1.0,0.6522982111354074
mistral,mistral,O IFRS pode solicitar documentos de comprovação de renda para quem foi isento?,"Sim. O IFRS pode conferir e auditar as informações prestadas, e o candidato que prestar declarações falsas está sujeito a responder legalmente e ser eliminado do processo.", Não encontrei essa informação nos documentos fornecidos.,0.04,22.3,1839,18,0.0,0.0,0.9999999999,1.0,0.19676897193655374
mistral,mistral,Qual o sistema utilizado para o ingresso nos cursos técnicos integrados de Ibirubá?,O sistema de ingresso para os cursos técnicos integrados em Ibirubá é realizado por meio de Exame de Seleção (prova objetiva presencial).," O sistema utilizado para o ingresso nos cursos técnicos integrados de Ibirubá é a prova, com exceção do Técnico em Guia de Turismo que utiliza o sorteio.",0.036,26.321,2047,53,0.3333333333333333,0.9553096863584674,0.9999999999,1.0,0.6119794477512583
mistral,mistral,Como são distribuídas as vagas para os cursos técnicos subsequentes de Ibirubá?,As vagas da modalidade subsequente são preenchidas por meio de Sorteio Público ou classificação pela nota do ENEM., As vagas para os cursos técnicos subsequentes do Campus Ibirubá são distribuídas conforme a seguinte tabela:  | Curso                   | Turno       | Duração em Semestres | Total de Vagas | Vagas Sorteio Público | Vagas ENEM | Reserva Ensino Público C1 | Reserva Ensino Público C10 | Renda igual o,0.037,41.908,2069,441,0.64,0.9352691583313602,0.9999999999,1.0,0.5425853921202508
mistral,mistral,Quais os meios para ingressar em um curso de graduação superior em Ibirubá?,Os ingressos para os cursos superiores de graduação em Ibirubá ocorrem via Exame de Seleção (prova com redação) ou utilizando a nota do ENEM.," As inscrições para o Processo Seletivo serão realizadas no período das 14h do dia 04 de novembro de 2025 às 23h59min do dia 18 de novembro de 2025 , exclusivamente via INTERNET no endereço ingresso.ifrs.edu.br. A/o candidato/candidata, ao acessar o sistema de inscrição do IFRS, utilizará o login e ",0.038,28.723,1995,132,1.0,0.8616614656308073,0.9999999999,1.0,0.2141626883517618
mistral,mistral,"Se eu escolher o ENEM para a graduação, posso usar notas de ""treineiro""?","Não. As notas do ENEM obtidas na condição de ""treineiro"" não são validadas para a classificação de vagas.", Não encontrei essa informação nos documentos.,0.038,22.866,1883,14,1.0,0.0,0.9999999999,1.0,0.2014276403926601
mistral,mistral,O que fazer se eu precisar de acessibilidade ou condições especiais no dia da prova?,O candidato deve indicar sua necessidade no Formulário de Solicitação de Condição Especial (Anexo II/IV/V) disponível no sistema no momento da inscrição.," Para solicitar acessibilidade ou condições especiais no dia da prova, você deve marcar as alternativas correspondentes na lista fornecida no documento. As opções incluem facilidades para locomoção, uso de cadeira de rodas, ambiente com poucas pessoas, presença de um acompanhante, uso de tecnologia ",0.041,29.911,1957,178,1.0,0.9631717745887589,0.9999999999,1.0,0.29929603458481113
mistral,mistral,Quais apoios especiais podem ser solicitados para o dia da avaliação?,"Podem ser solicitados auxílios como tempo adicional de prova, apoio de ledores ou transcritores, salas de fácil acesso e atendimento específico para lactantes."," A partir do contexto fornecido, os apoios especiais que podem ser solicitados para o dia da avaliação incluem:  1. Mesa adequada a uma cadeira de rodas; 2. Cadeira e mesa adequadas à minha estatura ou amputação; 3. Realização da prova em ambiente com poucas pessoas; 4. Presença de um acompanhante q",0.036,42.633,2038,458,1.0,0.9999999999999996,0.9999999999,1.0,0.4906477200417959
mistral,mistral,Quantas vagas são destinadas à reserva de vagas para escolas públicas?,Pelo menos 50% das vagas totais de cada curso são reservadas exclusivamente para estudantes egressos de escolas públicas.," As vagas destinadas à reserva de vagas para escolas públicas não são especificamente numeradas no contexto fornecido. No entanto, podemos ver que as vagas estão divididas em várias cotas (C9, C5, C7, C8, C6, C3, C2 e C10), algumas das quais são destinadas a estudantes de escola pública. Portanto, p",0.038,28.609,1980,130,1.0,0.0,0.9999999999,0.0,0.21543139971412056
mistral,mistral,O que define se posso concorrer como egresso de escola pública?,É elegível o candidato que comprovar ter cursado integralmente todo o Ensino Fundamental (para cursos técnicos) ou todo o Ensino Médio (para cursos superiores) em instituições públicas de ensino.," Para concorrer como egresso de escola pública, é necessário ter cursado integralmente o Ensino Médio em uma escola pública.",0.039,22.241,1772,38,1.0,0.963994476180144,0.9999999999,1.0,0.22780750992937215
mistral,mistral,"Se estudei com bolsa integral em escola particular, posso concorrer às vagas reservadas?","Não. Quem estudou em escola particular, mesmo que sob a condição de bolsista integral, não possui o direito de concorrer às cotas destinadas a escolas públicas."," Sim, se o candidato estudou com bolsa integral em escola particular, ele pode fornecer histórico escolar do ensino médio ou uma declaração emitida pela escola onde concluiu o ensino médio, informando em quais escolas o candidato estudou todas as séries ou anos. No entanto, ele não poderá concorrer ",0.037,30.935,1914,206,0.2857142857142857,0.0,0.9999999999,1.0,0.227976437604976
mistral,mistral,Como funciona a comprovação de renda para as cotas destinadas à baixa renda?,"A comprovação de renda é baseada nos dados do candidato cadastrados no CadÚnico, exigindo-se a apresentação do Extrato de Consulta Completa."," A comprovação de renda para as cotas destinadas à baixa renda é realizada através da apresentação de documentos que demonstram a renda familiar bruta per capita igual ou inferior a 1 salário mínimo. Esses documentos podem incluir, por exemplo, declarações de renda, comprovantes de assistência socia",0.04,28.516,2045,103,0.6,0.9745449386252975,0.0,0.0,0.20724533516836194
mistral,mistral,"O que são as vagas destinadas ao grupo PPIQ (Pretos, Pardos, Indígenas e Quilombolas)?","São as cotas voltadas para candidatos egressos de escola pública que se autodeclarem Pretos, Pardos, Indígenas ou Quilombolas."," As vagas destinadas ao grupo PPIQ (Pretos, Pardos, Indígenas e Quilombolas) são as vagas da Cota 1 e da Cota 3. A cota 1 é acesso universal para esses grupos, enquanto a cota 3 é destinada a candidatos que tenham cursado integralmente o Ensino Fundamental (Cursos Técnicos) ou Ensino Médio (Cursos d",0.038,31.207,2130,147,0.6666666666666666,0.9159978428196514,0.9999999999,1.0,nan
mistral,mistral,Quem pode concorrer na Cota 10 (destinada a Pessoas com Deficiência - PcD)?,"A Cota 10 (C10) é reservada exclusivamente para Pessoas com Deficiência (PcD), independentemente de renda ou de terem estudado em escola pública."," A pessoa com deficiência (PcD) que tenha cursado integralmente o Ensino Médio em escola pública, independente de renda pode concorrer na Cota 10.",0.036,28.249,2198,51,0.0,0.967471343633514,0.9999999999,0.0,0.6667727103830114
mistral,mistral,O que acontece se as vagas PcD não forem preenchidas por falta de candidatos?,"As vagas reservadas a PcD que não forem preenchidas por falta de candidatos são remanejadas para outras cotas ou destinadas ao Acesso Universal (Cota 1), dependendo da ordem descrita no edital.", Não encontrei essa informação nos documentos.,0.037,24.061,1989,14,1.0,0.0,0.0,0.0,0.19965254578362418
mistral,mistral,O que o candidato aprovado por cota de escola pública precisa assinar na matrícula?,O candidato aprovado por cota de escola pública deve assinar eletronicamente a Declaração de Não Ter Estudado em Escolas Particulares.," A resposta não está clara no contexto fornecido. No entanto, considerando que a matrícula é efetivada apenas com a apresentação de toda documentação requerida (8.5), e que a comprovação da condição de egressa/egresso de escola pública será mediante apresentação de documentação, no ato de matrícula ",0.037,29.097,1977,148,0.6,0.0,0.0,0.0,0.21761365994382237
mistral,mistral,Quais documentos específicos devem ser enviados por candidatos indígenas aprovados?,É necessário anexar a Autodeclaração de membro de Comunidade Indígena (Anexo VII/IX) junto ao RANI ou à Declaração de Membro assinada por liderança da comunidade indígena (Anexo VIII/X)., Autodeclaração de membro de Comunidade indígena (Anexo VII); Registro Administrativo de Nascimento de Indígena (RANI) ou Declaração de Membro de Comunidade Indígena pela Liderança da sua comunidade conforme modelo (Anexo VIII).,0.037,27.487,2062,74,0.6666666666666666,0.916301743727438,0.9999999999,1.0,0.7382315722001359
mistral,mistral,Qual o documento necessário para candidatos que concorrem a vagas reservadas a Quilombolas?,O candidato deve enviar a Declaração de pertencimento quilombola (Anexo IX/XI) assinada por 3 lideranças (com cópias de seus documentos) e o documento de reconhecimento emitido pela Fundação Cultural Palmares., (__) declaração de pertencimento à Comunidade Quilombola (Anexo XIV); e (__) documento oficial de identificação com foto e assinatura (frente e verso) de cada uma das três lideranças que assinarem a declaração de pertencimento quilombola; e (__) declaração expedida pela Fundação Cultural Palmares n,0.038,29.035,2029,117,0.6666666666666666,0.0,0.9999999999,1.0,0.7394196534370501
mistral,mistral,"O que acontece se eu enviar documentos apagados, cortados ou incompletos?","O candidato que enviar documentação ilegível, rasurada ou incompleta terá sua matrícula indeferida automaticamente."," Se você enviar documentos apagados, cortados ou incompletos, eles não serão aceitos para matrícula. De acordo com o contexto fornecido, a resposta é: ""Não serão aceitos os documentos faltantes ou ilegíveis."" (6.8 no contexto fornecido).",0.04,26.688,1983,82,0.6,0.8502009541365942,0.9999999999,1.0,0.6302127902353987
mistral,mistral,E se a escola ainda não tiver emitido meu Certificado de Conclusão na data da matrícula?,"É aceito o envio de uma Declaração provisória de provável conclusão emitida pela escola. A matrícula será homologada de forma condicional, devendo o certificado oficial ser apresentado na data limite estabelecida."," Nesse caso, o candidato terá sua matrícula realizada de forma condicional, devendo apresentar o Certificado de Conclusão do Ensino Fundamental até 29 de maio de 2026.",0.042,23.413,1816,56,1.0,0.9075280259968572,0.9999999999,1.0,0.5497609056741355
mistral,mistral,O que é o processo de Heteroidentificação?,É o procedimento presencial de verificação para confirmar a veracidade da autodeclaração prestada por candidatos pretos ou pardos.," O processo de Heteroidentificação é um procedimento realizado pelo Instituto Federal de Educação, Ciência e Tecnologia do Rio Grande do Sul (IFRS) para verificar a autodeclaração racial das candidatas/candidatos negra/negro (preta/preto ou parda/pardo). Este processo é realizado por uma comissão de",0.038,28.926,2023,115,1.0,0.9455125172382136,0.9999999999,1.0,0.5189505987924059
mistral,mistral,Quais são os critérios que a banca utiliza para avaliar o candidato?,"A banca baseia-se exclusivamente nos critérios fenotípicos (características físicas visíveis do candidato, tais como traços faciais, cabelo e cor da pele)."," Os critérios utilizados pela banca para avaliar um candidato, segundo o contexto fornecido, são baseados em três fatores principais:  1. Instituição de ensino: O candidato deve ter cursado integralmente o Ensino Médio ou Cursos de Graduação em uma escola pública. 2. Renda familiar bruta per capita:",0.038,34.277,2114,225,0.6363636363636364,0.9485960420574177,0.0,0.0,0.21464689265696252
mistral,mistral,Posso levar fotos ou a minha certidão de nascimento para provar minha ascendência?,"Não. Fotos antigas, documentos civis ou histórico de herança genética familiar de parentes não são considerados na avaliação da banca."," Sim, você pode levar fotos ou sua certidão de nascimento para provar sua ascendência. No contexto fornecido, não há informação específica sobre a prova da ascendência, mas os documentos mencionados incluem a Carteira de Identidade e o Certificado de Nascimento como formas de identificação.",0.038,28.724,2131,84,0.4,0.9458246033748854,0.9999999999,0.0,0.2184428055915172
mistral,mistral,Menores de 18 anos precisam de alguma autorização para filmagem do processo?,"Sim. No ato de matrícula, candidatos menores de 18 anos devem apresentar a Autorização de Uso de Imagem (Anexo VIII/IX) devidamente assinada por seus pais ou responsáveis legais."," Sim, menores de 18 anos precisam apresentar a autorização de uso da imagem para o processo de ingresso discente. A autoria desta autorização deve ser da pessoa que assinou a autorização (mãe, pai ou responsável da/do menor) no período de 24 de setembro de 2025 a 12 de outubro de 2025.",0.037,29.65,2104,109,0.6666666666666666,0.9314401524260438,0.9999999999,1.0,0.729926979568853
mistral,mistral,O que ocorre se eu for convocado e não comparecer à banca de heteroidentificação?,"O candidato ausente ou que não tiver sua autodeclaração validada pela banca perde a vaga da cota e é reclassificado para as vagas de Acesso Universal (Cota 1), caso possua classificação suficiente.", A/O candidata/candidato que tiver sua autodeclaração não confirmada pela Comissão de Heteroidentificação poderá entrar com recurso dentro do prazo que consta no cronograma. O recurso será realizado pelo link disponibilizado no site ingresso.ifrs.edu.br.,0.039,26.577,1982,79,1.0,0.9181962502021647,0.9999999999,0.0,0.2172594098173457
mistral,mistral,Onde são publicadas as listas de classificados e chamadas para matrícula?,"Todas as listas, editais de resultados e convocações são divulgadas na internet, no site oficial de ingressos: ingresso.ifrs.edu.br."," As listas de candidatas/candidatos classificados e chamados para matrícula são publicadas na Chamada Pública, que é realizada no site ingresso.ifrs.edu.br.",0.038,24.879,1954,50,0.6666666666666666,0.9437269062776835,0.9999999999,1.0,0.7933686457710266
mistral,mistral,"O que é e quem participa da ""Chamada Pública""?","A ""Chamada Pública"" é um chamamento eletrônico ou presencial realizado para preencher vagas que restaram sem matrícula após as etapas regulares, convocando candidatos suplentes por ordem de classificação."," A ""Chamada Pública"" é a última chamada para matrícula, ocorrendo após a primeira chamada para preenchimento das vagas que ainda não foram ocupadas. Para os cursos que houver Chamada Pública, participarão todas as candidatas/candidatos que ainda não foram chamados na primeira chamada (suplentes) e t",0.036,29.474,1948,167,1.0,0.9245741313260932,0.9999999999,1.0,0.5252630997694306
mistral,mistral,Ter o nome listado na Chamada Pública garante a vaga no curso?,Não. Estar na lista de convocados e enviar os documentos na Chamada Pública apenas gera expectativa de direito. O preenchimento ocorre estritamente pela ordem de classificação dos candidatos habilitados até o limite de vagas disponíveis.," Não, ter o nome listado na Chamada Pública não garante à/ao candidata/candidato a vaga no curso. (16.4 e 13.4)",0.036,16.017,1947,46,1.0,0.998280190375886,0.9999999999,1.0,0.5246838955795434
mistral,mistral,Posso manter vínculos ativos de matrícula em mais de um curso de graduação?,Não. É expressamente proibido por lei federal que um estudante ocupe concomitantemente duas vagas de cursos de graduação em quaisquer instituições públicas de ensino superior do país.," Não. De acordo com o contexto fornecido, é proibida a matrícula em mais de um curso superior (de graduação) em instituições públicas ou privadas com bolsa de estudo Prouni (6.16). Além disso, não seria recomendável se inscrever em um curso subsequente e em um curso de graduação escolhendo o modo de",0.037,27.42,1898,130,1.0,0.8846253634414479,0.9999999999,1.0,0.23006367445229475
mistral,mistral,"O que acontece se eu for matriculado, mas faltar aos primeiros dias letivos?",O estudante regularmente matriculado que faltar aos primeiros dias letivos (conforme limite estipulado em edital) sem justificativa formal de ausência aceita pelo campus terá sua matrícula cancelada por abandono.," De acordo com o contexto fornecido, se você for matriculado mas faltar aos primeiros dias letivos do curso, sua matrícula será cancelada, exceto para os ingressantes por transferência ou ingresso de diplomado. Isso é estabelecido na disposição geral e final 20.1 do Edital.",0.037,27.748,2012,86,1.0,0.9362554294693646,0.9999999999,1.0,0.5047502156062706
mistral,mistral,É obrigatório possuir conta no portal gov.br para se inscrever?,"Sim, o acesso ao sistema de inscrições exige uma conta ativa no portal gov.br."," Sim, é necessário ter cadastro no portal gov.br para se inscrever no processo seletivo do IFRS. Caso ainda não tenha cadastro, ao digitar o CPF na página de login, será redirecionado para realizar o cadastro.",0.042,25.625,1952,69,0.5,0.9324984349824774,0.9999999999,1.0,0.7188449678215997
mistral,mistral,Qual nível de conta gov.br é exigido para a inscrição?,"Geralmente são aceitas contas níveis bronze, prata ou ouro para o acesso básico."," O contexto fornecido não menciona explicitamente qual nível de conta do governo brasileiro (gov.br) é exigido para a inscrição. Porém, é especificado que o candidato deve se autenticar no portal com seu CPF e senha, indicando que provavelmente é necessário ter um cadastro prévio no portal para real",0.037,23.439,2013,95,1.0,0.0,0.0,0.0,0.21476006846584444
mistral,mistral,Posso usar o CPF dos meus pais para fazer a minha inscrição?,"Não, a inscrição deve ser feita obrigatoriamente com o CPF do próprio candidato.", Não encontrei essa informação nos documentos.,0.037,25.852,2085,14,0.5,0.0,0.9999999999,1.0,0.7074034447417087
mistral,mistral,O que fazer se eu esquecer a senha da minha conta gov.br?,Você deve recuperar a senha diretamente na plataforma gov.br pelas opções de recuperação., Não encontrei essa informação nos documentos.,0.041,23.428,1921,14,1.0,0.0,0.0,0.0,0.20800010818655762
mistral,mistral,Candidatos estrangeiros podem participar do processo seletivo?,"Sim, desde que possuam a documentação legal exigida para permanência no Brasil."," Sim, candidatos estrangeiros podem participar do processo seletivo. Eles devem apresentar um dos seguintes documentos: Registro Nacional de Estrangeiro (RNE), Passaporte com visto de estudante ou outro documento que por previsão legal permita que o estrangeiro estude no Brasil.",0.074,28.209,2081,79,1.0,0.9319213205944816,0.9999999999,1.0,0.9622698497645432
mistral,mistral,Qual documento de identidade é aceito para candidatos estrangeiros?,O Registro Nacional de Estrangeiro (RNE) ou a Carteira de Registro Nacional Migratório (CRNM)., O Registro Nacional de Estrangeiro (RNE) ou Comprovante de Situação Cadastral emitido pela Receita Federal (https://servicos.receita.fazenda.gov.br/servicos/cpf/consultasituacao/consultapublica.asp) são documentos aceitos para candidatos estrangeiros.,0.037,29.571,2201,85,0.5,0.9562368788270704,0.9999999999,0.0,0.4759933360122773
mistral,mistral,É permitido o uso de nome social durante o processo seletivo?,"Sim, candidatos travestis e transexuais podem solicitar o uso de nome social."," Sim, é permitido o uso de nome social durante o processo seletivo, mas é necessário preencher e assinar o formulário do Anexo VIII juntamente com a mãe, pai ou responsável pela/pelo menor. O formulário preenchido e assinado deverá ser encaminhado para o e-mail nome.social@ifrs.edu.br no período de ",0.039,28.99,1911,169,1.0,0.946341305184435,0.9999999999,1.0,0.3844108844137962
mistral,mistral,Como solicito a inclusão do meu nome social no cadastro?,A solicitação deve ser feita durante o preenchimento do formulário de inscrição.," Para solicitar o uso do seu Nome Social no Processo Seletivo 2026/1 do IFRS, você precisa preencher o formulário de Solicitação de Uso de Nome Social para Menor de Idade disponível no endereço https://cta.ifrs.edu.br/ps-formularios/formulario-nome-social-16/. No formulário, você precisa informar se",0.037,24.312,2054,244,1.0,0.896890574652937,0.9999999999,1.0,0.20128080625414618
mistral,mistral,O IFRS envia e-mails de confirmação após a conclusão da inscrição?,"Sim, o sistema envia confirmações automáticas para o e-mail cadastrado.", Não encontrei essa informação nos documentos.,0.037,24.064,1991,14,1.0,0.0,0.0,0.0,0.1987650931772184
mistral,mistral,O que devo fazer se não receber o e-mail de confirmação?,Verifique a caixa de spam ou acesse o sistema para confirmar o status da inscrição., Não encontrei essa informação nos documentos.,0.037,22.885,1900,14,0.0,0.0,0.9999999999,0.0,0.2011401200556522
mistral,mistral,Qual é a validade exigida para o documento de identidade (RG)?,O RG deve estar legível e permitir a identificação clara e atualizada do candidato.," O documento de identidade válido é a Carteira de Identidade emitida pelas Secretarias de Segurança Pública – Instituto de Identificação, pela Polícia Federal, pelos Comandos Militares, pela Polícia Militar e pelos órgãos ou conselhos fiscalizadores de exercício profissional. Além disso, o documento",0.037,33.171,2147,191,0.9230769230769231,0.8892745666131086,0.0,1.0,0.45501728731739827
mistral,mistral,CNH (Carteira Nacional de Habilitação) é aceita como identificação?,"Sim, a CNH dentro da validade é um documento de identificação oficial aceito."," Sim, a Carteira Nacional de Habilitação (CNH) é aceita como documento de identificação.",0.037,16.558,2032,28,1.0,0.9875978945600064,0.9999999999,1.0,0.9847559616255128
mistral,mistral,Posso usar a certidão de nascimento no lugar do RG para a matrícula?,"Não, a certidão de nascimento não substitui o documento de identidade com foto."," Sim, na seção ""CANDIDATOS COM 18 (DEZOITO) ANOS OU MAIS"" do documento, é mencionado que os candidatos com 18 anos ou mais podem apresentar a certidão de nascimento em lugar do RG para a matrícula.",0.038,27.328,2030,74,0.3333333333333333,0.9359665074372956,0.9999999999,1.0,0.22679706121467327
mistral,mistral,Documentos digitais oficiais (como e-Título) são válidos no processo?,"Sim, documentos digitais oficiais com QR Code de validação normalmente são aceitos."," Sim, documentos digitais oficiais como e-Título podem ser válidos no processo, desde que legíveis e autenticados. Porém, é importante notar que a matrícula não será efetuada caso haja documentos faltantes ou ilegíveis (6.7).",0.039,27.359,2015,76,0.6,0.958564000501598,0.9999999999,0.0,0.22606513651463805
mistral,mistral,Cópias autenticadas em cartório substituem o envio online dos originais?,"Não, o envio deve ser feito digitalizando os documentos originais diretamente no sistema.", Não encontrei essa informação nos documentos.,0.037,26.164,2147,14,1.0,0.0,0.0,0.0,0.20967968116241134
mistral,mistral,Preciso enviar fotos 3x4 no momento da pré-matrícula?,A necessidade de foto 3x4 depende das orientações específicas do edital de matrícula.," Sim, conforme o contexto fornecido, é imprescindível que a/o candidata/candidato tenha um documento oficial com foto para efetivação da matrícula.",0.058,26.268,2064,48,1.0,0.8814072225981006,0.9999999999,0.0,0.21817256644168156
mistral,mistral,Existe limite de idade máximo para ingressar nos cursos subsequentes?,Não há limite máximo de idade para ingressar nos cursos técnicos subsequentes.," Sim, existem limites de idade máximos para ingressar nos cursos subsequentes. Para os campos Porto Alegre e Erechim, o estudante precisa ter concluído o Ensino Médio até 29 de maio de 2026. (3.5)",0.037,25.619,1922,75,0.0,0.9133816032281705,0.9999999999,0.0,0.21279806135647827
mistral,mistral,Existe idade mínima para os cursos superiores de graduação?,"Não há limite de idade, mas é necessário ter concluído o Ensino Médio.", Não encontrei essa informação nos documentos.,0.036,17.68,1824,14,1.0,0.0,0.0,0.0,0.2121879440972472
mistral,mistral,O que é o período de interposição de recursos?,É o prazo oficial para contestar resultados preliminares ou decisões do processo.," O período para realização de recursos (pedidos de revisão, questionamentos) quanto ao gabarito das provas e resultado das comissões de heteroidentificação é entre 24 e 25/11/2025 e 28 a 30/11/2025.",0.037,29.476,2227,78,1.0,0.8790777790220249,0.9999999999,1.0,0.21766763827098554
mistral,mistral,Como devo enviar um recurso contra o resultado preliminar?,Os recursos devem ser submetidos exclusivamente pelo sistema eletrônico de ingresso.," O recurso será realizado pelo site ingresso.ifrs.edu.br, clicando em “Pré-Matrícula”.",0.036,26.672,2120,33,1.0,0.8688879171147653,0.9999999999,1.0,0.2123143807104138
mistral,mistral,Posso enviar recursos por e-mail diretamente ao campus?,"Não, recursos enviados por e-mail fora do sistema oficial não são analisados."," Sim, de acordo com o contexto fornecido, é possível enviar recursos por e-mail diretamente ao campus. Isso é mencionado no item 17.3.2 do contexto.",0.035,24.105,1879,53,0.0,0.9706418671503741,0.9999999999,0.0,0.2144674738688728
mistral,mistral,Qual é o prazo padrão para análise e resposta dos recursos?,O prazo exato de resposta está previsto no cronograma oficial do edital.," O prazo padrão para análise e resposta dos recursos, quanto ao gabarito das provas e resultado das comissões de heteroidentificação, é entre 24 e 25/11/2025 e 14 a 17/02/2026.",0.036,30.955,2307,76,0.25,0.9425722811823197,0.9999999999,1.0,0.21279555665327948
mistral,mistral,"Se meu recurso for negado, posso recorrer novamente?","Não, a decisão após a análise do recurso é definitiva na esfera administrativa."," Sim, conforme o cronograma que consta no item 2, o candidato/candidata que tiver sua autodeclaração não confirmada pela Comissão de Heteroidentificação poderá entrar com recurso dentro do prazo que consta no cronograma. O recurso será realizado pelo link do Sistema de Pré-Matricula disponibilizado ",0.039,23.981,2078,106,1.0,0.8708923435453848,0.0,0.0,0.20829629985050657
mistral,mistral,Candidatos de outras cidades podem concorrer às vagas de Ibirubá?,"Sim, o processo seletivo é aberto a candidatos de qualquer município do país.", Não encontrei essa informação nos documentos.,0.045,25.851,2086,14,1.0,0.0,0.0,0.0,0.20343236898896133
mistral,mistral,Há alojamento ou moradia estudantil oferecida pelo campus?,"Não, o IFRS Campus Ibirubá não possui alojamento ou moradia estudantil própria.", Não encontrei essa informação nos documentos.,0.041,22.923,1909,14,1.0,0.0,0.0,0.0,0.580974072397778
mistral,mistral,O campus oferece auxílio estudantil ou bolsas de permanência?,"Sim, o IFRS possui programas de auxílio baseados em critérios socioeconômicos.", Não encontrei essa informação nos documentos.,0.038,22.703,1904,14,1.0,0.0,0.0,0.0,0.20830290869104445
mistral,mistral,Quando abrem os editais para solicitação de auxílio estudantil?,Os editais de assistência abrem após o início do semestre letivo., Não encontrei essa informação nos documentos.,0.037,22.68,1887,14,1.0,0.0,0.0,0.0,0.20504746967861012
mistral,mistral,Posso aproveitar disciplinas já cursadas em outra instituição?,"Sim, após a matrícula você pode solicitar aproveitamento mediante análise."," Não, é proibida a matrícula em mais de um curso superior (de graduação) em instituições públicas ou instituição privadas com bolsa de estudo Prouni. A/O candidata/candidato deverá cancelar sua matrícula em outro curso superior em outra instituição (8.9.1).",0.041,26.078,1927,87,0.75,0.87203945715686,0.0,0.0,0.21181414951590982
mistral,mistral,Como solicito o aproveitamento de estudos após a matrícula?,A solicitação é feita na secretaria com o histórico e ementas das disciplinas.," Para solicitar o aproveitamento de estudos após a matrícula, não há informações específicas no contexto fornecido sobre como fazer isso. É possível que você precise consultar a página do IFRS ou entrar em contato com eles para obter mais informações.",0.036,25.343,1904,77,0.3333333333333333,0.0,0.0,0.0,0.19715622065255628
mistral,mistral,A documentação de matrícula pode ser entregue presencialmente?,"Não, o envio da documentação de pré-matrícula ocorre de forma totalmente eletrônica."," Sim, se o candidato não tiver acesso à internet, computador ou precisar de ajuda, poderá comparecer ao campus dentro do prazo para envio da documentação (15.4). Além disso, se houver necessidade, o candidato poderá ser convocado para apresentar e conferir os documentos originais (6.8).",0.036,26.869,1990,86,0.8333333333333334,0.8712636328211695,0.0,0.0,0.21153868912869386
mistral,mistral,Qual o formato de arquivo exigido para o envio dos documentos?,"Os documentos geralmente devem ser anexados em formato PDF, JPG ou PNG.", Não encontrei essa informação nos documentos.,0.036,23.45,1931,14,0.0,0.0,0.0,0.0,0.2104391948380765
mistral,mistral,Qual o tamanho máximo permitido para os arquivos anexados no sistema?,O limite de tamanho por arquivo é estipulado pelo sistema de envio., Não encontrei essa informação nos documentos.,0.036,23.457,1946,14,0.0,0.0,0.0,0.0,0.20197819805822126
mistral,mistral,O que faço se o sistema de inscrições apresentar instabilidade?,"Tente acessar em outro navegador, limpe o cache ou aguarde a normalização.", Não encontrei essa informação nos documentos.,0.037,18.729,1871,14,1.0,0.0,0.0,0.0,0.20531666023425335
mistral,mistral,É possível trancar a matrícula logo no primeiro semestre?,"Geralmente o trancamento no primeiro semestre não é permitido, salvo exceções legais."," Sim, é possível trancar a matrícula logo no primeiro semestre, conforme o cronograma disponível na página ingresso.ifrs.edu.br. A análise da documentação de matrícula será realizada em duas etapas: Primeira Chamada (Sorteio e Prova) e Chamada Pública (Sorteio e Prova). Após o envio da documentação,",0.038,32.32,1970,225,0.7777777777777778,0.9532969515505846,0.0,0.0,0.21013789067244978
mistral,mistral,Cursos técnicos subsequentes exigem estágio obrigatório para conclusão?,"Sim, a maioria dos cursos exige o cumprimento de estágio curricular obrigatório."," Sim, os cursos técnicos subsequentes ao ensino médio listados no contexto exigem um estágio obrigatório para sua conclusão.",0.039,23.175,1848,40,0.5,0.9669491020513449,0.9999999999,0.0,0.7376679219569267
mistral,mistral,Os cursos de graduação do campus exigem Trabalho de Conclusão de Curso?,"Sim, o TCC é um componente curricular obrigatório para formatura nas graduações.", Não encontrei essa informação nos documentos.,0.037,22.543,1870,14,0.5,0.0,0.0,0.0,0.20162166526125458
mistral,mistral,Posso transferir meu curso para outro campus do IFRS futuramente?,"Sim, mediante editais internos de transferência e caso haja vaga disponível.", Não encontrei essa informação nos documentos.,0.038,23.464,1956,14,0.0,0.0,0.0,0.0,0.20340863566340384
mistral,mistral,A matrícula deve ser renovada a cada novo semestre?,"Sim, a rematrícula é obrigatória a cada semestre para manter o vínculo.", Não encontrei essa informação nos documentos.,0.035,23.441,1941,14,0.5,0.0,0.0,0.0,0.20187492686782726
mistral,mistral,O que ocorre se eu não renovar a matrícula no prazo estipulado?,O estudante perde o vínculo e tem a sua matrícula cancelada por abandono.," Não será aceito, para matrícula, o candidato que não renová-la no prazo estabelecido. (17.3.1)",0.038,24.744,1996,37,0.0,0.9417370432449547,0.9999999999,1.0,0.21429451545108216
mistral,mistral,Como funciona a reclassificação de vagas não preenchidas?,As vagas são repassadas aos próximos da lista de espera por ordem de classificação.," As vagas não preenchidas mudarão para outras cotas seguindo a sequência abaixo até serem preenchidas: Cota 2 → Cota 4 → Cota 3 → Cota 5 → Cota 6 → Cota 8 → Cota 7 → Cota 9 → Cota 1. Se houver mais vagas destinadas a uma cota que candidatas/candidatos inscritos nesta cota, as vagas que sobrarem pass",0.038,31.668,1903,242,0.9285714285714286,0.9078186064770862,0.9999999999,1.0,0.2054477600928475
mistral,mistral,Candidatos que zeraram a redação do Enem podem usar a nota?,"Não, zerar qualquer prova ou a redação desclassifica o candidato pelo Enem."," Não, candidatos que zeraram a redação do Enem não podem utilizar a nota para fins de classificação no processo seletivo. (13.2.3 e 13.3)",0.036,24.933,1929,52,1.0,0.9716630151935457,0.9999999999,1.0,0.60709228893472
mistral,mistral,Qual o critério de desempate caso dois candidatos tenham a mesma nota?,Os critérios de desempate geralmente priorizam candidatos de maior idade.," O critério de desempate para os cursos de graduação será pela maior pontuação na Prova de Redação, a maior nota obtida em Linguagens, Códigos e suas Tecnologias, Matemática e suas Tecnologias, Ciências da Natureza e suas Tecnologias, Ciências Humanas e suas Tecnologias, nesta ordem.",0.036,28.525,2018,105,1.0,0.8981524984402448,0.9999999999,0.0,0.2223827435278899
mistral,mistral,Pessoas trans devem passar por banca de heteroidentificação?,"Não, a banca avalia apenas quem concorre nas cotas raciais para pretos e pardos."," Sim, pessoas trans devem passar pela banca de heteroidentificação.",0.036,21.593,1759,22,0.0,0.9922809969426143,0.9999999999,0.0,0.22082874208850875
mistral,mistral,A renda per capita é calculada com base no salário bruto ou líquido?,A renda familiar per capita é calculada com base na renda bruta mensal., O contexto não fornece informações específicas sobre se a renda per capita é calculada com base no salário bruto ou líquido.,0.036,20.169,1610,38,1.0,0.0,0.9999999999,1.0,0.22469368397629905
mistral,mistral,Estágio remunerado conta na composição da renda familiar para cotas?,"Sim, valores recebidos como bolsa de estágio entram no cômputo da renda familiar.", Não encontrei essa informação nos documentos.,0.041,22.845,1887,14,1.0,0.0,0.0,0.0,0.2028345000183288
mistral,mistral,Membros da família que moram em outra casa entram no cálculo de renda?,"Não, apenas pessoas que residem sob o mesmo teto e compartilham rendas entram no cálculo.", Não encontrei essa informação nos documentos.,0.041,26.06,2155,14,0.0,0.0,0.9999999999,0.0,0.2075910356223864
mistral,mistral,Posso alterar o e-mail cadastrado após finalizar a inscrição?,A alteração deve ser feita no sistema durante o período permitido pelo edital., Não encontrei essa informação nos documentos.,0.035,22.378,1864,14,1.0,0.0,0.9999999999,0.0,0.20361770112989747
mistral,mistral,É obrigatório apresentar título de eleitor na matrícula?,"Sim, a certidão de quitação eleitoral é exigida para a matrícula de maiores de 18 anos.", Não encontrei essa informação nos documentos fornecidos.,0.035,23.409,1931,18,1.0,0.0,0.0,0.0,0.20196807669161737
mistral,mistral,Homens maiores de 18 anos precisam de comprovante militar?,"Sim, a regularidade militar é obrigatória para candidatos homens maiores de 18 anos."," Sim, homens maiores de 18 anos que não são indígenas precisam apresentar o Comprovante de quitação com o Serviço Militar. Os candidatos que completam 18 anos no ano de ingresso ficam condicionados a apresentar o comprovante até o prazo de inscrição no Serviço Militar (alistamento).",0.04,26.845,1997,90,1.0,0.9267148796307044,0.9999999999,1.0,0.5235302063734546
mistral,mistral,Onde encontro o cronograma completo com todas as datas do edital?,O cronograma completo está disponível nos anexos do edital no site de ingresso do IFRS., O cronograma completo com todas as datas do edital pode ser encontrado no site ingresso.ifrs.edu.br.,0.037,27.785,2217,35,1.0,0.0,0.9999999999,1.0,0.6136361308125007
gemma,gemma2:27b,Quais são os cursos técnicos integrados ao Ensino Médio ofertados no Campus Ibirubá?,"Os cursos técnicos integrados ao Ensino Médio ofertados no campus são o Técnico em Agropecuária, Técnico em Informática e Técnico em Mecânica.",Técnico em Agropecuária.  ,5.56,80.373,1615,10,1.0,0.7978118897115184,0.9999999999,0.25,0.7194469965619703
gemma,gemma2:27b,Quais são os turnos de funcionamento dos cursos técnicos integrados?,"O funcionamento dos cursos técnicos integrados ocorre nos turnos da manhã e da tarde (turno integral), com duração prevista de 3 anos.",Os cursos técnicos integrados ao ensino médio funcionam nos turnos manhã e tarde.  ,0.079,71.531,1420,18,0.0,0.9635296044289362,0.9999999999,1.0,0.4876545198954709
gemma,gemma2:27b,Quais são os cursos técnicos subsequentes ao Ensino Médio disponíveis no Campus Ibirubá?,"Na modalidade subsequente, estão disponíveis os cursos de Técnico em Eletrotécnica e Técnico em Mecânica.",Técnico em Mecânica e Técnico em Eletrotécnica.  ,0.039,78.969,1615,17,1.0,0.8865395165134711,0.9999999999,1.0,0.9814965433314389
gemma,gemma2:27b,Em qual turno ocorrem as aulas dos cursos subsequentes?,"As aulas dos cursos técnicos subsequentes acontecem no turno da noite, com duração de 4 semestres.",As aulas dos cursos técnicos subsequentes ao ensino médio ocorrem no turno **noite**.  ,0.041,72.743,1472,21,0.0,0.9593433145425158,0.9999999999,0.0,0.7326247141846527
gemma,gemma2:27b,Quais são os cursos superiores de graduação ofertados no Campus Ibirubá?,"O campus oferece os seguintes cursos superiores de graduação: Bacharelado em Agronomia, Bacharelado em Engenharia Mecânica, Bacharelado em Ciência da Computação e Licenciatura em Matemática.","Bacharelado em Agronomia, Bacharelado em Engenharia Mecânica, Bacharelado em Ciência da Computação e Licenciatura em Matemática.  ",0.039,86.438,1618,41,1.0,0.912057520777497,0.9999999999,1.0,0.9817767843906415
gemma,gemma2:27b,Qual é a duração e os turnos dos cursos de Agronomia e Engenharia Mecânica no campus?,"O curso de Agronomia ocorre nos turnos da manhã e da tarde com duração de 10 semestres. O curso de Engenharia Mecânica é ofertado no turno da noite, também com duração de 10 semestres.",Bacharelado em Agronomia tem duração de 10 semestres e é oferecido nos turnos Manhã e Tarde. Não há informações sobre cursos de Engenharia Mecânica no contexto fornecido.   ,0.041,82.524,1514,47,1.0,0.9489326723797835,0.9999999999,0.5,0.426899414186531
gemma,gemma2:27b,Qual é a duração e os turnos de Ciência da Computação e Licenciatura em Matemática?,"O curso de Ciência da Computação ocorre à noite com duração de 9 semestres, enquanto a Licenciatura em Matemática também acontece no turno da noite com duração de 8 semestres.","Licenciatura em Matemática: turno Noite, 8 semestres.  Ciência da Computação não está listada no documento fornecido.  ",0.043,79.255,1529,35,1.0,0.9512408380689469,0.0,0.5,0.6644395346881498
gemma,gemma2:27b,Os cursos ofertados pelo IFRS Campus Ibirubá são pagos?,"Não. Todos os cursos oferecidos no IFRS são 100% gratuitos, não havendo cobrança de mensalidades ou taxas de matrícula.",Não encontrei essa informação nos documentos.  ,0.04,72.58,1501,11,0.5,0.0,0.9999999999,0.0,0.19389813443364445
gemma,gemma2:27b,Qual o valor da taxa de inscrição para os cursos técnicos integrados?,"A taxa de inscrição para os cursos técnicos na modalidade integrada é de R$ 60,00.","R$ 70,00 (setenta reais).  ",0.043,68.297,1369,16,0.5,0.8391933737192163,0.0,0.0,0.2067707766371169
gemma,gemma2:27b,Quanto custa a inscrição para os cursos técnicos subsequentes?,"O custo é de R$ 20,00.","R$ 70,00 (setenta reais)  ",0.04,71.19,1439,16,0.6666666666666666,0.8304951772422211,0.0,0.0,0.2181353091833941
gemma,gemma2:27b,Qual é o custo da inscrição para concorrer a uma vaga em curso de graduação?,"Se o candidato optar por concorrer via Exame de Seleção (prova), a taxa é de R$ 80,00. Caso a opção seja via nota do ENEM, a taxa é de R$ 20,00.","R$ 100,00.  ",0.038,67.517,1377,13,1.0,0.8042010247560902,0.0,0.0,0.21482721350008316
gemma,gemma2:27b,Como deve ser efetuado o pagamento da taxa de inscrição?,"O pagamento deve ser realizado por meio de boleto bancário gerado ao final da inscrição, pagável na rede bancária ou via internet banking.","Ao final da inscrição, será gerado um boleto para pagamento da taxa de inscrição.  ",0.042,69.451,1388,20,1.0,0.8789522973377969,0.9999999999,1.0,0.6580492630925977
gemma,gemma2:27b,Até quando posso pagar a taxa de inscrição?,O boleto deve ser pago impreterivelmente até o prazo limite definido no cronograma oficial do edital correspondente.,A/o candidata/candidato tem até o dia 13 de outubro de 2025 para realizar o pagamento da taxa de inscrição.  ,0.04,76.415,1418,35,1.0,0.9577220302428748,0.9999999999,1.0,0.2175588436350177
gemma,gemma2:27b,Posso modificar os dados da minha inscrição (como a opção de curso ou campus) após concluí-la?,"Sim, no entanto, após a finalização da inscrição, qualquer alteração exige que o candidato realize uma nova inscrição dentro do prazo regulamentar para que os novos dados sejam computados.",Não será realizada troca de curso ou de cota após o período de inscrição.  ,0.039,66.975,1356,19,1.0,0.9136161984309848,0.9999999999,1.0,0.2111020017792799
gemma,gemma2:27b,É possível me inscrever em mais de um curso no mesmo edital do IFRS?,Não. É permitido realizar apenas uma única inscrição por candidato em cada edital.,"Não é permitida a inscrição por pessoa em mais de um curso de cada modalidade (Integrado, EJA, Concomitante, Subsequente, Concomitante/Subsequente e Graduação).  ",0.039,79.819,1440,48,1.0,0.8974684013049631,0.9999999999,1.0,0.5888454585818625
gemma,gemma2:27b,Há devolução do valor pago na taxa de inscrição se eu desistir de participar?,"Não. O valor pago na taxa de inscrição não é reembolsável sob nenhuma circunstância, exceto se houver cancelamento do certame por parte do IFRS.",Não haverá o reembolso (devolução) do pagamento da taxa de inscrição cancelada.  ,0.04,72.416,1409,21,0.5,0.9030681581396717,0.9999999999,1.0,0.7188049061670522
gemma,gemma2:27b,Quem tem direito a solicitar a isenção do pagamento da taxa de inscrição?,"Têm direito à isenção os candidatos com renda familiar bruta mensal de até 1 salário mínimo per capita (R$ 1.412,00) que estejam regularmente registrados no CadÚnico como baixa renda.","Pessoas cadastradas no CadÚnico como pertencente a família de baixa renda. Família de baixa renda é a que recebe até 1 salário mínimo por pessoa (R$ 1.518,00) por mês.     ",0.038,77.797,1371,51,1.0,0.8266177265797251,0.9999999999,1.0,0.4416387551916868
gemma,gemma2:27b,O cadastro do CadÚnico precisa ter alguma atualização recente?,Sim. O cadastro do candidato no CadÚnico deve estar obrigatoriamente atualizado nos últimos 2 anos.,"Sim, somente serão aceitos cadastros atualizados nos últimos 2 anos.  ",0.042,75.23,1538,19,1.0,0.8784376420786744,0.9999999999,1.0,0.7252680827185537
gemma,gemma2:27b,Onde realizo a solicitação de isenção de taxa?,"A solicitação deve ser realizada exclusivamente via internet, na página de ingressos do IFRS (ingresso.ifrs.edu.br).","Para solicitar a isenção, o candidato deve acessar o endereço https://cadunico.dataprev.gov.br e clicar no botão onde diz: “Entrar com o gov.br”. Após realizar o login (acesso), utilizar a opção “Consulta ao Formulário”. É preciso gerar o Extrato de Consulta Completa e salvar no computador ou celula",0.042,105.086,1331,159,1.0,0.9117442838003963,0.9999999999,1.0,0.5890631407529476
gemma,gemma2:27b,A isenção pode ser solicitada por mais de um membro do mesmo núcleo familiar?,"Sim. A isenção é um benefício de caráter estritamente individual, e cada integrante da mesma família que deseja concorrer deve fazer a sua própria solicitação.","Sim, se mais de uma pessoa de uma mesma família fizer a inscrição no processo seletivo, cada uma deverá solicitar o não pagamento da taxa de inscrição.     ",0.039,70.739,1336,34,1.0,0.916453677314565,0.9999999999,1.0,0.7202547028185227
gemma,gemma2:27b,"Se minha isenção de taxa for aprovada (deferida), já estou inscrito no Processo Seletivo?","Não. O candidato que teve a isenção aceita deve, obrigatoriamente, entrar no sistema e realizar a inscrição no curso desejado para gerar o comprovante de isento.","Não, mesmo se sua solicitação de isenção for deferida, você ainda precisará realizar a inscrição de 24 de setembro de 2025 até o dia 12 de outubro de 2025.     ",0.039,77.993,1375,52,1.0,0.8837097127782036,0.9999999999,1.0,0.7793866609357354
gemma,gemma2:27b,O IFRS pode solicitar documentos de comprovação de renda para quem foi isento?,"Sim. O IFRS pode conferir e auditar as informações prestadas, e o candidato que prestar declarações falsas está sujeito a responder legalmente e ser eliminado do processo.",Não encontrei essa informação nos documentos.  ,0.04,64.773,1322,11,1.0,0.0,0.9999999999,1.0,0.19584245625632093
gemma,gemma2:27b,Qual o sistema utilizado para o ingresso nos cursos técnicos integrados de Ibirubá?,O sistema de ingresso para os cursos técnicos integrados em Ibirubá é realizado por meio de Exame de Seleção (prova objetiva presencial).,Prova.,0.039,75.967,1632,3,1.0,0.0,0.9999999999,1.0,0.7024408618699401
gemma,gemma2:27b,Como são distribuídas as vagas para os cursos técnicos subsequentes de Ibirubá?,As vagas da modalidade subsequente são preenchidas por meio de Sorteio Público ou classificação pela nota do ENEM.,"As vagas para os cursos técnicos subsequentes em Ibirubá são distribuídas entre diferentes cotas, com número específico de vagas para cada uma. As cotas são:  * **C1:** Reserva Ensino Público - Renda igual ou inferior a 1 salário mínimo * **C2:** Independente de Renda * **C3:** Renda igual ou inferi",0.039,162.18,1631,310,1.0,0.9463786807900252,0.9999999999,1.0,0.20480897189531505
gemma,gemma2:27b,Quais os meios para ingressar em um curso de graduação superior em Ibirubá?,Os ingressos para os cursos superiores de graduação em Ibirubá ocorrem via Exame de Seleção (prova com redação) ou utilizando a nota do ENEM.,"Segundo o texto fornecido, existem duas formas de ingresso nos cursos de graduação superior em Ibirubá:  * **Processo Seletivo**: O processo seletivo é a principal forma de ingresso. As inscrições são realizadas online no período de 04 de novembro de 2025 às 18 de novembro de 2025, através do site i",0.04,106.276,1579,121,0.5,0.9650492461611185,0.9999999999,1.0,0.22418932328836208
gemma,gemma2:27b,"Se eu escolher o ENEM para a graduação, posso usar notas de ""treineiro""?","Não. As notas do ENEM obtidas na condição de ""treineiro"" não são validadas para a classificação de vagas.",Não serão consideradas notas do Enem realizado como “treineiros”.  ,0.038,71.306,1452,17,1.0,0.9342124567304038,0.9999999999,1.0,0.980245552694408
gemma,gemma2:27b,O que fazer se eu precisar de acessibilidade ou condições especiais no dia da prova?,O candidato deve indicar sua necessidade no Formulário de Solicitação de Condição Especial (Anexo II/IV/V) disponível no sistema no momento da inscrição.,"Caso necessite de algum(ns) dos atendimentos especiais listados abaixo, assinale a(s) alternativa(s) correspondente(s)   * Acesso facilitado em função de dificuldade de locomoção ou uso de cadeira de roda. * Mesa adequada a uma cadeira de rodas. * Cadeira e mesa adequadas à minha estatura ou amputaç",0.043,140.613,1395,279,1.0,0.0,0.9999999999,0.0,0.20913104284348158
gemma,gemma2:27b,Quais apoios especiais podem ser solicitados para o dia da avaliação?,"Podem ser solicitados auxílios como tempo adicional de prova, apoio de ledores ou transcritores, salas de fácil acesso e atendimento específico para lactantes.",A/O candidata/candidato poderá solicitar:  * **Acesso facilitado em função de dificuldade de locomoção ou uso de cadeira de rodas.** * **Mesa adequada a uma cadeira de rodas.** * **Cadeira e mesa adequadas à minha estatura ou amputação.** * **Realização da prova em ambiente com poucas pessoas.** * *,0.039,142.088,1424,275,1.0,0.8965655358525729,0.9999999999,1.0,0.4036154141365923
gemma,gemma2:27b,Quantas vagas são destinadas à reserva de vagas para escolas públicas?,Pelo menos 50% das vagas totais de cada curso são reservadas exclusivamente para estudantes egressos de escolas públicas.,Não encontrei essa informação nos documentos.  ,0.042,72.368,1513,11,nan,0.0,0.9999999999,0.0,0.2034506147316154
gemma,gemma2:27b,O que define se posso concorrer como egresso de escola pública?,É elegível o candidato que comprovar ter cursado integralmente todo o Ensino Fundamental (para cursos técnicos) ou todo o Ensino Médio (para cursos superiores) em instituições públicas de ensino.,"Para concorrer como egresso de escola pública, você precisa ter cursado integralmente o Ensino Médio em uma escola pública.   ",0.043,69.773,1357,29,1.0,0.9426115685877906,0.9999999999,1.0,0.22709031867023877
gemma,gemma2:27b,"Se estudei com bolsa integral em escola particular, posso concorrer às vagas reservadas?","Não. Quem estudou em escola particular, mesmo que sob a condição de bolsista integral, não possui o direito de concorrer às cotas destinadas a escolas públicas.","Não, você não poderá concorrer às vagas reservadas. O item 1.14.4 afirma que ""não poderão concorrer às vagas reservadas [...] as/os candidatas/candidatos que tenham cursado, em algum momento, parte do Ensino Fundamental (para os Cursos Técnicos) ou parte do Ensino Médio (para os Cursos de Graduação)",0.039,92.309,1443,94,1.0,0.9459712801156286,0.9999999999,1.0,0.604012386770227
gemma,gemma2:27b,Como funciona a comprovação de renda para as cotas destinadas à baixa renda?,"A comprovação de renda é baseada nos dados do candidato cadastrados no CadÚnico, exigindo-se a apresentação do Extrato de Consulta Completa.",Documentos de renda e Avaliação socioeconômica.  ,0.038,70.575,1472,14,1.0,0.0,0.9999999999,0.0,0.2136450988200381
gemma,gemma2:27b,"O que são as vagas destinadas ao grupo PPIQ (Pretos, Pardos, Indígenas e Quilombolas)?","São as cotas voltadas para candidatos egressos de escola pública que se autodeclarem Pretos, Pardos, Indígenas ou Quilombolas.","As vagas destinadas ao grupo PPIQ (Pretos, Pardos, Indígenas e Quilombolas) são a Cota 3 e a Cota 6.    A Cota 3 é para candidatos que se autodeclaram negros/negras (pretos/pretas, pardos/pardas), indígenas ou quilombolas (PPIQ), cursando integralmente o Ensino Fundamental ou Médio em escola pública",0.041,118.025,1497,175,1.0,0.936642216803191,0.9999999999,1.0,0.722174816837645
gemma,gemma2:27b,Quem pode concorrer na Cota 10 (destinada a Pessoas com Deficiência - PcD)?,"A Cota 10 (C10) é reservada exclusivamente para Pessoas com Deficiência (PcD), independentemente de renda ou de terem estudado em escola pública.","Pessoa com Deficiência (PcD) , que tenha cursado integralmente o Ensino Fundamental (Cursos Técnicos) ou Ensino Fundamental (Cursos de Graduação) em escola pública, independente de renda.  ",0.04,81.925,1523,45,0.25,0.8983952351219587,0.9999999999,0.0,0.4167920724665496
gemma,gemma2:27b,O que acontece se as vagas PcD não forem preenchidas por falta de candidatos?,"As vagas reservadas a PcD que não forem preenchidas por falta de candidatos são remanejadas para outras cotas ou destinadas ao Acesso Universal (Cota 1), dependendo da ordem descrita no edital.",Não encontrei essa informação nos documentos.  ,0.038,69.849,1454,11,1.0,0.0,0.9999999999,0.0,0.19965254578362418
gemma,gemma2:27b,O que o candidato aprovado por cota de escola pública precisa assinar na matrícula?,O candidato aprovado por cota de escola pública deve assinar eletronicamente a Declaração de Não Ter Estudado em Escolas Particulares.,Não encontrei essa informação nos documentos.  ,0.039,69.831,1433,11,0.0,0.0,0.0,0.0,0.2022389761010152
gemma,gemma2:27b,Quais documentos específicos devem ser enviados por candidatos indígenas aprovados?,É necessário anexar a Autodeclaração de membro de Comunidade Indígena (Anexo VII/IX) junto ao RANI ou à Declaração de Membro assinada por liderança da comunidade indígena (Anexo VIII/X).,"A/o candidata/candidato autodeclarada/autodeclarado indígena deverá preencher a autodeclaração de candidata/candidato indígena, que se encontra no Anexo VII e enviar cópia do Registro Administrativo de Nascimento de Indígena (RANI) ou de declaração de pertença a grupo étnico indígena emitida por lid",0.04,89.444,1464,83,1.0,0.0,0.9999999999,1.0,0.8596339071746002
gemma,gemma2:27b,Qual o documento necessário para candidatos que concorrem a vagas reservadas a Quilombolas?,O candidato deve enviar a Declaração de pertencimento quilombola (Anexo IX/XI) assinada por 3 lideranças (com cópias de seus documentos) e o documento de reconhecimento emitido pela Fundação Cultural Palmares.,"A/o candidata/candidato autodeclarada/autodeclarado quilombola deverá enviar pelo Sistema de Pré-Matrícula: I. declaração expedida pela Fundação Cultural Palmares na qual conste o reconhecimento oficial do quilombo do qual o candidato pertença ou, para quilombos em processo de reconhecimento, docume",0.04,117.804,1456,186,0.75,0.928797712831758,0.9999999999,1.0,0.6959680920512368
gemma,gemma2:27b,"O que acontece se eu enviar documentos apagados, cortados ou incompletos?","O candidato que enviar documentação ilegível, rasurada ou incompleta terá sua matrícula indeferida automaticamente.","""Todos os documentos enviados eletronicamente devem estar legíveis.""  ",0.039,73.748,1474,16,1.0,0.8747122305487296,0.9999999999,1.0,0.21776935285693916
gemma,gemma2:27b,E se a escola ainda não tiver emitido meu Certificado de Conclusão na data da matrícula?,"É aceito o envio de uma Declaração provisória de provável conclusão emitida pela escola. A matrícula será homologada de forma condicional, devendo o certificado oficial ser apresentado na data limite estabelecida.","Sua matrícula será realizada de forma condicional, devendo apresentar o Certificado de Conclusão do Ensino Médio até 29 de maio de 2026.  ",0.04,68.284,1253,37,1.0,0.9093848329954988,0.9999999999,1.0,0.46790003232298016
gemma,gemma2:27b,O que é o processo de Heteroidentificação?,É o procedimento presencial de verificação para confirmar a veracidade da autodeclaração prestada por candidatos pretos ou pardos.,O processo de heteroidentificação visa verificar a autodeclaração racial de candidatos negros (pretas/pretos e pardas/pardos) que se inscreveram no IFRS.  Candidatos nessas condições devem ter sua autodeclaração confirmada por uma comissão de heteroidentificação do IFRS.  ,0.041,89.311,1523,71,1.0,0.9395933617479899,0.9999999999,1.0,0.6715843592772117
gemma,gemma2:27b,Quais são os critérios que a banca utiliza para avaliar o candidato?,"A banca baseia-se exclusivamente nos critérios fenotípicos (características físicas visíveis do candidato, tais como traços faciais, cabelo e cor da pele).",Não encontrei essa informação nos documentos.  ,0.042,72.688,1518,11,0.0,0.0,0.0,0.0,0.20461056206801254
gemma,gemma2:27b,Posso levar fotos ou a minha certidão de nascimento para provar minha ascendência?,"Não. Fotos antigas, documentos civis ou histórico de herança genética familiar de parentes não são considerados na avaliação da banca.",Não encontrei essa informação nos documentos.  ,0.041,73.193,1538,11,1.0,0.0,0.0,0.0,0.20352432657099756
gemma,gemma2:27b,Menores de 18 anos precisam de alguma autorização para filmagem do processo?,"Sim. No ato de matrícula, candidatos menores de 18 anos devem apresentar a Autorização de Uso de Imagem (Anexo VIII/IX) devidamente assinada por seus pais ou responsáveis legais.","Sim, menores de 18 anos precisam da assinatura de um responsável no documento de autorização.   ",0.039,77.349,1545,23,1.0,0.9272985009631204,0.9999999999,1.0,0.5291329772063615
gemma,gemma2:27b,O que ocorre se eu for convocado e não comparecer à banca de heteroidentificação?,"O candidato ausente ou que não tiver sua autodeclaração validada pela banca perde a vaga da cota e é reclassificado para as vagas de Acesso Universal (Cota 1), caso possua classificação suficiente.",Não será marcada outra data para comparecimento caso a/o candidata/candidato alegue desconhecimento da data e horário ou impossibilidade pessoal para o não comparecimento.    ,0.044,80.021,1481,38,1.0,0.8845320686359998,0.9999999999,0.0,0.21420629109965902
gemma,gemma2:27b,Onde são publicadas as listas de classificados e chamadas para matrícula?,"Todas as listas, editais de resultados e convocações são divulgadas na internet, no site oficial de ingressos: ingresso.ifrs.edu.br.",As publicações das listas de classificados e chamadas para matrícula são realizadas no site ingresso.ifrs.edu.br.  ,0.042,74.75,1461,29,1.0,0.9650907332923817,0.9999999999,1.0,0.6081496606176858
gemma,gemma2:27b,"O que é e quem participa da ""Chamada Pública""?","A ""Chamada Pública"" é um chamamento eletrônico ou presencial realizado para preencher vagas que restaram sem matrícula após as etapas regulares, convocando candidatos suplentes por ordem de classificação.","A Chamada Pública é a última chamada para matrícula. Ela ocorre após a primeira chamada para o preenchimento das vagas que ainda não foram ocupadas. Para os cursos que houver a Chamada Pública, participarão todas/todos as/os candidatas/candidatos que ainda não foram chamadas/chamados na primeira cha",0.042,90.07,1398,96,1.0,0.9232205223453571,0.9999999999,1.0,0.6032817404080657
gemma,gemma2:27b,Ter o nome listado na Chamada Pública garante a vaga no curso?,Não. Estar na lista de convocados e enviar os documentos na Chamada Pública apenas gera expectativa de direito. O preenchimento ocorre estritamente pela ordem de classificação dos candidatos habilitados até o limite de vagas disponíveis.,"Não, a publicação do nome da/do candidata/candidato na Chamada Pública e o envio da documentação não garantem à/ao candidata/candidato à vaga no curso e a efetivação da matrícula.    ",0.039,80.288,1440,50,1.0,0.9365405506382424,0.9999999999,1.0,0.6471015645049045
gemma,gemma2:27b,Posso manter vínculos ativos de matrícula em mais de um curso de graduação?,Não. É expressamente proibido por lei federal que um estudante ocupe concomitantemente duas vagas de cursos de graduação em quaisquer instituições públicas de ensino superior do país.,"Não, é proibida a matrícula em mais de um curso superior (de graduação) em instituições públicas ou instituição privadas com bolsa de estudo Prouni.  ",0.044,75.985,1423,34,1.0,0.8821960828561002,0.9999999999,1.0,0.655161896278883
gemma,gemma2:27b,"O que acontece se eu for matriculado, mas faltar aos primeiros dias letivos?",O estudante regularmente matriculado que faltar aos primeiros dias letivos (conforme limite estipulado em edital) sem justificativa formal de ausência aceita pelo campus terá sua matrícula cancelada por abandono.,"De acordo com o artigo 20.1 da seção 20 DAS DISPOSIÇÕES GERAIS E FINAIS, a matrícula do estudante que não comparecer, injustificadamente, aos 6 (seis) primeiros dias de efetivo trabalho acadêmico, do primeiro período letivo do curso, será cancelada, exceto para os ingressantes por transferência ou i",0.039,93.944,1539,86,1.0,0.9300331032063843,0.9999999999,1.0,0.3769673743797388
gemma,gemma2:27b,É obrigatório possuir conta no portal gov.br para se inscrever?,"Sim, o acesso ao sistema de inscrições exige uma conta ativa no portal gov.br.","Sim, é obrigatório possuir conta no portal gov.br para se inscrever.  A/o candidata/candidato, ao acessar o sistema de inscrição do IFRS, será direcionado ao portal gov.br para autenticar-se com seu CPF e senha. Caso ainda não tenha cadastro no portal, ao digitar o CPF na página de login, a/o candid",0.042,92.373,1452,94,0.8,0.9555338197067267,0.9999999999,1.0,0.6467257911565676
gemma,gemma2:27b,Qual nível de conta gov.br é exigido para a inscrição?,"Geralmente são aceitas contas níveis bronze, prata ou ouro para o acesso básico.",Não encontrei essa informação nos documentos.  ,0.04,69.855,1469,11,1.0,0.0,0.0,0.0,0.2025141774619695
gemma,gemma2:27b,Posso usar o CPF dos meus pais para fazer a minha inscrição?,"Não, a inscrição deve ser feita obrigatoriamente com o CPF do próprio candidato.",Não encontrei essa informação nos documentos.  ,0.043,75.518,1568,11,1.0,0.0,0.9999999999,0.0,0.20740344474170866
gemma,gemma2:27b,O que fazer se eu esquecer a senha da minha conta gov.br?,Você deve recuperar a senha diretamente na plataforma gov.br pelas opções de recuperação.,Não encontrei essa informação nos documentos.  ,0.04,69.845,1421,11,1.0,0.0,0.0,0.0,0.20800010818655762
gemma,gemma2:27b,Candidatos estrangeiros podem participar do processo seletivo?,"Sim, desde que possuam a documentação legal exigida para permanência no Brasil.","Sim, candidatos estrangeiros podem participar. O texto menciona que candidatas/candidatos estrangeiras/estrangeiros devem apresentar: o Registro Nacional de Estrangeiro (RNE); ou o Passaporte com visto de estudante; ou Outro documento que por previsão legal permita que o estrangeiro estude no Brasil",0.042,88.821,1544,66,0.75,0.954791723412957,0.9999999999,1.0,0.7121173243638553
gemma,gemma2:27b,Qual documento de identidade é aceito para candidatos estrangeiros?,O Registro Nacional de Estrangeiro (RNE) ou a Carteira de Registro Nacional Migratório (CRNM).,O candidato estrangeiro pode apresentar:  * Registro Nacional de Estrangeiro (RNE); ou * Passaporte com visto de estudante; ou * Outro documento que por previsão legal permita que o estrangeiro estude no Brasil.    ,0.043,87.774,1589,51,1.0,0.0,0.9999999999,0.0,0.5262488758271897
gemma,gemma2:27b,É permitido o uso de nome social durante o processo seletivo?,"Sim, candidatos travestis e transexuais podem solicitar o uso de nome social.","Sim, é permitido o uso de nome social durante o processo seletivo. O candidato menor de idade precisará preencher o Anexo VIII com a assinatura do responsável legal e enviar para o email nome.social@ifrs.edu.br juntamente com cópia do documento de identidade do responsável no período de 04 de novemb",0.047,90.501,1447,87,0.8333333333333334,0.9351207621600601,0.9999999999,1.0,0.36853114556144845
gemma,gemma2:27b,Como solicito a inclusão do meu nome social no cadastro?,A solicitação deve ser feita durante o preenchimento do formulário de inscrição.,"Eu, abaixo identificada\identificado, solicito o uso do Nome Social em minha inscrição no Processo Seletivo 2026/1 do IFRS. Nome social Nome civil CPF Número da inscrição E-mail Telefone com DDD Local e Data: ______________________________, ______\______\____ _______________________________________ ",0.043,161.159,1554,321,1.0,0.0,0.9999999999,1.0,0.20281898977685547
gemma,gemma2:27b,O IFRS envia e-mails de confirmação após a conclusão da inscrição?,"Sim, o sistema envia confirmações automáticas para o e-mail cadastrado.",Não encontrei essa informação nos documentos.  ,0.042,72.508,1489,11,1.0,0.0,0.0,0.0,0.1987650931772184
gemma,gemma2:27b,O que devo fazer se não receber o e-mail de confirmação?,Verifique a caixa de spam ou acesse o sistema para confirmar o status da inscrição.,Não encontrei essa informação nos documentos.  ,0.039,69.906,1410,11,1.0,0.0,0.0,0.0,0.2011401200556522
gemma,gemma2:27b,Qual é a validade exigida para o documento de identidade (RG)?,O RG deve estar legível e permitir a identificação clara e atualizada do candidato.,Não encontrei essa informação nos documentos.  ,0.041,74.228,1550,11,1.0,0.0,0.0,1.0,0.20559802300318666
gemma,gemma2:27b,CNH (Carteira Nacional de Habilitação) é aceita como identificação?,"Sim, a CNH dentro da validade é um documento de identificação oficial aceito.","Sim, a CNH é aceita como documento de identificação.  O texto menciona: ""(...)Documentos com foto, expedidos por órgãos das Secretarias de Segurança, Forças Armadas, Polícia Militar, Ministério do Trabalho, Ordens ou Conselhos de Classe legalmente reconhecidos, ou Conselho Nacional de Trânsito (Cart",0.039,92.809,1462,95,1.0,0.9484025817425468,0.9999999999,1.0,0.5276819130421698
gemma,gemma2:27b,Posso usar a certidão de nascimento no lugar do RG para a matrícula?,"Não, a certidão de nascimento não substitui o documento de identidade com foto.",Não encontrei essa informação nos documentos.  ,0.039,69.725,1431,11,1.0,0.0,0.9999999999,1.0,0.21271676173452392
gemma,gemma2:27b,Documentos digitais oficiais (como e-Título) são válidos no processo?,"Sim, documentos digitais oficiais com QR Code de validação normalmente são aceitos.",Não encontrei essa informação nos documentos.  ,0.039,69.816,1433,11,1.0,0.0,0.9999999999,0.0,0.2073835447895226
gemma,gemma2:27b,Cópias autenticadas em cartório substituem o envio online dos originais?,"Não, o envio deve ser feito digitalizando os documentos originais diretamente no sistema.",Não encontrei essa informação nos documentos.  ,0.04,75.76,1573,11,1.0,0.0,0.0,0.0,0.20967968116241134
gemma,gemma2:27b,Preciso enviar fotos 3x4 no momento da pré-matrícula?,A necessidade de foto 3x4 depende das orientações específicas do edital de matrícula.,Não encontrei essa informação nos documentos.  ,0.04,72.753,1498,11,1.0,0.0,0.9999999999,0.0,0.20211894418662496
gemma,gemma2:27b,Existe limite de idade máximo para ingressar nos cursos subsequentes?,Não há limite máximo de idade para ingressar nos cursos técnicos subsequentes.,Não encontrei essa informação nos documentos.  ,0.043,69.869,1426,11,1.0,0.0,0.9999999999,0.0,0.21180808063600848
gemma,gemma2:27b,Existe idade mínima para os cursos superiores de graduação?,"Não há limite de idade, mas é necessário ter concluído o Ensino Médio.",Não encontrei essa informação nos documentos.  ,0.039,64.816,1334,11,1.0,0.0,0.9999999999,0.0,0.2121879440972472
gemma,gemma2:27b,O que é o período de interposição de recursos?,É o prazo oficial para contestar resultados preliminares ou decisões do processo.,"O período para realização de recursos (pedidos de revisão, questionamentos) quanto ao gabarito das provas é de 24 a 25/11/2025.    O período para realização de recursos (pedidos de revisão, questionamentos) quanto ao resultado das comissões de heteroidentificação para as/os candidatas/candidatos aut",0.041,117.256,1675,142,1.0,0.8829488421243826,0.9999999999,1.0,0.2109097748136615
gemma,gemma2:27b,Como devo enviar um recurso contra o resultado preliminar?,Os recursos devem ser submetidos exclusivamente pelo sistema eletrônico de ingresso.,"A complementação da documentação ou o recurso serão realizados pelo site ingresso.ifrs.edu.br, clicando em “Pré-Matrícula”.  ",0.04,83.669,1604,34,1.0,0.8597027177774411,0.9999999999,1.0,0.7113055534049493
gemma,gemma2:27b,Posso enviar recursos por e-mail diretamente ao campus?,"Não, recursos enviados por e-mail fora do sistema oficial não são analisados.","Sim, você pode enviar recursos por e-mail diretamente ao campus. O texto menciona que a complementação da documentação ou o recurso serão realizados pelo site ingresso.ifrs.edu.br, clicando em “Pré-Matrícula”.  Mas também diz que ""A/O candidata/candidato que não tiver acesso à internet, computador o",0.04,89.315,1404,93,0.8333333333333334,0.9574210036830019,0.9999999999,0.0,0.21093653360811637
gemma,gemma2:27b,Qual é o prazo padrão para análise e resposta dos recursos?,O prazo exato de resposta está previsto no cronograma oficial do edital.,Não encontrei essa informação nos documentos.  ,0.041,83.021,1740,11,1.0,0.0,0.0,1.0,0.20327822313576077
gemma,gemma2:27b,"Se meu recurso for negado, posso recorrer novamente?","Não, a decisão após a análise do recurso é definitiva na esfera administrativa.",Não encontrei essa informação nos documentos.  ,0.041,72.644,1513,11,0.0,0.0,0.0,0.0,0.20549902788824398
gemma,gemma2:27b,Candidatos de outras cidades podem concorrer às vagas de Ibirubá?,"Sim, o processo seletivo é aberto a candidatos de qualquer município do país.",Não encontrei essa informação nos documentos.  ,0.039,75.987,1581,11,0.0,0.0,0.0,0.0,0.20343236898896133
gemma,gemma2:27b,Há alojamento ou moradia estudantil oferecida pelo campus?,"Não, o IFRS Campus Ibirubá não possui alojamento ou moradia estudantil própria.",Não encontrei essa informação nos documentos.  ,0.038,69.809,1450,11,1.0,0.0,0.0,0.0,0.580974072397778
gemma,gemma2:27b,O campus oferece auxílio estudantil ou bolsas de permanência?,"Sim, o IFRS possui programas de auxílio baseados em critérios socioeconômicos.",Não encontrei essa informação nos documentos.  ,0.048,69.698,1427,11,1.0,0.0,0.0,0.0,0.20830290869104445
gemma,gemma2:27b,Quando abrem os editais para solicitação de auxílio estudantil?,Os editais de assistência abrem após o início do semestre letivo.,Não encontrei essa informação nos documentos.  ,0.039,69.653,1449,11,1.0,0.0,0.0,0.0,0.20504746967861012
gemma,gemma2:27b,Posso aproveitar disciplinas já cursadas em outra instituição?,"Sim, após a matrícula você pode solicitar aproveitamento mediante análise.",Não encontrei essa informação nos documentos.  ,0.045,69.68,1415,11,1.0,0.0,0.0,0.0,0.20150053343872484
gemma,gemma2:27b,Como solicito o aproveitamento de estudos após a matrícula?,A solicitação é feita na secretaria com o histórico e ementas das disciplinas.,Não encontrei essa informação nos documentos.  ,0.047,66.887,1405,11,1.0,0.0,0.0,0.0,0.20119049314115056
gemma,gemma2:27b,A documentação de matrícula pode ser entregue presencialmente?,"Não, o envio da documentação de pré-matrícula ocorre de forma totalmente eletrônica.","Sim, a/o candidata/candidato que não tiver acesso à internet, computador ou precisar de ajuda, poderá comparecer ao campus dentro do prazo para envio da documentação.    ",0.041,80.366,1486,40,1.0,0.9084963237321085,0.9999999999,0.0,0.2201927867007295
gemma,gemma2:27b,Qual o formato de arquivo exigido para o envio dos documentos?,"Os documentos geralmente devem ser anexados em formato PDF, JPG ou PNG.",Não encontrei essa informação nos documentos.  ,0.048,69.522,1421,11,1.0,0.0,0.0,0.0,0.2104391948380765
gemma,gemma2:27b,Qual o tamanho máximo permitido para os arquivos anexados no sistema?,O limite de tamanho por arquivo é estipulado pelo sistema de envio.,Não encontrei essa informação nos documentos.  ,0.045,69.81,1451,11,1.0,0.0,0.0,0.0,0.20197819805822126
gemma,gemma2:27b,O que faço se o sistema de inscrições apresentar instabilidade?,"Tente acessar em outro navegador, limpe o cache ou aguarde a normalização.",Não encontrei essa informação nos documentos.  ,0.066,66.934,1387,11,1.0,0.0,0.0,0.0,0.20531666023425335
gemma,gemma2:27b,É possível trancar a matrícula logo no primeiro semestre?,"Geralmente o trancamento no primeiro semestre não é permitido, salvo exceções legais.",Não encontrei essa informação nos documentos.  ,0.042,72.712,1498,11,1.0,0.0,0.0,0.0,0.2049242306633387
gemma,gemma2:27b,Cursos técnicos subsequentes exigem estágio obrigatório para conclusão?,"Sim, a maioria dos cursos exige o cumprimento de estágio curricular obrigatório.","Sim, a tabela indica que os cursos técnicos subsequentes exigem estágio.  A nota ""* mais estágio obrigatório"" aparece ao lado de cada curso técnico subsequente listado.  ",0.042,77.688,1463,40,0.5,0.9895693575821375,0.9999999999,1.0,0.9761045309884613
gemma,gemma2:27b,Os cursos de graduação do campus exigem Trabalho de Conclusão de Curso?,"Sim, o TCC é um componente curricular obrigatório para formatura nas graduações.",Não encontrei essa informação nos documentos.  ,0.039,69.716,1467,11,1.0,0.0,0.0,0.0,0.20162166526125458
gemma,gemma2:27b,Posso transferir meu curso para outro campus do IFRS futuramente?,"Sim, mediante editais internos de transferência e caso haja vaga disponível.",Não encontrei essa informação nos documentos.  ,0.047,69.728,1422,11,1.0,0.0,0.0,0.0,0.20340863566340384
gemma,gemma2:27b,A matrícula deve ser renovada a cada novo semestre?,"Sim, a rematrícula é obrigatória a cada semestre para manter o vínculo.",Não encontrei essa informação nos documentos.  ,0.041,69.852,1432,11,1.0,0.0,0.0,0.0,0.20187492686782726
gemma,gemma2:27b,O que ocorre se eu não renovar a matrícula no prazo estipulado?,O estudante perde o vínculo e tem a sua matrícula cancelada por abandono.,Não encontrei essa informação nos documentos.  ,0.039,72.692,1488,11,1.0,0.0,0.9999999999,1.0,0.20655756601624078
gemma,gemma2:27b,Como funciona a reclassificação de vagas não preenchidas?,As vagas são repassadas aos próximos da lista de espera por ordem de classificação.,"Se houver mais vagas destinadas a uma cota que candidatas/candidatos inscritos nesta cota, as vagas que sobrarem passarão para outra cota, seguindo a sequência que consta no Anexo XI.   A sequência de migração das cotas é:  ● Cota 2 → Cota 4 → Cota 3 → Cota 5 → Cota 6 → Cota 8 → Cota 7 → Cota 9 → Co",0.044,95.447,1438,105,1.0,0.8951842483216437,0.9999999999,1.0,0.20852486272595694
gemma,gemma2:27b,Candidatos que zeraram a redação do Enem podem usar a nota?,"Não, zerar qualquer prova ou a redação desclassifica o candidato pelo Enem.","Sim, candidatos que zeraram a redação do ENEM podem usar a nota, desde que tenham participado de uma edição do ENEM a partir de 2015 e não tenham obtido nota zero em nenhuma das provas.     ",0.043,82.787,1473,50,0.0,0.9741344248694743,0.9999999999,1.0,0.22710358801777486
gemma,gemma2:27b,Qual o critério de desempate caso dois candidatos tenham a mesma nota?,Os critérios de desempate geralmente priorizam candidatos de maior idade.,"O critério de desempate varia conforme o nível de ensino:  * **Cursos Técnicos:** A idade é o primeiro critério de desempate, sendo a vaga destinada à candidata/candidato mais velha. Caso haja empate entre candidatos com mais de 60 anos, o desempate será pela maior nota em Linguagens, Códigos e suas",0.039,132.778,1535,228,0.8333333333333334,0.8973109370704287,0.9999999999,0.0,0.21959203048095885
gemma,gemma2:27b,Pessoas trans devem passar por banca de heteroidentificação?,"Não, a banca avalia apenas quem concorre nas cotas raciais para pretos e pardos.",Não encontrei essa informação nos documentos.  ,0.04,62.633,1301,11,0.0,0.0,0.9999999999,1.0,0.9514542483982185
gemma,gemma2:27b,A renda per capita é calculada com base no salário bruto ou líquido?,A renda familiar per capita é calculada com base na renda bruta mensal.,Não encontrei essa informação nos documentos.  ,0.043,62.811,1281,11,0.0,0.0,0.9999999999,1.0,0.2025736305588004
gemma,gemma2:27b,Estágio remunerado conta na composição da renda familiar para cotas?,"Sim, valores recebidos como bolsa de estágio entram no cômputo da renda familiar.",Não encontrei essa informação nos documentos.  ,0.039,69.883,1436,11,1.0,0.0,0.0,0.0,0.2028345000183288
gemma,gemma2:27b,Membros da família que moram em outra casa entram no cálculo de renda?,"Não, apenas pessoas que residem sob o mesmo teto e compartilham rendas entram no cálculo.",Não encontrei essa informação nos documentos.  ,0.039,75.518,1567,11,1.0,0.0,0.0,0.0,0.2075910356223864
gemma,gemma2:27b,Posso alterar o e-mail cadastrado após finalizar a inscrição?,A alteração deve ser feita no sistema durante o período permitido pelo edital.,Não encontrei essa informação nos documentos.  ,0.039,64.843,1338,11,1.0,0.0,0.0,0.0,0.20361770112989747
gemma,gemma2:27b,É obrigatório apresentar título de eleitor na matrícula?,"Sim, a certidão de quitação eleitoral é exigida para a matrícula de maiores de 18 anos.",Não encontrei essa informação nos documentos.  ,0.041,66.954,1377,11,1.0,0.0,0.0,0.0,0.5771741434113048
gemma,gemma2:27b,Homens maiores de 18 anos precisam de comprovante militar?,"Sim, a regularidade militar é obrigatória para candidatos homens maiores de 18 anos.","Sim, candidatos do sexo masculino com idade entre 18 (dezoito) e 45 (quarenta e cinco) anos (exceto candidato indígena) devem apresentar o Comprovante de quitação com o Serviço Militar.  ",0.042,77.549,1404,50,1.0,0.9231558978300406,0.9999999999,1.0,0.9794764211261688
gemma,gemma2:27b,Onde encontro o cronograma completo com todas as datas do edital?,O cronograma completo está disponível nos anexos do edital no site de ingresso do IFRS.,O cronograma completo com todas as datas do edital está disponível na página ingresso.ifrs.edu.br.  ,0.041,86.585,1716,27,1.0,0.9925533180011138,0.9999999999,1.0,0.6140013638229453
