branch,modelo,pergunta,resposta_esperada,resposta_gerada,tempo_retrieval_s,tempo_llm_s,tokens_entrada,tokens_saida,faithfulness,answer_relevancy,context_precision,context_recall,answer_correctness
llama3,llama3,Quais são os cursos técnicos integrados ao Ensino Médio ofertados no Campus Ibirubá?,"Os cursos técnicos integrados ao Ensino Médio ofertados no campus são o Técnico em Agropecuária, Técnico em Informática e Técnico em Mecânica.","Os cursos técnicos integrados ao Ensino Médio ofertados no Campus Ibirubá são:  * Técnico em Agropecuária (Manhã e Tarde) * Técnico em Mecânica (Noite, 4 semestres) * Técnico em Eletrotécnica (Noite, 4 semestres)",5.633,25.429,1710,83,0.6666666666666666,1.0000000000000002,0.9999999999,0.3333333333333333,0.7336714389550556
llama3,llama3,Quais são os turnos de funcionamento dos cursos técnicos integrados?,"O funcionamento dos cursos técnicos integrados ocorre nos turnos da manhã e da tarde (turno integral), com duração prevista de 3 anos.","A tabela apresenta as informações sobre os turnos de funcionamento dos cursos técnicos integrados. Segundo a tabela, os turnos de funcionamento dos cursos técnicos integrados ao ensino médio são:  * Manhã * Tarde * Noite (para alguns cursos)  Lembre-se de que essas informações estão presentes na tab",0.071,22.34,1630,89,0.8,0.973795372258932,0.9999999999,0.0,0.5536257907527006
llama3,llama3,Quais são os cursos técnicos subsequentes ao Ensino Médio disponíveis no Campus Ibirubá?,"Na modalidade subsequente, estão disponíveis os cursos de Técnico em Eletrotécnica e Técnico em Mecânica.",Técnico em Processos Gerenciais (Noite) e Técnico em Agropecuária (Manhã e Tarde).,0.037,21.47,1709,34,1.0,0.8970937836997259,0.9999999999,1.0,0.2216257766272616
llama3,llama3,Em qual turno ocorrem as aulas dos cursos subsequentes?,"As aulas dos cursos técnicos subsequentes acontecem no turno da noite, com duração de 4 semestres.","A resposta está no contexto! De acordo com a tabela, os cursos subsequentes ocorrem nos turnos:  * Manhã * Tarde * Noite",0.036,20.38,1616,35,0.0,0.9731791633921748,0.9999999999,0.0,0.4337502786717872
llama3,llama3,Quais são os cursos superiores de graduação ofertados no Campus Ibirubá?,"O campus oferece os seguintes cursos superiores de graduação: Bacharelado em Agronomia, Bacharelado em Engenharia Mecânica, Bacharelado em Ciência da Computação e Licenciatura em Matemática.",Os cursos superiores de graduação ofertados no Campus Ibirubá são:  * Bacharelado em Engenharia Ambiental * Bacharelado em Engenharia Química * Licenciatura em Letras – Português/Inglês * Licenciatura em Química * Tecnologia em Análise e Desenvolvimento de Sistemas * Tecnologia em Processos Gerencia,0.038,23.718,1710,91,0.8333333333333334,1.0,0.9999999999,1.0,0.2240423762005819
llama3,llama3,Qual é a duração e os turnos dos cursos de Agronomia e Engenharia Mecânica no campus?,"O curso de Agronomia ocorre nos turnos da manhã e da tarde com duração de 10 semestres. O curso de Engenharia Mecânica é ofertado no turno da noite, também com duração de 10 semestres.",Não encontrei essa informação nos documentos.,0.039,20.569,1689,11,0.5,0.0,0.9999999999,0.5,0.1903017121947434
llama3,llama3,Qual é a duração e os turnos de Ciência da Computação e Licenciatura em Matemática?,"O curso de Ciência da Computação ocorre à noite com duração de 9 semestres, enquanto a Licenciatura em Matemática também acontece no turno da noite com duração de 8 semestres.",Não encontrei essa informação nos documentos.,0.038,20.572,1693,11,0.5,0.0,0.0,0.5,0.1976044592026734
llama3,llama3,Os cursos ofertados pelo IFRS Campus Ibirubá são pagos?,"Não. Todos os cursos oferecidos no IFRS são 100% gratuitos, não havendo cobrança de mensalidades ou taxas de matrícula.",Não encontrei essa informação nos documentos.,0.036,19.406,1605,11,1.0,0.0,0.9999999999,0.0,0.1938981344336444
llama3,llama3,Qual o valor da taxa de inscrição para os cursos técnicos integrados?,"A taxa de inscrição para os cursos técnicos na modalidade integrada é de R$ 60,00.",Não encontrei essa informação nos documentos.,0.037,19.327,1578,11,0.0,0.0,0.0,0.0,0.2043238214466643
llama3,llama3,Quanto custa a inscrição para os cursos técnicos subsequentes?,"O custo é de R$ 20,00.",Não encontrei essa informação nos documentos.,0.036,19.298,1559,11,0.0,0.0,0.0,0.0,0.2045403025060196
llama3,llama3,Qual é o custo da inscrição para concorrer a uma vaga em curso de graduação?,"Se o candidato optar por concorrer via Exame de Seleção (prova), a taxa é de R$ 80,00. Caso a opção seja via nota do ENEM, a taxa é de R$ 20,00.","R$ 100,00.",0.04,18.305,1519,8,1.0,0.8084389351434322,0.0,0.0,0.2148272135000831
llama3,llama3,Como deve ser efetuado o pagamento da taxa de inscrição?,"O pagamento deve ser realizado por meio de boleto bancário gerado ao final da inscrição, pagável na rede bancária ou via internet banking.","O pagamento da taxa de inscrição pode ser realizado das 14h do dia 05 de setembro de 2025 às 23h59min do dia 22 de setembro de 2025. Além disso, a taxa de inscrição não será possível realizar após o prazo (dia 13 de outubro de 2025).",0.036,21.894,1551,77,1.0,0.9231874024704046,0.9999999999,1.0,0.2143869589418572
llama3,llama3,Até quando posso pagar a taxa de inscrição?,O boleto deve ser pago impreterivelmente até o prazo limite definido no cronograma oficial do edital correspondente.,"Até o dia 13 de outubro de 2025, pois não será possível realizar o pagamento da taxa de inscrição após o prazo.",0.035,16.51,1556,34,1.0,0.9523957334008936,0.9999999999,1.0,0.2147565204459902
llama3,llama3,Posso modificar os dados da minha inscrição (como a opção de curso ou campus) após concluí-la?,"Sim, no entanto, após a finalização da inscrição, qualquer alteração exige que o candidato realize uma nova inscrição dentro do prazo regulamentar para que os novos dados sejam computados.",Não encontrei essa informação nos documentos.,0.038,18.416,1517,11,0.0,0.0,0.9999999999,1.0,0.2042637652842807
llama3,llama3,É possível me inscrever em mais de um curso no mesmo edital do IFRS?,Não. É permitido realizar apenas uma única inscrição por candidato em cada edital.,Não encontrei essa informação nos documentos.,0.038,19.321,1572,11,0.0,0.0,0.9999999999,1.0,0.1988948170555712
llama3,llama3,Há devolução do valor pago na taxa de inscrição se eu desistir de participar?,"Não. O valor pago na taxa de inscrição não é reembolsável sob nenhuma circunstância, exceto se houver cancelamento do certame por parte do IFRS.","Sim, há devolução do valor pago da taxa de inscrição se o Processo Seletivo for cancelado ou para as/os candidatas/candidatos inscritos em algum curso que seja cancelada a oferta. (Ver item 6.9)",0.036,21.099,1575,56,1.0,0.929165211890974,0.9999999999,1.0,0.2299276855134921
llama3,llama3,Quem tem direito a solicitar a isenção do pagamento da taxa de inscrição?,"Têm direito à isenção os candidatos com renda familiar bruta mensal de até 1 salário mínimo per capita (R$ 1.412,00) que estejam regularmente registrados no CadÚnico como baixa renda.","Poderão solicitar isenção da taxa de inscrição pessoas cadastradas no CadÚnico como pertencente a família de baixa renda. Família de baixa renda é a que recebe até 1 salário mínimo por pessoa (R$ 1.518,00) por mês. Além disso, o cadastro da família no CadÚnico precisa estar atualizado nos últimos 2 ",0.04,21.671,1521,94,1.0,0.9324870402431086,0.9999999999,1.0,0.5649836307520603
llama3,llama3,O cadastro do CadÚnico precisa ter alguma atualização recente?,Sim. O cadastro do candidato no CadÚnico deve estar obrigatoriamente atualizado nos últimos 2 anos.,"Sim, segundo os documentos, o cadastro do CadÚnico precisa estar atualizado nos últimos 2 anos. Isso é mencionado em vários pontos dos documentos, incluindo os itens 7.8, 9.3 e 18.3.",0.037,22.749,1722,57,1.0,0.9543501118244064,0.9999999999,1.0,0.4898695957060153
llama3,llama3,Onde realizo a solicitação de isenção de taxa?,"A solicitação deve ser realizada exclusivamente via internet, na página de ingressos do IFRS (ingresso.ifrs.edu.br).","A pessoa que deseja realizar a solicitação de isenção da taxa de inscrição pode acessar o endereço https://cadunico.dataprev.gov.br e clicar no botão onde diz: “Entrar com o gov.br”. Após realizar o login (acesso), utilizar a opção “Consulta ao Formulário” e gerar o Extrato de Consulta Completa. Em ",0.037,23.574,1479,144,1.0,0.9160251778238102,0.9999999999,1.0,0.6216989289790293
llama3,llama3,A isenção pode ser solicitada por mais de um membro do mesmo núcleo familiar?,"Sim. A isenção é um benefício de caráter estritamente individual, e cada integrante da mesma família que deseja concorrer deve fazer a sua própria solicitação.","Sim, a resposta está no contexto. Segundo o item 2.1 e 3.6, ""Se mais de uma pessoa de uma mesma família fizer a inscrição no processo seletivo, cada uma deverá solicitar o não pagamento da taxa de inscrição.""",0.037,20.374,1486,62,0.3333333333333333,0.8958509220088616,0.9999999999,1.0,0.725850006921027
llama3,llama3,"Se minha isenção de taxa for aprovada (deferida), já estou inscrito no Processo Seletivo?","Não. O candidato que teve a isenção aceita deve, obrigatoriamente, entrar no sistema e realizar a inscrição no curso desejado para gerar o comprovante de isento.","Sim, se sua solicitação de isenção da taxa de inscrição for aprovada (deferida), você já está inscrito no Processo Seletivo, pois o edital menciona que ""quem solicitou a isenção da taxa de inscrição deverá realizar a inscrição"" e isso ocorrerá após a publicação do resultado final.",0.038,21.253,1539,80,0.3333333333333333,0.9344559782716684,0.9999999999,1.0,0.2222843865023886
llama3,llama3,O IFRS pode solicitar documentos de comprovação de renda para quem foi isento?,"Sim. O IFRS pode conferir e auditar as informações prestadas, e o candidato que prestar declarações falsas está sujeito a responder legalmente e ser eliminado do processo.",Não encontrei essa informação nos documentos.,0.038,18.405,1499,11,0.5,0.0,0.9999999999,1.0,0.1958424562563209
llama3,llama3,Qual o sistema utilizado para o ingresso nos cursos técnicos integrados de Ibirubá?,O sistema de ingresso para os cursos técnicos integrados em Ibirubá é realizado por meio de Exame de Seleção (prova objetiva presencial).,Não encontrei essa informação nos documentos.,0.037,20.956,1725,11,1.0,0.0,0.9999999999,1.0,0.2012983412280953
llama3,llama3,Como são distribuídas as vagas para os cursos técnicos subsequentes de Ibirubá?,As vagas da modalidade subsequente são preenchidas por meio de Sorteio Público ou classificação pela nota do ENEM.,A descrição da tabela encontra-se ao final da mesma.,0.036,21.513,1745,14,1.0,0.0,0.9999999999,1.0,0.2080820005427756
llama3,llama3,Quais os meios para ingressar em um curso de graduação superior em Ibirubá?,Os ingressos para os cursos superiores de graduação em Ibirubá ocorrem via Exame de Seleção (prova com redação) ou utilizando a nota do ENEM.,Não encontrei essa informação nos documentos.,0.036,20.362,1680,11,0.0,0.0,0.9999999999,1.0,0.2016859459805803
llama3,llama3,"Se eu escolher o ENEM para a graduação, posso usar notas de ""treineiro""?","Não. As notas do ENEM obtidas na condição de ""treineiro"" não são validadas para a classificação de vagas.",Não encontrei essa informação nos documentos.,0.039,19.336,1570,11,0.0,0.0,0.9999999999,1.0,0.2014276403926601
llama3,llama3,O que fazer se eu precisar de acessibilidade ou condições especiais no dia da prova?,O candidato deve indicar sua necessidade no Formulário de Solicitação de Condição Especial (Anexo II/IV/V) disponível no sistema no momento da inscrição.,"De acordo com o contexto fornecido, se você precisar de acessibilidade ou condições especiais no dia da prova, você pode solicitar atendimento especial listado na seção 9.5. A/O candidata/candidato inscrito deverá comparecer ao local de provas 1h (uma hora) antes do horário previsto para o início da",0.036,28.438,1583,242,0.7,0.0,0.9999999999,0.0,0.2140066997354806
llama3,llama3,Quais apoios especiais podem ser solicitados para o dia da avaliação?,"Podem ser solicitados auxílios como tempo adicional de prova, apoio de ledores ou transcritores, salas de fácil acesso e atendimento específico para lactantes.","Aqui estão os apoios especiais que podem ser solicitados para o dia da avaliação, de acordo com o contexto:  ⃝ Acesso facilitado em função de dificuldade de locomoção ou uso de cadeira de roda. ⃝ Mesa adequada a uma cadeira de rodas. ⃝ Cadeira e mesa adequadas à minha estatura ou amputação. ⃝ Realiz",0.038,34.145,1630,372,1.0,0.9934098778836188,0.9999999999,1.0,0.4794004946263669
llama3,llama3,Quantas vagas são destinadas à reserva de vagas para escolas públicas?,Pelo menos 50% das vagas totais de cada curso são reservadas exclusivamente para estudantes egressos de escolas públicas.,"A resposta está no contexto. Segundo o item 4.1.3, as vagas reservadas para estudantes de escola pública serão divididas em:  * C9 – estudante de escola pública; * C5 – estudante de escola pública e de baixa renda; * C7 – estudante de escola pública e autodeclarado preto, pardo, indígena ou quilombo",0.039,30.406,1714,249,1.0,0.0,0.0,0.0,0.2170187269857194
llama3,llama3,O que define se posso concorrer como egresso de escola pública?,É elegível o candidato que comprovar ter cursado integralmente todo o Ensino Fundamental (para cursos técnicos) ou todo o Ensino Médio (para cursos superiores) em instituições públicas de ensino.,"A pergunta é bem clara!  Segundo o contexto, para concorrer como egresso de escola pública, você precisa ter cursado integralmente o Ensino Médio em escola pública, com renda familiar bruta per capita igual ou inferior a 1,5 salário mínimo.",0.036,20.653,1513,64,0.3333333333333333,0.0,0.9999999999,1.0,0.5894187707180134
llama3,llama3,"Se estudei com bolsa integral em escola particular, posso concorrer às vagas reservadas?","Não. Quem estudou em escola particular, mesmo que sob a condição de bolsista integral, não possui o direito de concorrer às cotas destinadas a escolas públicas.",Não encontrei essa informação nos documentos.,0.037,19.706,1625,11,0.0,0.0,0.9999999999,1.0,0.2003907996983427
llama3,llama3,Como funciona a comprovação de renda para as cotas destinadas à baixa renda?,"A comprovação de renda é baseada nos dados do candidato cadastrados no CadÚnico, exigindo-se a apresentação do Extrato de Consulta Completa.","A comprovação de renda para as cotas destinadas à baixa renda é feita por meio da apresentação dos documentos de renda, como descrito na tabela de documentação exigida para matrícula em cotas.",0.042,22.025,1677,53,1.0,0.98329841448027,0.0,0.0,0.2200601330510166
llama3,llama3,"O que são as vagas destinadas ao grupo PPIQ (Pretos, Pardos, Indígenas e Quilombolas)?","São as cotas voltadas para candidatos egressos de escola pública que se autodeclarem Pretos, Pardos, Indígenas ou Quilombolas.","As vagas destinadas ao grupo PPIQ (Pretos, Pardos, Indígenas e Quilombolas) são as seguintes:  * Cota 2: Pessoa com Deficiência (PcD) que tenha cursado integralmente o Ensino Fundamental (Cursos Técnicos) ou Ensino Médio (Cursos de Graduação) em escola pública, autodeclarada/autodeclarado negra/negr",0.036,34.651,1718,355,0.9090909090909092,0.9333937934173532,0.9999999999,1.0,0.673198805991505
llama3,llama3,Quem pode concorrer na Cota 10 (destinada a Pessoas com Deficiência - PcD)?,"A Cota 10 (C10) é reservada exclusivamente para Pessoas com Deficiência (PcD), independentemente de renda ou de terem estudado em escola pública.",Não encontrei essa informação nos documentos.,0.038,21.818,1780,11,0.0,0.0,0.9999999999,0.0,0.2009302162503614
llama3,llama3,O que acontece se as vagas PcD não forem preenchidas por falta de candidatos?,"As vagas reservadas a PcD que não forem preenchidas por falta de candidatos são remanejadas para outras cotas ou destinadas ao Acesso Universal (Cota 1), dependendo da ordem descrita no edital.",Não encontrei essa informação nos documentos.,0.04,20.569,1693,11,1.0,0.0,0.0,0.0,0.1996525457836241
llama3,llama3,O que o candidato aprovado por cota de escola pública precisa assinar na matrícula?,O candidato aprovado por cota de escola pública deve assinar eletronicamente a Declaração de Não Ter Estudado em Escolas Particulares.,Não encontrei essa informação nos documentos.,0.038,19.993,1646,11,0.0,0.0,0.9999999999,0.0,0.2022389761010152
llama3,llama3,Quais documentos específicos devem ser enviados por candidatos indígenas aprovados?,É necessário anexar a Autodeclaração de membro de Comunidade Indígena (Anexo VII/IX) junto ao RANI ou à Declaração de Membro assinada por liderança da comunidade indígena (Anexo VIII/X).,Os documentos específicos que devem ser enviados por candidatos indígenas aprovados são:  * Autodeclaração de membro de Comunidade indígena (Anexo VII); * Registro Administrativo de Nascimento de Indígena (RANI); ou * Declaração de Membro de Comunidade Indígena pela Liderança,0.037,23.753,1730,82,0.6666666666666666,1.0,0.9999999999,1.0,0.6581407805929194
llama3,llama3,Qual o documento necessário para candidatos que concorrem a vagas reservadas a Quilombolas?,O candidato deve enviar a Declaração de pertencimento quilombola (Anexo IX/XI) assinada por 3 lideranças (com cópias de seus documentos) e o documento de reconhecimento emitido pela Fundação Cultural Palmares.,A declaração de pertencimento à Comunidade Quilombola (Anexo IX) assinado por 3 (três) lideranças da Comunidade Quilombola a qual o candidato pertence e documento oficial de identificação com foto e assinatura (frente e verso) de cada uma das três lideranças que assinarem a declaração de pertencimen,0.036,23.754,1689,92,0.75,0.9342344610568664,0.9999999999,1.0,0.6117567184810697
llama3,llama3,"O que acontece se eu enviar documentos apagados, cortados ou incompletos?","O candidato que enviar documentação ilegível, rasurada ou incompleta terá sua matrícula indeferida automaticamente.",Não encontrei essa informação nos documentos.,0.036,19.714,1627,11,0.0,0.0,0.9999999999,1.0,0.2116145297586301
llama3,llama3,E se a escola ainda não tiver emitido meu Certificado de Conclusão na data da matrícula?,"É aceito o envio de uma Declaração provisória de provável conclusão emitida pela escola. A matrícula será homologada de forma condicional, devendo o certificado oficial ser apresentado na data limite estabelecida.",Não encontrei essa informação nos documentos.,0.041,18.428,1524,11,0.0,0.0,0.9999999999,1.0,0.1961679163484012
llama3,llama3,O que é o processo de Heteroidentificação?,É o procedimento presencial de verificação para confirmar a veracidade da autodeclaração prestada por candidatos pretos ou pardos.,Não encontrei essa informação nos documentos.,0.037,20.362,1669,11,0.0,0.0,0.9999999999,1.0,0.2044043518551922
llama3,llama3,Quais são os critérios que a banca utiliza para avaliar o candidato?,"A banca baseia-se exclusivamente nos critérios fenotípicos (características físicas visíveis do candidato, tais como traços faciais, cabelo e cor da pele).",Não encontrei essa informação nos documentos.,0.036,21.794,1772,11,0.5,0.0,0.0,0.0,0.2046105620680125
llama3,llama3,Posso levar fotos ou a minha certidão de nascimento para provar minha ascendência?,"Não. Fotos antigas, documentos civis ou histórico de herança genética familiar de parentes não são considerados na avaliação da banca.",Não encontrei essa informação nos documentos.,0.038,21.421,1762,11,1.0,0.0,0.9999999999,0.0,0.2035243265709975
llama3,llama3,Menores de 18 anos precisam de alguma autorização para filmagem do processo?,"Sim. No ato de matrícula, candidatos menores de 18 anos devem apresentar a Autorização de Uso de Imagem (Anexo VIII/IX) devidamente assinada por seus pais ou responsáveis legais.","Sim, menores de 18 anos precisam de autorização da/do mãe, pai ou responsável para a filmagem do processo. Isso é estabelecido no documento de identidade da pessoa que assinou a autorização (mãe, pai ou responsável da/do menor) no período de 24 de setembro de 2025 a 12 de outubro de 2025.",0.038,23.703,1711,86,0.75,0.981903734788725,0.9999999999,1.0,0.6020292847042121
llama3,llama3,O que ocorre se eu for convocado e não comparecer à banca de heteroidentificação?,"O candidato ausente ou que não tiver sua autodeclaração validada pela banca perde a vaga da cota e é reclassificado para as vagas de Acesso Universal (Cota 1), caso possua classificação suficiente.",Não encontrei essa informação nos documentos.,0.039,19.716,1628,11,0.5,0.0,0.9999999999,0.0,0.2011619544907574
llama3,llama3,Onde são publicadas as listas de classificados e chamadas para matrícula?,"Todas as listas, editais de resultados e convocações são divulgadas na internet, no site oficial de ingressos: ingresso.ifrs.edu.br.","De acordo com os documentos, a publicação das listas de classificados e chamadas para matrícula será realizada no site ingresso.ifrs.edu.br.",0.036,20.43,1609,36,1.0,0.9609186049120484,0.9999999999,1.0,0.6043825747246606
llama3,llama3,"O que é e quem participa da ""Chamada Pública""?","A ""Chamada Pública"" é um chamamento eletrônico ou presencial realizado para preencher vagas que restaram sem matrícula após as etapas regulares, convocando candidatos suplentes por ordem de classificação.","A Chamada Pública é a última chamada para matrícula. Ela ocorre após a primeira chamada para o preenchimento das vagas que ainda não foram ocupadas. Para os cursos que houver a Chamada Pública, participarão todas/todos as/os candidatas/candidatos que ainda não foram chamadas/chamados na primeira cha",0.036,23.92,1594,127,1.0,0.911179217896098,0.9999999999,1.0,0.5010408323414943
llama3,llama3,Ter o nome listado na Chamada Pública garante a vaga no curso?,Não. Estar na lista de convocados e enviar os documentos na Chamada Pública apenas gera expectativa de direito. O preenchimento ocorre estritamente pela ordem de classificação dos candidatos habilitados até o limite de vagas disponíveis.,Não encontrei essa informação nos documentos.,0.036,12.55,1621,11,1.0,0.0,0.9999999999,1.0,0.1963047481198077
llama3,llama3,Posso manter vínculos ativos de matrícula em mais de um curso de graduação?,Não. É expressamente proibido por lei federal que um estudante ocupe concomitantemente duas vagas de cursos de graduação em quaisquer instituições públicas de ensino superior do país.,Não encontrei essa informação nos documentos.,0.033,19.321,1551,11,0.0,0.0,0.9999999999,1.0,0.1954578142267259
llama3,llama3,"O que acontece se eu for matriculado, mas faltar aos primeiros dias letivos?",O estudante regularmente matriculado que faltar aos primeiros dias letivos (conforme limite estipulado em edital) sem justificativa formal de ausência aceita pelo campus terá sua matrícula cancelada por abandono.,"Se você for matriculado, mas faltar aos primeiros dias letivos, a sua matrícula será cancelada, exceto para os ingressantes por transferência ou ingresso de diplomado. Isso está estabelecido no Art. 115 da Resolução do CONSUP/IFRS nº 01/2024 (ver item 20.1).",0.037,22.726,1647,81,1.0,0.9700411601292908,0.9999999999,1.0,0.5274675463405627
llama3,llama3,É obrigatório possuir conta no portal gov.br para se inscrever?,"Sim, o acesso ao sistema de inscrições exige uma conta ativa no portal gov.br.","Sim. A/o candidata/candidato, ao acessar o sistema de inscrição do IFRS, será direcionado ao portal gov.br para autenticar-se com seu CPF e senha. Caso ainda não tenha cadastro no portal, ao digitar o CPF na página de login, a/o candidata/candidato será redirecionado para realizar o cadastro.",0.037,22.176,1578,83,1.0,0.8655942271574047,0.9999999999,1.0,0.776665505807373
llama3,llama3,Qual nível de conta gov.br é exigido para a inscrição?,"Geralmente são aceitas contas níveis bronze, prata ou ouro para o acesso básico.",Não encontrei essa informação nos documentos.,0.039,17.254,1697,11,1.0,0.0,0.0,0.0,0.2025141774619695
llama3,llama3,Posso usar o CPF dos meus pais para fazer a minha inscrição?,"Não, a inscrição deve ser feita obrigatoriamente com o CPF do próprio candidato.",Não encontrei essa informação nos documentos.,0.038,19.894,1640,11,1.0,0.0,0.9999999999,1.0,0.2074034447417086
llama3,llama3,O que fazer se eu esquecer a senha da minha conta gov.br?,Você deve recuperar a senha diretamente na plataforma gov.br pelas opções de recuperação.,Não encontrei essa informação nos documentos.,0.037,19.311,1561,11,1.0,0.0,0.0,0.0,0.2080001081865576
llama3,llama3,Candidatos estrangeiros podem participar do processo seletivo?,"Sim, desde que possuam a documentação legal exigida para permanência no Brasil.","Sim, candidatos estrangeiros podem participar do processo seletivo. Segundo o documento, eles devem apresentar um Registro Nacional de Estrangeiro (RNE); ou o Passaporte com visto de estudante; ou Outro documento que por previsão legal permita que o estrangeiro estude no Brasil.",0.036,23.091,1713,71,0.75,0.9319213205944816,0.9999999999,1.0,0.9635389252819162
llama3,llama3,Qual documento de identidade é aceito para candidatos estrangeiros?,O Registro Nacional de Estrangeiro (RNE) ou a Carteira de Registro Nacional Migratório (CRNM).,O documento equivalente para candidatos estrangeiros é o Registro Nacional de Estrangeiro (RNE); ou o Passaporte com visto de estudante; ou Outro documento que por previsão legal permita que o estrangeiro estude no Brasil.,0.036,24.032,1823,56,1.0,0.9200755727423292,0.9999999999,0.0,0.5237351881516982
llama3,llama3,É permitido o uso de nome social durante o processo seletivo?,"Sim, candidatos travestis e transexuais podem solicitar o uso de nome social.","Sim. De acordo com o Anexo VIII, é possível solicitar o uso do Nome Social em sua inscrição no Processo Seletivo 2026/1 do IFRS, desde que seja preenchido e assinado o formulário juntamente com a mãe, pai ou responsável pela/pelo menor. Além disso, é necessário encaminhar o formulário para o e-mail ",0.037,23.871,1501,150,1.0,0.894079796370285,0.9999999999,1.0,0.4924465943535071
llama3,llama3,Como solicito a inclusão do meu nome social no cadastro?,A solicitação deve ser feita durante o preenchimento do formulário de inscrição.,"Para solicitar a inclusão do seu nome social no cadastro, você pode acessar o formulário ANEXO XV SOLICITAÇÃO DE USO DE NOME SOCIAL PARA MENOR DE IDADE na página https://cta.ifrs.edu.br/ps-formularios/formulario-nome-social-16/. Lembre-se de que, se você for menor de 18 anos, é necessário ter autori",0.042,15.774,1613,95,1.0,0.9659876871665758,0.9999999999,1.0,0.2044946418510668
llama3,llama3,O IFRS envia e-mails de confirmação após a conclusão da inscrição?,"Sim, o sistema envia confirmações automáticas para o e-mail cadastrado.",Não encontrei essa informação nos documentos.,0.038,19.458,1608,11,1.0,0.0,0.0,0.0,0.1987650931772184
llama3,llama3,O que devo fazer se não receber o e-mail de confirmação?,Verifique a caixa de spam ou acesse o sistema para confirmar o status da inscrição.,Não encontrei essa informação nos documentos.,0.037,19.337,1566,11,1.0,0.0,0.0,0.0,0.2011401200556522
llama3,llama3,Qual é a validade exigida para o documento de identidade (RG)?,O RG deve estar legível e permitir a identificação clara e atualizada do candidato.,Não encontrei essa informação nos documentos.,0.037,21.805,1774,11,1.0,0.0,0.0,1.0,0.2055980230031866
llama3,llama3,CNH (Carteira Nacional de Habilitação) é aceita como identificação?,"Sim, a CNH dentro da validade é um documento de identificação oficial aceito.","Sim, a Carteira Nacional de Habilitação (CNH) é aceita como documento de identificação com foto, pois está listada no item II do inciso VI do item 9.10 ou 8.10.",0.036,14.9,1699,50,0.6666666666666666,0.9707159246894176,0.9999999999,1.0,0.728694994379366
llama3,llama3,Posso usar a certidão de nascimento no lugar do RG para a matrícula?,"Não, a certidão de nascimento não substitui o documento de identidade com foto.",Não encontrei essa informação nos documentos.,0.037,20.191,1667,11,0.0,0.0,0.9999999999,1.0,0.2127167617345239
llama3,llama3,Documentos digitais oficiais (como e-Título) são válidos no processo?,"Sim, documentos digitais oficiais com QR Code de validação normalmente são aceitos.",Não encontrei essa informação nos documentos.,0.037,20.373,1669,11,1.0,0.0,0.9999999999,0.0,0.2073835447895226
llama3,llama3,Cópias autenticadas em cartório substituem o envio online dos originais?,"Não, o envio deve ser feito digitalizando os documentos originais diretamente no sistema.",Não encontrei essa informação nos documentos.,0.037,21.418,1758,11,1.0,0.0,0.0,0.0,0.2096796811624113
llama3,llama3,Preciso enviar fotos 3x4 no momento da pré-matrícula?,A necessidade de foto 3x4 depende das orientações específicas do edital de matrícula.,Não encontrei essa informação nos documentos.,0.036,20.765,1714,11,0.0,0.0,0.9999999999,1.0,0.2021189441866249
llama3,llama3,Existe limite de idade máximo para ingressar nos cursos subsequentes?,Não há limite máximo de idade para ingressar nos cursos técnicos subsequentes.,"Sim, existe um limite de idade mínimo para ingressar nos cursos subsequentes: ter no mínimo 18 (dezoito) anos completos na data da matrícula.",0.037,19.509,1528,38,0.5,0.977569841805566,0.9999999999,1.0,0.2244697103303035
llama3,llama3,Existe idade mínima para os cursos superiores de graduação?,"Não há limite de idade, mas é necessário ter concluído o Ensino Médio.",Não encontrei essa informação nos documentos.,0.037,15.152,1513,11,1.0,0.0,0.9999999999,0.0,0.2121879440972472
llama3,llama3,O que é o período de interposição de recursos?,É o prazo oficial para contestar resultados preliminares ou decisões do processo.,Não encontrei essa informação nos documentos.,0.04,21.411,1761,11,0.0,0.0,0.9999999999,1.0,0.2045231300865125
llama3,llama3,Como devo enviar um recurso contra o resultado preliminar?,Os recursos devem ser submetidos exclusivamente pelo sistema eletrônico de ingresso.,"De acordo com os documentos, você deve realizar o recurso pelo sistema de Pré-Matrícula. O link do sistema será disponibilizado no site ingresso.ifrs.edu.br.",0.036,22.085,1717,40,0.6666666666666666,0.8861414358268186,0.9999999999,1.0,0.4609381736895491
llama3,llama3,Posso enviar recursos por e-mail diretamente ao campus?,"Não, recursos enviados por e-mail fora do sistema oficial não são analisados.","Sim, é possível enviar recursos por e-mail diretamente ao campus. Segundo o item 8.1.2, você pode enviar um e-mail para o campus onde pretende realizar a prova no período de 24 de setembro de 2025 a 12 de outubro de 2025 solicitando o agendamento de atendimento on-line.",0.036,21.848,1548,76,0.8,0.9520368711726412,0.9999999999,1.0,0.2098773490359205
llama3,llama3,Qual é o prazo padrão para análise e resposta dos recursos?,O prazo exato de resposta está previsto no cronograma oficial do edital.,Não encontrei essa informação nos documentos.,0.036,22.654,1848,11,1.0,0.0,0.9999999999,1.0,0.2032782231357607
llama3,llama3,"Se meu recurso for negado, posso recorrer novamente?","Não, a decisão após a análise do recurso é definitiva na esfera administrativa.",Não encontrei essa informação nos documentos.,0.036,15.986,1639,11,0.0,0.0,0.0,0.0,0.2054990278882439
llama3,llama3,Candidatos de outras cidades podem concorrer às vagas de Ibirubá?,"Sim, o processo seletivo é aberto a candidatos de qualquer município do país.",Não encontrei essa informação nos documentos.,0.036,21.427,1761,11,1.0,0.0,0.0,0.0,0.2034323689889613
llama3,llama3,Há alojamento ou moradia estudantil oferecida pelo campus?,"Não, o IFRS Campus Ibirubá não possui alojamento ou moradia estudantil própria.",Não encontrei essa informação nos documentos.,0.036,19.72,1622,11,1.0,0.0,0.0,0.0,0.580974072397778
llama3,llama3,O campus oferece auxílio estudantil ou bolsas de permanência?,"Sim, o IFRS possui programas de auxílio baseados em critérios socioeconômicos.",Não encontrei essa informação nos documentos.,0.037,19.366,1587,11,0.0,0.0,0.0,0.0,0.2083029086910444
llama3,llama3,Quando abrem os editais para solicitação de auxílio estudantil?,Os editais de assistência abrem após o início do semestre letivo.,Não encontrei essa informação nos documentos.,0.037,19.602,1615,11,1.0,0.0,0.0,0.0,0.2050474696786101
llama3,llama3,Posso aproveitar disciplinas já cursadas em outra instituição?,"Sim, após a matrícula você pode solicitar aproveitamento mediante análise.",Não encontrei essa informação nos documentos.,0.035,18.543,1537,11,1.0,0.0,0.0,0.0,0.2015005334387248
llama3,llama3,Como solicito o aproveitamento de estudos após a matrícula?,A solicitação é feita na secretaria com o histórico e ementas das disciplinas.,Não encontrei essa informação nos documentos.,0.035,19.31,1561,11,1.0,0.0,0.0,0.0,0.2011904931411505
llama3,llama3,A documentação de matrícula pode ser entregue presencialmente?,"Não, o envio da documentação de pré-matrícula ocorre de forma totalmente eletrônica.","Sim. De acordo com o item 12.4 do contexto, a/O candidata/candidato que não tiver acesso à internet, computador ou precisar de ajuda, poderá comparecer ao campus dentro do prazo para envio da documentação.",0.04,21.557,1630,56,1.0,0.903354784327956,0.9999999999,0.0,0.213873549811933
llama3,llama3,Qual o formato de arquivo exigido para o envio dos documentos?,"Os documentos geralmente devem ser anexados em formato PDF, JPG ou PNG.",Não encontrei essa informação nos documentos.,0.039,19.366,1594,11,1.0,0.0,0.0,0.0,0.2104391948380765
llama3,llama3,Qual o tamanho máximo permitido para os arquivos anexados no sistema?,O limite de tamanho por arquivo é estipulado pelo sistema de envio.,Não encontrei essa informação nos documentos.,0.037,19.328,1572,11,1.0,0.0,0.0,0.0,0.2019781980582212
llama3,llama3,O que faço se o sistema de inscrições apresentar instabilidade?,"Tente acessar em outro navegador, limpe o cache ou aguarde a normalização.",Não encontrei essa informação nos documentos.,0.038,14.71,1513,11,1.0,0.0,0.0,0.0,0.2053166602342533
llama3,llama3,É possível trancar a matrícula logo no primeiro semestre?,"Geralmente o trancamento no primeiro semestre não é permitido, salvo exceções legais.",Não encontrei essa informação nos documentos.,0.036,19.456,1611,11,1.0,0.0,0.0,0.0,0.2049242306633387
llama3,llama3,Cursos técnicos subsequentes exigem estágio obrigatório para conclusão?,"Sim, a maioria dos cursos exige o cumprimento de estágio curricular obrigatório.","Sim, os cursos técnicos subsequentes exigem estágio obrigatório para conclusão.",0.037,19.925,1618,19,0.0,0.9933568900699082,0.9999999999,0.0,0.9886254009236894
llama3,llama3,Os cursos de graduação do campus exigem Trabalho de Conclusão de Curso?,"Sim, o TCC é um componente curricular obrigatório para formatura nas graduações.",Não encontrei essa informação nos documentos.,0.038,19.361,1588,11,1.0,0.0,0.0,0.0,0.2016216652612545
llama3,llama3,Posso transferir meu curso para outro campus do IFRS futuramente?,"Sim, mediante editais internos de transferência e caso haja vaga disponível.",Não encontrei essa informação nos documentos.,0.037,19.302,1553,11,1.0,0.0,0.0,0.0,0.2034086356634038
llama3,llama3,A matrícula deve ser renovada a cada novo semestre?,"Sim, a rematrícula é obrigatória a cada semestre para manter o vínculo.",Não encontrei essa informação nos documentos.,0.039,19.478,1612,11,1.0,0.0,0.0,0.0,0.2018749268678272
llama3,llama3,O que ocorre se eu não renovar a matrícula no prazo estipulado?,O estudante perde o vínculo e tem a sua matrícula cancelada por abandono.,Não encontrei essa informação nos documentos.,0.039,19.785,1636,11,1.0,0.0,0.9999999999,1.0,0.2065575660162407
llama3,llama3,Como funciona a reclassificação de vagas não preenchidas?,As vagas são repassadas aos próximos da lista de espera por ordem de classificação.,"A reclassificação de vagas não preenchidas é feita seguindo a sequência abaixo:  * Cota 2 → Cota 4 → Cota 3 → Cota 5 → Cota 6 → Cota 8 → Cota 7 → Cota 9 → Cota 1  Essa reclassificação se aplica às vagas que não forem preenchidas, e as vagas não preenchidas da cota 2 migrarão primeiro para a cota 3, ",0.038,23.903,1588,127,0.8,0.939877886907627,0.9999999999,1.0,0.2150522888071722
llama3,llama3,Candidatos que zeraram a redação do Enem podem usar a nota?,"Não, zerar qualquer prova ou a redação desclassifica o candidato pelo Enem.",Não encontrei essa informação nos documentos.,0.041,19.359,1589,11,0.0,0.0,0.9999999999,1.0,0.2084047997521979
llama3,llama3,Qual o critério de desempate caso dois candidatos tenham a mesma nota?,Os critérios de desempate geralmente priorizam candidatos de maior idade.,"Segundo os documentos, o critério de desempate para os cursos técnicos é:  * Da/do candidata/candidato com maior idade para a/o de menor idade, no caso de haver candidata/candidato maior de 60 anos empatado. * Se persistir o empate, o critério passa a ser: Maior nota em Linguagens, Códigos e suas Te",0.038,29.017,1643,242,0.8888888888888888,0.8963759022849268,0.9999999999,0.0,0.5531833157909771
llama3,llama3,Pessoas trans devem passar por banca de heteroidentificação?,"Não, a banca avalia apenas quem concorre nas cotas raciais para pretos e pardos.",Não encontrei essa informação nos documentos.,0.036,17.542,1438,11,0.0,0.0,0.9999999999,1.0,0.5014542483982185
llama3,llama3,A renda per capita é calculada com base no salário bruto ou líquido?,A renda familiar per capita é calculada com base na renda bruta mensal.,Não encontrei essa informação nos documentos.,0.038,16.927,1404,11,1.0,0.0,0.9999999999,1.0,0.2025736305588004
llama3,llama3,Estágio remunerado conta na composição da renda familiar para cotas?,"Sim, valores recebidos como bolsa de estágio entram no cômputo da renda familiar.",Não encontrei essa informação nos documentos.,0.041,19.39,1604,11,1.0,0.0,0.0,0.0,0.2028345000183288
llama3,llama3,Membros da família que moram em outra casa entram no cálculo de renda?,"Não, apenas pessoas que residem sob o mesmo teto e compartilham rendas entram no cálculo.",Não encontrei essa informação nos documentos.,0.038,21.823,1786,11,1.0,0.0,0.9999999999,0.0,0.2075910356223864
llama3,llama3,Posso alterar o e-mail cadastrado após finalizar a inscrição?,A alteração deve ser feita no sistema durante o período permitido pelo edital.,Não encontrei essa informação nos documentos.,0.037,18.436,1513,11,0.0,0.0,0.9999999999,0.0,0.2036177011298974
llama3,llama3,É obrigatório apresentar título de eleitor na matrícula?,"Sim, a certidão de quitação eleitoral é exigida para a matrícula de maiores de 18 anos.",Não encontrei essa informação nos documentos.,0.037,19.378,1601,11,1.0,0.0,0.0,0.0,0.2021741434113048
llama3,llama3,Homens maiores de 18 anos precisam de comprovante militar?,"Sim, a regularidade militar é obrigatória para candidatos homens maiores de 18 anos.","Sim, os candidatos do sexo masculino com idade entre 18 (dezoito) e 45 (quarenta e cinco) anos devem apresentar o Comprovante de quitação com o Serviço Militar.",0.036,21.945,1679,51,1.0,0.939032314102306,0.9999999999,1.0,0.8306334188641509
llama3,llama3,Onde encontro o cronograma completo com todas as datas do edital?,O cronograma completo está disponível nos anexos do edital no site de ingresso do IFRS.,"Encontrei essa informação nos documentos! O cronograma completo com todas as datas do edital está disponível na seção ""2. CRONOGRAMA DO PROCESSO SELETIVO"" do documento.",0.039,23.194,1781,45,1.0,0.9925533180011138,0.9999999999,0.0,0.5206896371000297
mistral,mistral,Quais são os cursos técnicos integrados ao Ensino Médio ofertados no Campus Ibirubá?,"Os cursos técnicos integrados ao Ensino Médio ofertados no campus são o Técnico em Agropecuária, Técnico em Informática e Técnico em Mecânica."," Técnico em Administração, Técnico em Informática e Técnico em Guia de Turismo.",5.597,26.812,2034,28,0.0,0.8893487188800655,0.9999999999,0.3333333333333333,0.4677404789297057
mistral,mistral,Quais são os turnos de funcionamento dos cursos técnicos integrados?,"O funcionamento dos cursos técnicos integrados ocorre nos turnos da manhã e da tarde (turno integral), com duração prevista de 3 anos.", Os cursos técnicos integrados ao ensino médio funcionam nos turnos Manhã e Tarde.,0.076,22.642,1878,29,0.0,0.9635296044289362,0.9999999999,0.0,0.7353336630012327
mistral,mistral,Quais são os cursos técnicos subsequentes ao Ensino Médio disponíveis no Campus Ibirubá?,"Na modalidade subsequente, estão disponíveis os cursos de Técnico em Eletrotécnica e Técnico em Mecânica.", Os cursos técnicos subsequentes ao Ensino Médio disponíveis no Campus Ibirubá são:  1. Técnico em Agropecuária Manhã e Tarde (32 vagas) 2. Técnico em Eletrotécnica Noite (30 vagas) 3. Técnico em Mecânica Noite (60 vagas - 30 vagas por sorteio público e 30 vagas pela prova Enem) 4. Técnico em Admini,0.037,34.394,2035,264,0.2857142857142857,0.996235283628192,0.9999999999,1.0,0.5833782373045073
mistral,mistral,Em qual turno ocorrem as aulas dos cursos subsequentes?,"As aulas dos cursos técnicos subsequentes acontecem no turno da noite, com duração de 4 semestres."," As aulas dos cursos subsequentes ao ensino médio ocorrem no turno da manhã e também na tarde, conforme mostrado nas tabelas fornecidas.",0.038,22.719,1794,43,0.6666666666666666,0.0,0.9999999999,0.0,0.2310746053969609
mistral,mistral,Quais são os cursos superiores de graduação ofertados no Campus Ibirubá?,"O campus oferece os seguintes cursos superiores de graduação: Bacharelado em Agronomia, Bacharelado em Engenharia Mecânica, Bacharelado em Ciência da Computação e Licenciatura em Matemática.", Os cursos superiores de graduação ofertados no Campus Ibirubá são: 1. Bacharelado em Engenharia Mecânica (Noite) 2. Bacharelado em Ciência da Computação (Noite) 3. Licenciatura em Matemática (Noite),0.037,26.191,2008,73,1.0,1.0,0.9999999999,1.0,0.8707639376730905
mistral,mistral,Qual é a duração e os turnos dos cursos de Agronomia e Engenharia Mecânica no campus?,"O curso de Agronomia ocorre nos turnos da manhã e da tarde com duração de 10 semestres. O curso de Engenharia Mecânica é ofertado no turno da noite, também com duração de 10 semestres."," MINISTÉRIO DA EDUCAÇÃO Secretaria de Educação Profissional e Tecnológica Instituto Federal de Educação, Ciência e Tecnologia do Rio Grande do Sul Gabinete do Reitor 27 Rua Gen. Osório, 348 – Centro – Bento Gonçalves/RS – CEP 95.700-086 Telefone: (54) 3449.3371 –  ---  Cursos Superiores Turnos Duraç",0.038,41.528,1966,462,0.8888888888888888,0.0,0.0,0.5,0.6887790654768611
mistral,mistral,Qual é a duração e os turnos de Ciência da Computação e Licenciatura em Matemática?,"O curso de Ciência da Computação ocorre à noite com duração de 9 semestres, enquanto a Licenciatura em Matemática também acontece no turno da noite com duração de 8 semestres."," A licenciatura em Matemática tem duração de 8 semestres* e o turno é Noite. Já a Ciência da Computação não aparece na tabela fornecida, portanto, não é possível determinar sua duração e turno.",0.037,25.289,1947,65,1.0,0.0,0.0,0.5,0.9864800657766428
mistral,mistral,Os cursos ofertados pelo IFRS Campus Ibirubá são pagos?,"Não. Todos os cursos oferecidos no IFRS são 100% gratuitos, não havendo cobrança de mensalidades ou taxas de matrícula."," Não, os cursos ofertados pelo IFRS Campus Ibirubá não são pagos. A taxa de inscrição é cobrada apenas para aqueles que precisam pagar a taxa de inscrição.",0.038,25.504,1973,57,0.6666666666666666,0.0,0.9999999999,0.0,0.4817329935235677
mistral,mistral,Qual o valor da taxa de inscrição para os cursos técnicos integrados?,"A taxa de inscrição para os cursos técnicos na modalidade integrada é de R$ 60,00."," De acordo com o contexto fornecido, a taxa de inscrição para os cursos técnicos integrados é R$ 70,00 (setenta reais) caso o modo de ingresso escolhido seja por Prova.",0.037,24.644,1908,63,0.6666666666666666,0.9645814379998772,0.0,0.0,0.2324544919784526
mistral,mistral,Quanto custa a inscrição para os cursos técnicos subsequentes?,"O custo é de R$ 20,00."," R$ 70,00 (setenta reais) caso o modo de ingresso escolhido seja por Prova e o curso da inscrição seja um curso técnico (Integrado ou Subsequente).",0.037,25.399,1962,55,0.5,0.9143336134286982,0.0,0.0,0.213901587005565
mistral,mistral,Qual é o custo da inscrição para concorrer a uma vaga em curso de graduação?,"Se o candidato optar por concorrer via Exame de Seleção (prova), a taxa é de R$ 80,00. Caso a opção seja via nota do ENEM, a taxa é de R$ 20,00.", Não encontrei essa informação nos documentos.,0.038,22.685,1883,14,0.0,0.0,0.0,0.0,0.1962264032821964
mistral,mistral,Como deve ser efetuado o pagamento da taxa de inscrição?,"O pagamento deve ser realizado por meio de boleto bancário gerado ao final da inscrição, pagável na rede bancária ou via internet banking."," O pagamento da taxa de inscrição deve ser realizado até o dia 13 de outubro de 2025. Caso deixe para realizar o pagamento no último dia, deverá se informar sobre o horário limite imposto pelo banco para a pagamento do boleto bancário para o processamento no mesmo dia. O valor da taxa de inscrição v",0.035,27.752,1901,144,1.0,0.900459378056339,0.9999999999,1.0,0.2156180963655388
mistral,mistral,Até quando posso pagar a taxa de inscrição?,O boleto deve ser pago impreterivelmente até o prazo limite definido no cronograma oficial do edital correspondente., A taxa de inscrição pode ser paga até o dia 13 de outubro de 2025.,0.035,20.022,1933,29,1.0,0.9868093667739584,0.9999999999,1.0,0.2142417519662958
mistral,mistral,Posso modificar os dados da minha inscrição (como a opção de curso ou campus) após concluí-la?,"Sim, no entanto, após a finalização da inscrição, qualquer alteração exige que o candidato realize uma nova inscrição dentro do prazo regulamentar para que os novos dados sejam computados."," Sim, mas apenas dentro do prazo para inscrição. Caso precise alterar o curso ou a cota em que se inscreveu, precisará cancelar a inscrição e realizar uma nova dentro do prazo para inscrição. A troca de curso ou de cota após o período de inscrição não será realizada.",0.042,25.186,1879,86,1.0,0.0,0.9999999999,1.0,0.7182504181421245
mistral,mistral,É possível me inscrever em mais de um curso no mesmo edital do IFRS?,Não. É permitido realizar apenas uma única inscrição por candidato em cada edital.," Não, é permitido se inscrever em apenas um curso no mesmo edital do IFRS. As seguintes regras estão estabelecidas: - 6.11, 6.12, 6.13, 6.14, 6.15, 6.16, 6.17 (para cursos integrados), 5.10, 5.11, 5.12 (para cursos de graduação) - Não será permitida a inscrição por pessoa em mais de um curso.",0.037,28.275,1947,142,0.6,0.9891959833746516,0.9999999999,1.0,0.9767923290509176
mistral,mistral,Há devolução do valor pago na taxa de inscrição se eu desistir de participar?,"Não. O valor pago na taxa de inscrição não é reembolsável sob nenhuma circunstância, exceto se houver cancelamento do certame por parte do IFRS."," Sim, haverá devolução do valor pago na taxa de inscrição se o Processo Seletivo for cancelado ou para as/os candidatas/candidatos inscritos em algum curso que seja cancelada a oferta. No entanto, se você desistir de participar, não haverá reembolso da taxa de inscrição cancelada.",0.041,26.298,1943,92,1.0,0.9339518397948542,0.9999999999,1.0,0.6593171969568645
mistral,mistral,Quem tem direito a solicitar a isenção do pagamento da taxa de inscrição?,"Têm direito à isenção os candidatos com renda familiar bruta mensal de até 1 salário mínimo per capita (R$ 1.412,00) que estejam regularmente registrados no CadÚnico como baixa renda.", Pessoas cadastradas no CadÚnico como família de baixa renda (que recebe até 1 salário mínimo por pessoa por mês e o cadastro está atualizado nos últimos 2 anos).,0.037,23.883,1872,53,1.0,0.8537782126433209,0.9999999999,1.0,0.4788085559761966
mistral,mistral,O cadastro do CadÚnico precisa ter alguma atualização recente?,Sim. O cadastro do candidato no CadÚnico deve estar obrigatoriamente atualizado nos últimos 2 anos.," Sim, os cadastros no CadÚnico precisam estar atualizados nos últimos 2 anos. (7.8.1 e 9.3.1)",0.037,25.928,2065,40,1.0,0.9521561177268572,0.9999999999,1.0,0.6174162142474157
mistral,mistral,Onde realizo a solicitação de isenção de taxa?,"A solicitação deve ser realizada exclusivamente via internet, na página de ingressos do IFRS (ingresso.ifrs.edu.br)."," A solicitação de isenção de taxa pode ser realizada no endereço ingresso.ifrs.edu.br, após realizar o login com o gov.br e preencher o Formulário de Solicitação de Isenção.",0.038,23.458,1808,62,1.0,0.9229887137093578,0.9999999999,1.0,0.8269241533564731
mistral,mistral,A isenção pode ser solicitada por mais de um membro do mesmo núcleo familiar?,"Sim. A isenção é um benefício de caráter estritamente individual, e cada integrante da mesma família que deseja concorrer deve fazer a sua própria solicitação."," Sim, cada membro de uma mesma família deve solicitar a isenção individualmente. (3.6)",0.041,22.138,1814,28,1.0,0.95303037653631,0.9999999999,1.0,0.8351081457456953
mistral,mistral,"Se minha isenção de taxa for aprovada (deferida), já estou inscrito no Processo Seletivo?","Não. O candidato que teve a isenção aceita deve, obrigatoriamente, entrar no sistema e realizar a inscrição no curso desejado para gerar o comprovante de isento."," Não, se sua solicitação de isenção da taxa de inscrição for aceita (deferida), você precisará realizar a inscrição de 24 de setembro de 2025 até o dia 12 de outubro de 2025.",0.037,24.601,1879,71,0.75,0.9172379397836468,0.9999999999,1.0,0.7843310353581543
mistral,mistral,O IFRS pode solicitar documentos de comprovação de renda para quem foi isento?,"Sim. O IFRS pode conferir e auditar as informações prestadas, e o candidato que prestar declarações falsas está sujeito a responder legalmente e ser eliminado do processo.", Não encontrei essa informação nos documentos.,0.038,21.968,1839,14,0.0,0.0,0.9999999999,1.0,0.1958424562563209
mistral,mistral,Qual o sistema utilizado para o ingresso nos cursos técnicos integrados de Ibirubá?,O sistema de ingresso para os cursos técnicos integrados em Ibirubá é realizado por meio de Exame de Seleção (prova objetiva presencial).," O sistema utilizado para o ingresso nos cursos técnicos integrados de Ibirubá é a prova, com exceção do Técnico em Guia de Turismo, que utiliza sorteio.",0.037,26.314,2047,53,0.5,0.9307131385611548,0.9999999999,1.0,0.5365056612143919
mistral,mistral,Como são distribuídas as vagas para os cursos técnicos subsequentes de Ibirubá?,As vagas da modalidade subsequente são preenchidas por meio de Sorteio Público ou classificação pela nota do ENEM., As vagas para os cursos técnicos subsequentes do Campus Ibirubá são distribuídas conforme a seguinte tabela:  | Curso                          | Turno   | Duração em Semestres | Total de Vagas | Vagas Sorteio Público | Vagas ENEM | Reserva Ensino Público C1  | Reserva Ensino Público C10 | |--------,0.038,38.834,2069,365,0.875,0.9117367436855036,0.9999999999,1.0,0.2100700315567104
mistral,mistral,Quais os meios para ingressar em um curso de graduação superior em Ibirubá?,Os ingressos para os cursos superiores de graduação em Ibirubá ocorrem via Exame de Seleção (prova com redação) ou utilizando a nota do ENEM.," As vagas reservadas à Pessoa com Deficiência (Cota 10) podem ser ocupadas por candidatos que não tenham cursado integralmente o Ensino Médio em escola pública, se não houver inscritos para preenchê-las, migrarão para o Acesso Universal (Cota 1). As inscrições para o Processo Seletivo serão realizad",0.038,31.01,1995,195,1.0,0.8477138527054199,0.9999999999,1.0,0.2127320173630999
mistral,mistral,"Se eu escolher o ENEM para a graduação, posso usar notas de ""treineiro""?","Não. As notas do ENEM obtidas na condição de ""treineiro"" não são validadas para a classificação de vagas.", Não encontrei essa informação nos documentos.,0.037,22.693,1883,14,0.0,0.0,0.9999999999,1.0,0.2014276403926601
mistral,mistral,O que fazer se eu precisar de acessibilidade ou condições especiais no dia da prova?,O candidato deve indicar sua necessidade no Formulário de Solicitação de Condição Especial (Anexo II/IV/V) disponível no sistema no momento da inscrição.," Se você precisar de algum atendimento especial no dia da prova, é necessário assinalar as alternativas correspondentes na lista fornecida. Por exemplo, se você precisa de um intérprete de Libras ou uma prova impressa em braile, é necessário marcar essas opções. Caso você tenha alguma outra necessid",0.037,26.99,1957,109,1.0,0.9304730267942184,0.9999999999,0.0,0.205251825153039
mistral,mistral,Quais apoios especiais podem ser solicitados para o dia da avaliação?,"Podem ser solicitados auxílios como tempo adicional de prova, apoio de ledores ou transcritores, salas de fácil acesso e atendimento específico para lactantes."," A partir do contexto fornecido, os apoios especiais que podem ser solicitados para o dia da avaliação incluem:  1. Mesa adequada a uma cadeira de rodas; 2. Cadeira e mesa adequadas à minha estatura ou amputação; 3. Realização da prova em ambiente com poucas pessoas; 4. Presença de um acompanhante q",0.037,41.582,2038,437,1.0,0.9934098778836188,0.9999999999,1.0,0.59264590576657
mistral,mistral,Quantas vagas são destinadas à reserva de vagas para escolas públicas?,Pelo menos 50% das vagas totais de cada curso são reservadas exclusivamente para estudantes egressos de escolas públicas.," As vagas destinadas à reserva de vagas para escolas públicas podem ser calculadas somando as vagas das cotas C9, C5, C7, C8, C6, C3, C6, e C2. No texto fornecido, não há informação específica sobre o número total de vagas disponíveis para cada cota, portanto, é necessário calcular o número total de",0.038,27.938,1980,118,0.6666666666666666,0.0,0.0,0.0,0.2187694137364493
mistral,mistral,O que define se posso concorrer como egresso de escola pública?,É elegível o candidato que comprovar ter cursado integralmente todo o Ensino Fundamental (para cursos técnicos) ou todo o Ensino Médio (para cursos superiores) em instituições públicas de ensino.," Para concorrer, você precisa ter cursado integralmente o Ensino Médio em uma escola pública.",0.037,21.765,1772,30,1.0,0.8797700894105848,0.9999999999,1.0,0.7268721172062471
mistral,mistral,"Se estudei com bolsa integral em escola particular, posso concorrer às vagas reservadas?","Não. Quem estudou em escola particular, mesmo que sob a condição de bolsista integral, não possui o direito de concorrer às cotas destinadas a escolas públicas."," Sim, se o candidato estudou com bolsa integral em escola particular, ele pode fornecer a documentação comprovando que em nenhum momento tenha cursado parte do Ensino Fundamental (para os Cursos Técnicos) ou parte do Ensino Médio (para os Cursos de Graduação) em escolas particulares, mesmo que na co",0.037,29.755,1914,181,0.8333333333333334,0.9308404411402482,0.9999999999,1.0,0.228251626785778
mistral,mistral,Como funciona a comprovação de renda para as cotas destinadas à baixa renda?,"A comprovação de renda é baseada nos dados do candidato cadastrados no CadÚnico, exigindo-se a apresentação do Extrato de Consulta Completa."," A comprovação de renda para as cotas destinadas à baixa renda é feita através de documentos que provam a renda familiar bruta per capita igual ou inferior a 1 salário mínimo. Esses documentos podem incluir, por exemplo, declarações financeiras, receitas e despesas familiares, comprovantes de assist",0.038,27.991,2045,95,0.3333333333333333,0.9745449386252976,0.0,0.0,0.2067774994146061
mistral,mistral,"O que são as vagas destinadas ao grupo PPIQ (Pretos, Pardos, Indígenas e Quilombolas)?","São as cotas voltadas para candidatos egressos de escola pública que se autodeclarem Pretos, Pardos, Indígenas ou Quilombolas."," As vagas destinadas ao grupo PPIQ (Pretos, Pardos, Indígenas e Quilombolas) são as vagas da Cota 1 e da Cota 3.",0.04,27.03,2130,47,0.5,0.9946593698787368,0.9999999999,1.0,0.2272696401962853
mistral,mistral,Quem pode concorrer na Cota 10 (destinada a Pessoas com Deficiência - PcD)?,"A Cota 10 (C10) é reservada exclusivamente para Pessoas com Deficiência (PcD), independentemente de renda ou de terem estudado em escola pública."," A pessoa com deficiência que tenha cursado integralmente o Ensino Médio em escola pública, independente de renda pode concorrer na Cota 10.",0.04,27.838,2198,46,0.6666666666666666,0.9397094650909232,0.9999999999,0.0,0.7314793642811148
mistral,mistral,O que acontece se as vagas PcD não forem preenchidas por falta de candidatos?,"As vagas reservadas a PcD que não forem preenchidas por falta de candidatos são remanejadas para outras cotas ou destinadas ao Acesso Universal (Cota 1), dependendo da ordem descrita no edital.", Não encontrei essa informação nos documentos.,0.039,23.869,1989,14,1.0,0.0,0.9999999999,0.0,0.1996525457836241
mistral,mistral,O que o candidato aprovado por cota de escola pública precisa assinar na matrícula?,O candidato aprovado por cota de escola pública deve assinar eletronicamente a Declaração de Não Ter Estudado em Escolas Particulares.," O candidato aprovado por cota de escola pública precisa apresentar documentação para comprovação de escola pública e, caso seja classificado em uma cota específica (como Pessoa com Deficiência ou indígena), também precisará comprovar essa condição na matrícula. No entanto, não há informação específ",0.038,27.705,1977,113,1.0,0.0,0.0,0.0,0.2246281176139499
mistral,mistral,Quais documentos específicos devem ser enviados por candidatos indígenas aprovados?,É necessário anexar a Autodeclaração de membro de Comunidade Indígena (Anexo VII/IX) junto ao RANI ou à Declaração de Membro assinada por liderança da comunidade indígena (Anexo VIII/X)., Autodeclaração de membro de Comunidade indígena (Anexo VII); Registro Administrativo de Nascimento de Indígena (RANI) ou declaração de pertença a grupo étnico indígena emitida pela liderança indígena de sua comunidade conforme modelo (Anexo VIII).,0.037,27.561,2062,81,0.6666666666666666,0.0,0.9999999999,1.0,0.8612913765547202
mistral,mistral,Qual o documento necessário para candidatos que concorrem a vagas reservadas a Quilombolas?,O candidato deve enviar a Declaração de pertencimento quilombola (Anexo IX/XI) assinada por 3 lideranças (com cópias de seus documentos) e o documento de reconhecimento emitido pela Fundação Cultural Palmares., (__) declaração de pertencimento à Comunidade Quilombola (Anexo XIV); e (__) documento oficial de identificação com foto e assinatura (frente e verso) de cada uma das três lideranças que assinarem a declaração de pertencimento quilombola.,0.041,27.295,2029,78,0.5,0.0,0.9999999999,1.0,0.6082847985057718
mistral,mistral,"O que acontece se eu enviar documentos apagados, cortados ou incompletos?","O candidato que enviar documentação ilegível, rasurada ou incompleta terá sua matrícula indeferida automaticamente."," Se você enviar documentos apagados, cortados ou incompletos, eles não serão aceitos e você perderá o direito à vaga, independente do período do curso em que esteja matriculado. (6.8, 6.9)",0.036,25.91,1983,67,0.8,0.975457227081726,0.9999999999,1.0,0.5576948002326978
mistral,mistral,E se a escola ainda não tiver emitido meu Certificado de Conclusão na data da matrícula?,"É aceito o envio de uma Declaração provisória de provável conclusão emitida pela escola. A matrícula será homologada de forma condicional, devendo o certificado oficial ser apresentado na data limite estabelecida.", CANDIDATOS AOS CURSOS CONCOMITANTES (__) Comprovante de matrícula no Ensino Médio (obrigatório para os cursos concomitantes); CANDIDATOS AOS CURSOS TÉCNICOS SUBSEQUENTES E CURSOS SUPERIORES DE GRADUAÇÃO E CONCOMITANTE/SUBSEQUENTE (ESTUDANTE QUE POSSUI O ENSINO MÉDIO) (__) Comprovação de Conclusão d,0.037,43.154,1816,561,0.8,0.9652124335009654,0.9999999999,1.0,0.6310161818400644
mistral,mistral,O que é o processo de Heteroidentificação?,É o procedimento presencial de verificação para confirmar a veracidade da autodeclaração prestada por candidatos pretos ou pardos.," O processo de Heteroidentificação é um procedimento realizado pelo Instituto Federal de Educação, Ciência e Tecnologia do Rio Grande do Sul (IFRS) para verificar a autodeclaração racial das candidatas/candidatos negra/negro (preta/preto ou parda/pardo) no ato da inscrição. A convocação para esta co",0.04,30.925,2023,170,1.0,0.9455125172382136,0.9999999999,1.0,0.5951750782097437
mistral,mistral,Quais são os critérios que a banca utiliza para avaliar o candidato?,"A banca baseia-se exclusivamente nos critérios fenotípicos (características físicas visíveis do candidato, tais como traços faciais, cabelo e cor da pele)."," Os critérios utilizados pela banca para avaliar um candidato, segundo o contexto fornecido, estão relacionados à escola em que o candidato cursou o ensino médio (pública ou particular), sua renda familiar bruta per capita, sua etnia (negra/negro, preta/preto, parda/pardo, indígena ou quilombola) e ",0.04,36.274,2114,280,0.7777777777777778,0.9509306688532232,0.0,0.0,0.2097308025882563
mistral,mistral,Posso levar fotos ou a minha certidão de nascimento para provar minha ascendência?,"Não. Fotos antigas, documentos civis ou histórico de herança genética familiar de parentes não são considerados na avaliação da banca."," Sim, você pode apresentar uma certidão de nascimento como documento de identificação com foto, que é aceita nos documentos obrigatórios para matrícula. Ou seja, as fotos podem ser encontradas em alguns dos documentos mencionados, como a Carteira de Identidade ou a Carteira Nacional de Habilitação, ",0.038,31.444,2131,158,0.5,0.0,0.9999999999,0.0,0.2164803102163458
mistral,mistral,Menores de 18 anos precisam de alguma autorização para filmagem do processo?,"Sim. No ato de matrícula, candidatos menores de 18 anos devem apresentar a Autorização de Uso de Imagem (Anexo VIII/IX) devidamente assinada por seus pais ou responsáveis legais."," Sim, menores de 18 anos precisam de uma autorização para a filmagem do processo. A autorização deve ser preenchida pelo responsável da pessoa menor e incluir a assinatura do declarante.",0.037,27.423,2104,58,1.0,0.976928090104554,0.9999999999,1.0,0.6602935735039157
mistral,mistral,O que ocorre se eu for convocado e não comparecer à banca de heteroidentificação?,"O candidato ausente ou que não tiver sua autodeclaração validada pela banca perde a vaga da cota e é reclassificado para as vagas de Acesso Universal (Cota 1), caso possua classificação suficiente."," Ao ser convocado para a Comissão de Heteroidentificação, caso você não compareça, poderá entrar com recurso dentro do prazo que consta no cronograma. O recurso será realizado pelo link disponibilizado no site ingresso.ifrs.edu.br.",0.038,26.146,1982,73,0.75,0.9439018706877692,0.9999999999,1.0,0.2128719644038885
mistral,mistral,Onde são publicadas as listas de classificados e chamadas para matrícula?,"Todas as listas, editais de resultados e convocações são divulgadas na internet, no site oficial de ingressos: ingresso.ifrs.edu.br."," As listas de candidatas/candidatos classificados e chamados para matrícula são publicadas na Chamada Pública, que é realizada no site ingresso.ifrs.edu.br.",0.038,24.699,1954,50,0.6666666666666666,0.944770686099466,0.9999999999,1.0,0.7308686457710267
mistral,mistral,"O que é e quem participa da ""Chamada Pública""?","A ""Chamada Pública"" é um chamamento eletrônico ou presencial realizado para preencher vagas que restaram sem matrícula após as etapas regulares, convocando candidatos suplentes por ordem de classificação."," A ""Chamada Pública"" é a última chamada para matrícula, ocorrendo após a primeira chamada para o preenchimento das vagas que ainda não foram ocupadas. Participam da Chamada Pública todos os candidatos/candidatas que ainda não foram chamados/chamadas na primeira chamada (suplentes), além de aqueles q",0.037,28.134,1948,138,0.75,0.951282677267955,0.9999999999,1.0,0.5030500896872864
mistral,mistral,Ter o nome listado na Chamada Pública garante a vaga no curso?,Não. Estar na lista de convocados e enviar os documentos na Chamada Pública apenas gera expectativa de direito. O preenchimento ocorre estritamente pela ordem de classificação dos candidatos habilitados até o limite de vagas disponíveis.," Não encontrei essa informação nos documentos. A publicação do nome da/do candidata/candidato na Chamada Pública não garantem à/ao candidata/candidato à vaga no curso e a efetivação da matrícula, conforme o texto disponível.",0.038,16.994,1947,74,1.0,0.0,0.9999999999,1.0,0.5991133783869262
mistral,mistral,Posso manter vínculos ativos de matrícula em mais de um curso de graduação?,Não. É expressamente proibido por lei federal que um estudante ocupe concomitantemente duas vagas de cursos de graduação em quaisquer instituições públicas de ensino superior do país.," Não, é proibida a matrícula em mais de um curso superior (de graduação) em instituições públicas ou privadas com bolsa de estudo Prouni.",0.037,23.921,1898,45,0.3333333333333333,0.8767039224572856,0.9999999999,1.0,0.6021743376283115
mistral,mistral,"O que acontece se eu for matriculado, mas faltar aos primeiros dias letivos?",O estudante regularmente matriculado que faltar aos primeiros dias letivos (conforme limite estipulado em edital) sem justificativa formal de ausência aceita pelo campus terá sua matrícula cancelada por abandono.," Segundo o texto fornecido, caso o estudante não compareça, injustificadamente, aos 6 (seis) primeiros dias de efetivo trabalho acadêmico do primeiro período letivo do curso, a matrícula será cancelada, exceto para os ingressantes por transferência ou ingresso de diplomado. Isso é estabelecido na di",0.036,28.413,2012,108,1.0,0.9308217102983418,0.9999999999,1.0,0.5759622775718141
mistral,mistral,É obrigatório possuir conta no portal gov.br para se inscrever?,"Sim, o acesso ao sistema de inscrições exige uma conta ativa no portal gov.br."," Sim, é necessário ter uma conta no portal gov.br para se inscrever. Caso ainda não tenha cadastro no portal, ao digitar o CPF na página de login, será redirecionado para realizar o cadastro.",0.037,25.155,1952,62,0.5,0.962338978424008,0.9999999999,1.0,0.8211977887667744
mistral,mistral,Qual nível de conta gov.br é exigido para a inscrição?,"Geralmente são aceitas contas níveis bronze, prata ou ouro para o acesso básico."," O contexto fornecido não menciona explicitamente qual nível de conta do governo brasileiro (gov.br) é exigido para a inscrição no processo seletivo. Porém, é claro que o candidato precisa autenticar-se no portal gov.br com seu CPF e senha.",0.037,22.641,2013,79,0.8,0.0,0.0,0.0,0.2140397039478755
mistral,mistral,Posso usar o CPF dos meus pais para fazer a minha inscrição?,"Não, a inscrição deve ser feita obrigatoriamente com o CPF do próprio candidato.", Não encontrei essa informação nos documentos.,0.042,25.659,2085,14,0.0,0.0,0.9999999999,1.0,0.2074034447417086
mistral,mistral,O que fazer se eu esquecer a senha da minha conta gov.br?,Você deve recuperar a senha diretamente na plataforma gov.br pelas opções de recuperação., Não encontrei essa informação nos documentos.,0.038,23.235,1921,14,1.0,0.0,0.0,0.0,0.2080001081865576
mistral,mistral,Candidatos estrangeiros podem participar do processo seletivo?,"Sim, desde que possuam a documentação legal exigida para permanência no Brasil."," Sim, candidatos estrangeiros podem participar do processo seletivo. Eles devem apresentar o Registro Nacional de Estrangeiro (RNE), ou o Passaporte com visto de estudante, ou outro documento que por previsão legal permita que o estrangeiro estude no Brasil.",0.036,28.043,2081,75,0.75,0.8989407254723271,0.9999999999,1.0,0.4624709176992752
mistral,mistral,Qual documento de identidade é aceito para candidatos estrangeiros?,O Registro Nacional de Estrangeiro (RNE) ou a Carteira de Registro Nacional Migratório (CRNM)., O Registro Nacional de Estrangeiro (RNE) ou Comprovante de Situação Cadastral emitido pela Receita Federal (https://servicos.receita.fazenda.gov.br/servicos/cpf/consultasituacao/consultapublica.asp).,0.039,29.087,2201,73,0.3333333333333333,0.8755935400694542,0.9999999999,0.0,0.4427841488893408
mistral,mistral,É permitido o uso de nome social durante o processo seletivo?,"Sim, candidatos travestis e transexuais podem solicitar o uso de nome social."," Sim, é permitido o uso de nome social durante o processo seletivo, mas apenas para pessoas travestis, transexuais e transgêneras. A autorização do responsável legal é necessária e o formulário preenchido e assinado deve ser enviado até 18 de novembro de 2025 para o email nome.social@ifrs.edu.br, ju",0.039,27.23,1911,129,0.8333333333333334,0.9198784630265264,0.9999999999,1.0,0.5256609026844705
mistral,mistral,Como solicito a inclusão do meu nome social no cadastro?,A solicitação deve ser feita durante o preenchimento do formulário de inscrição.," Para solicitar a inclusão do seu nome social no cadastro, você precisa preencher o formulário ""Solicitação de Uso de Nome Social para Menor de Idade"", que pode ser encontrado no endereço https://cta.ifrs.edu.br/ps-formularios/formulario-nome-social-16/. Você precisará preencher os seguintes campos:",0.037,27.372,2054,324,1.0,0.9311568852920552,0.9999999999,1.0,0.2066025308048814
mistral,mistral,O IFRS envia e-mails de confirmação após a conclusão da inscrição?,"Sim, o sistema envia confirmações automáticas para o e-mail cadastrado.", Não encontrei essa informação nos documentos.,0.038,23.869,1991,14,1.0,0.0,0.9999999999,0.0,0.1987650931772184
mistral,mistral,O que devo fazer se não receber o e-mail de confirmação?,Verifique a caixa de spam ou acesse o sistema para confirmar o status da inscrição., Não encontrei essa informação nos documentos.,0.043,22.72,1900,14,1.0,0.0,0.9999999999,0.0,0.2011401200556522
mistral,mistral,Qual é a validade exigida para o documento de identidade (RG)?,O RG deve estar legível e permitir a identificação clara e atualizada do candidato.," O documento de identidade válido para os processos seletivos do IFRS é a Carteira de Identidade emitida pelas Secretarias de Segurança Pública, Polícia Federal, Comandos Militares, Polícia Militar e órgãos ou conselhos fiscalizadores de exercício profissional, com foto. Além disso, o documento tamb",0.038,32.84,2147,188,0.9333333333333332,0.8882093973518045,0.0,1.0,0.5334533120476239
mistral,mistral,CNH (Carteira Nacional de Habilitação) é aceita como identificação?,"Sim, a CNH dentro da validade é um documento de identificação oficial aceito."," Sim, a Carteira Nacional de Habilitação (CNH) é aceita como documento de identificação conforme os documentos relacionados ao processo seletivo do IFRS.",0.037,17.144,2032,46,1.0,0.948875333373583,0.9999999999,1.0,0.8303459729452551
mistral,mistral,Posso usar a certidão de nascimento no lugar do RG para a matrícula?,"Não, a certidão de nascimento não substitui o documento de identidade com foto."," Sim, na seção ""Documento onde conste o nº do CPF ou Comprovante de Situação Cadastral emitido pela Receita Federal"" (https://servicos.receita.fazenda.gov.br/servicos/cpf/consultasituacao/consultapublica.asp), é mencionado que o documento onde conste o número do CPF pode ser usado como documento equ",0.037,29.499,2030,134,0.5,0.9483183990415136,0.9999999999,1.0,0.2206952216719662
mistral,mistral,Documentos digitais oficiais (como e-Título) são válidos no processo?,"Sim, documentos digitais oficiais com QR Code de validação normalmente são aceitos."," Sim, documentos digitais oficiais como e-Título são válidos no processo se estiverem legíveis.",0.037,25.355,2015,30,0.0,0.9641801353190744,0.0,0.0,0.5304146535853023
mistral,mistral,Cópias autenticadas em cartório substituem o envio online dos originais?,"Não, o envio deve ser feito digitalizando os documentos originais diretamente no sistema.", Não encontrei essa informação nos documentos.,0.038,25.955,2147,14,1.0,0.0,0.0,0.0,0.2096796811624113
mistral,mistral,Preciso enviar fotos 3x4 no momento da pré-matrícula?,A necessidade de foto 3x4 depende das orientações específicas do edital de matrícula.," Sim, conforme o contexto fornecido, é necessário que a/o candidato/candidata tenha um documento oficial com foto para efetivação da matrícula.",0.038,26.141,2064,45,1.0,0.8787840666938256,0.0,0.0,0.2182318791694303
mistral,mistral,Existe limite de idade máximo para ingressar nos cursos subsequentes?,Não há limite máximo de idade para ingressar nos cursos técnicos subsequentes., Não encontrei essa informação nos documentos.,0.036,23.242,1922,14,1.0,0.0,0.9999999999,1.0,0.2118080806360084
mistral,mistral,Existe idade mínima para os cursos superiores de graduação?,"Não há limite de idade, mas é necessário ter concluído o Ensino Médio.", Não encontrei essa informação nos documentos.,0.035,17.67,1824,14,1.0,0.0,0.9999999999,0.0,0.2121879440972472
mistral,mistral,O que é o período de interposição de recursos?,É o prazo oficial para contestar resultados preliminares ou decisões do processo.," O período de interposição de recursos é o período entre as datas de 24 e 25 de novembro de 2025, durante o qual os candidatos podem fazer recursos (pedidos de revisão ou questionamentos) quanto ao gabarito das provas.",0.039,29.23,2227,72,1.0,0.9412763524668504,0.9999999999,1.0,0.5882794348194158
mistral,mistral,Como devo enviar um recurso contra o resultado preliminar?,Os recursos devem ser submetidos exclusivamente pelo sistema eletrônico de ingresso.," O recurso será realizado pelo site ingresso.ifrs.edu.br, clicando em “Pré-Matrícula”.",0.035,26.461,2120,33,1.0,0.8658412078501944,0.9999999999,1.0,0.2123143807104138
mistral,mistral,Posso enviar recursos por e-mail diretamente ao campus?,"Não, recursos enviados por e-mail fora do sistema oficial não são analisados."," Sim, de acordo com a informação fornecida, é possível enviar recursos por e-mail diretamente ao campus. Isso é mencionado em 17.3.2 da documentação.",0.036,23.933,1879,53,0.0,0.9571511624590926,0.9999999999,0.0,0.2152697320260732
mistral,mistral,Qual é o prazo padrão para análise e resposta dos recursos?,O prazo exato de resposta está previsto no cronograma oficial do edital.," O prazo padrão para análise e resposta dos recursos, quanto ao gabarito das provas e resultado das comissões de heteroidentificação, é entre 24 e 25/11/2025 e 14 a 17/02/2026.",0.036,30.717,2307,76,0.25,0.9445271298443556,0.0,1.0,0.2127955566532794
mistral,mistral,"Se meu recurso for negado, posso recorrer novamente?","Não, a decisão após a análise do recurso é definitiva na esfera administrativa."," Sim, conforme o cronograma que consta no item 2, o candidato que tiver sua autodeclaração não confirmada pela Comissão de Heteroidentificação poderá entrar com recurso dentro do prazo que consta no cronograma. O recurso será realizado pelo link do Sistema de Pré-Matricula disponibilizado no site in",0.035,23.65,2078,102,1.0,0.8734544372505604,0.0,0.0,0.2077493255955158
mistral,mistral,Candidatos de outras cidades podem concorrer às vagas de Ibirubá?,"Sim, o processo seletivo é aberto a candidatos de qualquer município do país.", Não encontrei essa informação nos documentos.,0.037,25.657,2086,14,0.0,0.0,0.0,0.0,0.2034323689889613
mistral,mistral,Há alojamento ou moradia estudantil oferecida pelo campus?,"Não, o IFRS Campus Ibirubá não possui alojamento ou moradia estudantil própria.", Não encontrei essa informação nos documentos.,0.036,22.734,1909,14,1.0,0.0,0.0,0.0,0.505974072397778
mistral,mistral,O campus oferece auxílio estudantil ou bolsas de permanência?,"Sim, o IFRS possui programas de auxílio baseados em critérios socioeconômicos.", Não encontrei essa informação nos documentos.,0.039,22.701,1904,14,1.0,0.0,0.0,0.0,0.2083029086910444
mistral,mistral,Quando abrem os editais para solicitação de auxílio estudantil?,Os editais de assistência abrem após o início do semestre letivo., Não encontrei essa informação nos documentos.,0.037,22.685,1887,14,1.0,0.0,0.0,0.0,0.2050474696786101
mistral,mistral,Posso aproveitar disciplinas já cursadas em outra instituição?,"Sim, após a matrícula você pode solicitar aproveitamento mediante análise."," Não, é proibida a matrícula em mais de um curso superior (de graduação) em instituições públicas ou instituição privadas com bolsa de estudo Prouni. A/O candidata/candidato deverá cancelar sua matrícula em outro curso superior em outra instituição. (8.9 e 8.9.1)",0.035,26.311,1927,93,1.0,0.8705267621053955,0.0,0.0,0.2123763140484676
mistral,mistral,Como solicito o aproveitamento de estudos após a matrícula?,A solicitação é feita na secretaria com o histórico e ementas das disciplinas., Não encontrei essa informação nos documentos fornecidos.,0.037,22.863,1904,18,1.0,0.0,0.0,0.0,0.2013000681140088
mistral,mistral,A documentação de matrícula pode ser entregue presencialmente?,"Não, o envio da documentação de pré-matrícula ocorre de forma totalmente eletrônica."," Sim, se o candidato não tiver acesso à internet, computador ou precisar de ajuda, poderá comparecer ao campus dentro do prazo para envio da documentação. (15.4)",0.036,25.221,1990,49,0.8,0.8774552304159055,0.0,0.0,0.2177732375518477
mistral,mistral,Qual o formato de arquivo exigido para o envio dos documentos?,"Os documentos geralmente devem ser anexados em formato PDF, JPG ou PNG.", Não encontrei essa informação nos documentos.,0.037,23.259,1931,14,1.0,0.0,0.0,0.0,0.2104391948380765
mistral,mistral,Qual o tamanho máximo permitido para os arquivos anexados no sistema?,O limite de tamanho por arquivo é estipulado pelo sistema de envio., Não encontrei essa informação nos documentos fornecidos.,0.04,23.436,1946,18,1.0,0.0,0.0,0.0,0.2023056475095113
mistral,mistral,O que faço se o sistema de inscrições apresentar instabilidade?,"Tente acessar em outro navegador, limpe o cache ou aguarde a normalização.", Não encontrei essa informação nos documentos.,0.04,18.582,1871,14,0.0,0.0,0.0,0.0,0.2053166602342533
mistral,mistral,É possível trancar a matrícula logo no primeiro semestre?,"Geralmente o trancamento no primeiro semestre não é permitido, salvo exceções legais."," Sim, é possível trancar a matrícula logo no primeiro semestre. Isso ocorrerá na Primeira Chamada (Sorteio e Prova), onde serão publicados os resultados preliminares da matrícula apenas para os candidatos/candidatas ""Aprovados"". Se algum candidato/candidata faltar algum documento, será dado prazo pa",0.036,30.268,1970,178,0.6,0.9889036355507916,0.0,0.0,0.2126189599186243
mistral,mistral,Cursos técnicos subsequentes exigem estágio obrigatório para conclusão?,"Sim, a maioria dos cursos exige o cumprimento de estágio curricular obrigatório."," Sim, alguns cursos técnicos subsequentes ao ensino médio exigem um estágio obrigatório para sua conclusão. Isso é evidente no contexto fornecido, onde vários cursos técnicos são listados com a indicação de que eles possuem mais um estágio obrigatório (*mais estágio obrigatório).",0.038,25.067,1848,93,1.0,0.9732836431126576,0.9999999999,0.0,0.9776623686697924
mistral,mistral,Os cursos de graduação do campus exigem Trabalho de Conclusão de Curso?,"Sim, o TCC é um componente curricular obrigatório para formatura nas graduações.", Não encontrei essa informação nos documentos.,0.036,22.368,1870,14,1.0,0.0,0.0,0.0,0.2016216652612545
mistral,mistral,Posso transferir meu curso para outro campus do IFRS futuramente?,"Sim, mediante editais internos de transferência e caso haja vaga disponível.", Não encontrei essa informação nos documentos.,0.038,23.279,1956,14,1.0,0.0,0.0,0.0,0.2034086356634038
mistral,mistral,A matrícula deve ser renovada a cada novo semestre?,"Sim, a rematrícula é obrigatória a cada semestre para manter o vínculo.", Não encontrei essa informação nos documentos.,0.037,23.262,1941,14,1.0,0.0,0.0,0.0,0.2018749268678272
mistral,mistral,O que ocorre se eu não renovar a matrícula no prazo estipulado?,O estudante perde o vínculo e tem a sua matrícula cancelada por abandono.," Se você não renovar a matrícula no prazo estipulado, a sua matrícula será cancelada. (baseado em 11.1 do contexto fornecido)",0.04,25.062,1996,45,0.5,0.990278670518719,0.9999999999,0.0,0.6467783528160365
mistral,mistral,Como funciona a reclassificação de vagas não preenchidas?,As vagas são repassadas aos próximos da lista de espera por ordem de classificação.," As vagas não preenchidas seguem uma sequência de migração para outras cotas, começando pela cota 2 e seguindo até serem preenchidas: Cota 3, Cota 4, Cota 6, etc. Se houver mais vagas em uma cota do que candidatos inscritos nessa cota, as vagas sobrantes passarão para outra cota seguindo a sequência",0.042,29.519,1903,188,1.0,0.9253868224202298,0.9999999999,1.0,0.2041906479824472
mistral,mistral,Candidatos que zeraram a redação do Enem podem usar a nota?,"Não, zerar qualquer prova ou a redação desclassifica o candidato pelo Enem."," Não, candidatos que zeraram a redação do Enem não podem utilizar a nota para fins de classificação no processo seletivo. Isso é estabelecido no item 13.2.3 dos documentos fornecidos.",0.036,25.099,1929,61,1.0,0.9716630151935456,0.9999999999,1.0,0.6024749468621309
mistral,mistral,Qual o critério de desempate caso dois candidatos tenham a mesma nota?,Os critérios de desempate geralmente priorizam candidatos de maior idade.," O critério de desempate para os cursos de graduação é pela maior pontuação na Prova de Redação, a maior nota obtida em Linguagens, Códigos e suas Tecnologias, Matemática e suas Tecnologias, Ciências da Natureza e suas Tecnologias, Ciências Humanas e suas Tecnologias, nesta ordem.",0.04,28.29,2018,104,1.0,0.9039443157802304,0.9999999999,0.0,0.2221947834232356
mistral,mistral,Pessoas trans devem passar por banca de heteroidentificação?,"Não, a banca avalia apenas quem concorre nas cotas raciais para pretos e pardos."," Sim, pessoas trans devem passar pela banca de heteroidentificação.",0.038,21.432,1759,22,0.0,0.9946869190221056,0.9999999999,1.0,0.2208287420885087
mistral,mistral,A renda per capita é calculada com base no salário bruto ou líquido?,A renda familiar per capita é calculada com base na renda bruta mensal., O contexto fornecido não especifica se a renda per capita é calculada com base no salário bruto ou líquido.,0.04,19.785,1610,32,0.0,0.0,0.9999999999,1.0,0.2265081610914928
mistral,mistral,Estágio remunerado conta na composição da renda familiar para cotas?,"Sim, valores recebidos como bolsa de estágio entram no cômputo da renda familiar.", Não encontrei essa informação nos documentos.,0.039,22.677,1887,14,1.0,0.0,0.0,0.0,0.2028345000183288
mistral,mistral,Membros da família que moram em outra casa entram no cálculo de renda?,"Não, apenas pessoas que residem sob o mesmo teto e compartilham rendas entram no cálculo.", Não encontrei essa informação nos documentos.,0.037,26.057,2155,14,1.0,0.0,0.0,0.0,0.2075910356223864
mistral,mistral,Posso alterar o e-mail cadastrado após finalizar a inscrição?,A alteração deve ser feita no sistema durante o período permitido pelo edital., Não encontrei essa informação nos documentos.,0.036,22.378,1864,14,1.0,0.0,0.9999999999,0.0,0.2036177011298974
mistral,mistral,É obrigatório apresentar título de eleitor na matrícula?,"Sim, a certidão de quitação eleitoral é exigida para a matrícula de maiores de 18 anos.", Não encontrei essa informação nos documentos fornecidos.,0.035,23.41,1931,18,1.0,0.0,0.0,0.0,0.2019680766916173
mistral,mistral,Homens maiores de 18 anos precisam de comprovante militar?,"Sim, a regularidade militar é obrigatória para candidatos homens maiores de 18 anos."," Sim, homens maiores de 18 anos que estão entre 18 e 45 anos (exceto candidatos indígenas) precisam apresentar um Comprovante de quitação com o Serviço Militar. Os candidatos que completam 18 anos no ano de ingresso ficam condicionados a apresentar o comprovante até o prazo de inscrição no Serviço M",0.04,27.433,1997,105,1.0,0.9509348709365064,0.9999999999,1.0,0.8241943824922269
mistral,mistral,Onde encontro o cronograma completo com todas as datas do edital?,O cronograma completo está disponível nos anexos do edital no site de ingresso do IFRS., O cronograma completo com todas as datas do edital pode ser encontrado no site ingresso.ifrs.edu.br.,0.041,27.789,2217,35,1.0,0.0,0.9999999999,0.0,0.6136361308125007
gemma,gemma2:27b,Quais são os cursos técnicos integrados ao Ensino Médio ofertados no Campus Ibirubá?,"Os cursos técnicos integrados ao Ensino Médio ofertados no campus são o Técnico em Agropecuária, Técnico em Informática e Técnico em Mecânica.",Técnico em Agropecuária.  ,5.743,79.937,1615,10,1.0,0.79929598409027,0.9999999999,0.3333333333333333,0.5944469965619703
gemma,gemma2:27b,Quais são os turnos de funcionamento dos cursos técnicos integrados?,"O funcionamento dos cursos técnicos integrados ocorre nos turnos da manhã e da tarde (turno integral), com duração prevista de 3 anos.",Os cursos técnicos integrados ao ensino médio funcionam nos turnos manhã e tarde.  ,0.081,71.438,1420,18,1.0,0.9635296044289362,0.9999999999,1.0,0.6126545198954709
gemma,gemma2:27b,Quais são os cursos técnicos subsequentes ao Ensino Médio disponíveis no Campus Ibirubá?,"Na modalidade subsequente, estão disponíveis os cursos de Técnico em Eletrotécnica e Técnico em Mecânica.",Técnico em Mecânica e Técnico em Eletrotécnica.  ,0.04,78.928,1615,17,1.0,0.0,0.9999999999,1.0,0.9814965433314388
gemma,gemma2:27b,Em qual turno ocorrem as aulas dos cursos subsequentes?,"As aulas dos cursos técnicos subsequentes acontecem no turno da noite, com duração de 4 semestres.",As aulas dos cursos técnicos subsequentes ao ensino médio ocorrem no turno **noite**.  ,0.04,72.567,1472,21,0.0,0.9593433145425158,0.0,0.0,0.7326247141846527
gemma,gemma2:27b,Quais são os cursos superiores de graduação ofertados no Campus Ibirubá?,"O campus oferece os seguintes cursos superiores de graduação: Bacharelado em Agronomia, Bacharelado em Engenharia Mecânica, Bacharelado em Ciência da Computação e Licenciatura em Matemática.","Bacharelado em Agronomia, Bacharelado em Engenharia Mecânica, Bacharelado em Ciência da Computação e Licenciatura em Matemática.    ",0.04,86.317,1618,41,1.0,0.9064331380431836,0.9999999999,1.0,0.9817767843906416
gemma,gemma2:27b,Qual é a duração e os turnos dos cursos de Agronomia e Engenharia Mecânica no campus?,"O curso de Agronomia ocorre nos turnos da manhã e da tarde com duração de 10 semestres. O curso de Engenharia Mecânica é ofertado no turno da noite, também com duração de 10 semestres.",Bacharelado em Agronomia tem duração de 10 semestres e é oferecido nos turnos Manhã e Tarde. Não encontrei informações sobre cursos de Engenharia Mecânica.  ,0.039,81.555,1514,44,1.0,0.0,0.9999999999,0.5,0.4263392626559188
gemma,gemma2:27b,Qual é a duração e os turnos de Ciência da Computação e Licenciatura em Matemática?,"O curso de Ciência da Computação ocorre à noite com duração de 9 semestres, enquanto a Licenciatura em Matemática também acontece no turno da noite com duração de 8 semestres.",A Licenciatura em Matemática tem duração de 8 semestres e é oferecida no turno noite. Não encontrei informações sobre o curso de Ciência da Computação.   ,0.043,80.57,1529,40,1.0,0.0,0.9999999999,0.5,0.989395180320495
gemma,gemma2:27b,Os cursos ofertados pelo IFRS Campus Ibirubá são pagos?,"Não. Todos os cursos oferecidos no IFRS são 100% gratuitos, não havendo cobrança de mensalidades ou taxas de matrícula.",Não encontrei essa informação nos documentos.  ,0.039,72.527,1501,11,1.0,0.0,0.0,0.0,0.1938981344336444
gemma,gemma2:27b,Qual o valor da taxa de inscrição para os cursos técnicos integrados?,"A taxa de inscrição para os cursos técnicos na modalidade integrada é de R$ 60,00.","R$ 70,00 (setenta reais).  ",0.046,68.275,1369,16,0.5,0.8391933737192163,0.9999999999,0.0,0.2067707766371169
gemma,gemma2:27b,Quanto custa a inscrição para os cursos técnicos subsequentes?,"O custo é de R$ 20,00.","R$ 70,00 (setenta reais).  ",0.041,71.158,1439,16,1.0,0.8304951772422211,0.0,0.0,0.2187388402495202
gemma,gemma2:27b,Qual é o custo da inscrição para concorrer a uma vaga em curso de graduação?,"Se o candidato optar por concorrer via Exame de Seleção (prova), a taxa é de R$ 80,00. Caso a opção seja via nota do ENEM, a taxa é de R$ 20,00.","R$ 100,00  ",0.04,67.2,1377,12,1.0,0.8045207769208838,0.0,0.0,0.2090956950490586
gemma,gemma2:27b,Como deve ser efetuado o pagamento da taxa de inscrição?,"O pagamento deve ser realizado por meio de boleto bancário gerado ao final da inscrição, pagável na rede bancária ou via internet banking.","Ao final da inscrição, será gerado um boleto para pagamento da taxa de inscrição.  ",0.043,69.356,1388,20,1.0,0.8649153399985581,0.9999999999,1.0,0.6580492630925977
gemma,gemma2:27b,Até quando posso pagar a taxa de inscrição?,O boleto deve ser pago impreterivelmente até o prazo limite definido no cronograma oficial do edital correspondente.,A/o candidata/candidato tem até o dia 13 de outubro de 2025 para realizar o pagamento da taxa de inscrição.  ,0.042,76.268,1418,35,1.0,0.9577220302428748,0.9999999999,1.0,0.2175588436350177
gemma,gemma2:27b,Posso modificar os dados da minha inscrição (como a opção de curso ou campus) após concluí-la?,"Sim, no entanto, após a finalização da inscrição, qualquer alteração exige que o candidato realize uma nova inscrição dentro do prazo regulamentar para que os novos dados sejam computados.",Não será realizada troca de curso ou de cota após o período de inscrição.  ,0.04,66.909,1356,19,1.0,0.9114562237008244,0.9999999999,1.0,0.2111020017792799
gemma,gemma2:27b,É possível me inscrever em mais de um curso no mesmo edital do IFRS?,Não. É permitido realizar apenas uma única inscrição por candidato em cada edital.,"Não é permitida a inscrição por pessoa em mais de um curso de cada modalidade. Por exemplo, não é possível se inscrever em dois cursos subsequentes, ou em um curso concomitante e um subsequente.   No entanto, o edital permite a inscrição em cursos de diferentes modalidades.  Por exemplo, você pode s",0.038,90.817,1440,89,0.8,0.9204691060785474,0.9999999999,1.0,0.2278587160448941
gemma,gemma2:27b,Há devolução do valor pago na taxa de inscrição se eu desistir de participar?,"Não. O valor pago na taxa de inscrição não é reembolsável sob nenhuma circunstância, exceto se houver cancelamento do certame por parte do IFRS.",Não haverá o reembolso (devolução) do pagamento da taxa de inscrição cancelada.  ,0.044,72.235,1409,21,0.5,0.9070082346339556,0.9999999999,1.0,0.7188049061670522
gemma,gemma2:27b,Quem tem direito a solicitar a isenção do pagamento da taxa de inscrição?,"Têm direito à isenção os candidatos com renda familiar bruta mensal de até 1 salário mínimo per capita (R$ 1.412,00) que estejam regularmente registrados no CadÚnico como baixa renda.","Pessoas cadastradas no CadÚnico como pertencente a família de baixa renda. Família de baixa renda é a que recebe até 1 salário mínimo por pessoa (R$ 1.518,00) por mês.  ",0.065,77.602,1371,51,1.0,0.8266177265797251,0.9999999999,1.0,0.6559244694774011
gemma,gemma2:27b,O cadastro do CadÚnico precisa ter alguma atualização recente?,Sim. O cadastro do candidato no CadÚnico deve estar obrigatoriamente atualizado nos últimos 2 anos.,"Sim, somente serão aceitos cadastros atualizados nos últimos 2 anos.  ",0.043,75.217,1538,19,1.0,0.8809328041822126,0.9999999999,1.0,0.6002680827185537
gemma,gemma2:27b,Onde realizo a solicitação de isenção de taxa?,"A solicitação deve ser realizada exclusivamente via internet, na página de ingressos do IFRS (ingresso.ifrs.edu.br).","Para solicitar a isenção, o candidato deve acessar o endereço https://cadunico.dataprev.gov.br e clicar no botão onde diz: “Entrar com o gov.br”. Após realizar o login (acesso), utilizar a opção “Consulta ao Formulário”. É preciso gerar o Extrato de Consulta Completa e salvar no computador ou celula",0.042,104.324,1331,158,1.0,0.9160251778238102,0.9999999999,1.0,0.7140631407529476
gemma,gemma2:27b,A isenção pode ser solicitada por mais de um membro do mesmo núcleo familiar?,"Sim. A isenção é um benefício de caráter estritamente individual, e cada integrante da mesma família que deseja concorrer deve fazer a sua própria solicitação.","Sim, se mais de uma pessoa de uma mesma família fizer a inscrição no processo seletivo, cada uma deverá solicitar o não pagamento da taxa de inscrição.    ",0.041,70.738,1336,34,1.0,0.8713662622968079,0.9999999999,1.0,0.5952547028185227
gemma,gemma2:27b,"Se minha isenção de taxa for aprovada (deferida), já estou inscrito no Processo Seletivo?","Não. O candidato que teve a isenção aceita deve, obrigatoriamente, entrar no sistema e realizar a inscrição no curso desejado para gerar o comprovante de isento.","Não, mesmo que sua solicitação de isenção seja deferida, você ainda precisa realizar a inscrição de 24 de setembro de 2025 até o dia 12 de outubro de 2025.     ",0.039,77.533,1375,51,1.0,0.9363882755232464,0.9999999999,1.0,0.6454887587875467
gemma,gemma2:27b,O IFRS pode solicitar documentos de comprovação de renda para quem foi isento?,"Sim. O IFRS pode conferir e auditar as informações prestadas, e o candidato que prestar declarações falsas está sujeito a responder legalmente e ser eliminado do processo.",Não encontrei essa informação nos documentos.  ,0.039,64.693,1322,11,0.5,0.0,0.9999999999,1.0,0.1958424562563209
gemma,gemma2:27b,Qual o sistema utilizado para o ingresso nos cursos técnicos integrados de Ibirubá?,O sistema de ingresso para os cursos técnicos integrados em Ibirubá é realizado por meio de Exame de Seleção (prova objetiva presencial).,Prova.  ,0.048,76.409,1632,5,1.0,0.0,0.9999999999,1.0,0.5774408618699401
gemma,gemma2:27b,Como são distribuídas as vagas para os cursos técnicos subsequentes de Ibirubá?,As vagas da modalidade subsequente são preenchidas por meio de Sorteio Público ou classificação pela nota do ENEM.,"As vagas para os cursos técnicos subsequentes em Ibirubá são distribuídas em diversas cotas, considerando fatores como renda, conclusão do ensino médio em escola pública e autodeclaração como negro/negro (preta/preto), pardo/parda ou indígena.   A tabela detalha a distribuição de vagas para cada cot",0.039,107.361,1631,117,0.9090909090909092,0.0,0.9999999999,1.0,0.2025377526021305
gemma,gemma2:27b,Quais os meios para ingressar em um curso de graduação superior em Ibirubá?,Os ingressos para os cursos superiores de graduação em Ibirubá ocorrem via Exame de Seleção (prova com redação) ou utilizando a nota do ENEM.,"O texto informa que para ingressar nos cursos de Graduação, a pessoa deve possuir o Ensino Médio completo ou concluí-lo até a data da matrícula.   Além disso, o texto menciona que as inscrições para o Processo Seletivo serão realizadas no período das 14h do dia 04 de novembro de 2025 às 23h59min do ",0.039,103.365,1579,111,1.0,0.8916340739260578,0.9999999999,1.0,0.214611596040851
gemma,gemma2:27b,"Se eu escolher o ENEM para a graduação, posso usar notas de ""treineiro""?","Não. As notas do ENEM obtidas na condição de ""treineiro"" não são validadas para a classificação de vagas.",Não serão consideradas notas do Enem realizado como “treineiros”.  ,0.039,71.297,1452,17,1.0,0.9279356633750574,0.9999999999,1.0,0.980245552694408
gemma,gemma2:27b,O que fazer se eu precisar de acessibilidade ou condições especiais no dia da prova?,O candidato deve indicar sua necessidade no Formulário de Solicitação de Condição Especial (Anexo II/IV/V) disponível no sistema no momento da inscrição.,"Caso necessite de algum(ns) dos atendimentos especiais listados abaixo, assinale a(s) alternativa(s) correspondente(s) ⃝ Acesso facilitado em função de dificuldade de locomoção ou uso de cadeira de roda. ⃝ Mesa adequada a uma cadeira de rodas. ⃝ Cadeira e mesa adequadas à minha estatura ou amputação",0.04,139.725,1395,278,1.0,0.0,0.9999999999,0.0,0.2069317122528108
gemma,gemma2:27b,Quais apoios especiais podem ser solicitados para o dia da avaliação?,"Podem ser solicitados auxílios como tempo adicional de prova, apoio de ledores ou transcritores, salas de fácil acesso e atendimento específico para lactantes.",A/O candidata/candidato poderá solicitar:  * **Acesso facilitado em função de dificuldade de locomoção ou uso de cadeira de roda.** * **Mesa adequada a uma cadeira de rodas.** * **Cadeira e mesa adequadas à minha estatura ou amputação.** * **Realização da prova em ambiente com poucas pessoas.** * **,0.04,141.291,1424,275,1.0,0.0,0.9999999999,1.0,0.4303779121707698
gemma,gemma2:27b,Quantas vagas são destinadas à reserva de vagas para escolas públicas?,Pelo menos 50% das vagas totais de cada curso são reservadas exclusivamente para estudantes egressos de escolas públicas.,Não encontrei essa informação nos documentos.  ,0.042,72.094,1513,11,0.0,0.0,0.9999999999,0.0,0.2034506147316154
gemma,gemma2:27b,O que define se posso concorrer como egresso de escola pública?,É elegível o candidato que comprovar ter cursado integralmente todo o Ensino Fundamental (para cursos técnicos) ou todo o Ensino Médio (para cursos superiores) em instituições públicas de ensino.,"Para concorrer como egresso de escola pública, você precisa ter cursado integralmente o Ensino Médio em uma escola pública.   ",0.043,69.256,1357,29,1.0,0.9426115685877906,0.9999999999,1.0,0.2270903186702387
gemma,gemma2:27b,"Se estudei com bolsa integral em escola particular, posso concorrer às vagas reservadas?","Não. Quem estudou em escola particular, mesmo que sob a condição de bolsista integral, não possui o direito de concorrer às cotas destinadas a escolas públicas.","Não, você não poderá concorrer às vagas reservadas. O item 1.14.4 afirma que não poderão concorrer às vagas reservadas as/os candidatas/candidatos que tenham cursado, em algum momento, parte do Ensino Fundamental (para os Cursos Técnicos) ou parte do Ensino Médio (para os Cursos de Graduação) em esc",0.04,91.187,1443,92,1.0,0.9472268307875036,0.9999999999,1.0,0.6565348647835657
gemma,gemma2:27b,Como funciona a comprovação de renda para as cotas destinadas à baixa renda?,"A comprovação de renda é baseada nos dados do candidato cadastrados no CadÚnico, exigindo-se a apresentação do Extrato de Consulta Completa.",Documentos de renda e Avaliação socioeconômica.  ,0.039,70.481,1472,14,0.5,0.0,0.0,0.0,0.2136450988200381
gemma,gemma2:27b,"O que são as vagas destinadas ao grupo PPIQ (Pretos, Pardos, Indígenas e Quilombolas)?","São as cotas voltadas para candidatos egressos de escola pública que se autodeclarem Pretos, Pardos, Indígenas ou Quilombolas.","As vagas destinadas ao grupo PPIQ (Pretos, Pardos, Indígenas e Quilombolas) são as cotas 3 e 6.  A cota 3 é para candidatos PPIQ que tenham cursado o ensino fundamental ou médio em escola pública e renda familiar bruta per capita igual ou inferior a 1 salário mínimo. A cota 6 é para pessoas com defi",0.039,99.97,1497,111,0.8571428571428571,0.9025421241774764,0.9999999999,1.0,0.5395236810500892
gemma,gemma2:27b,Quem pode concorrer na Cota 10 (destinada a Pessoas com Deficiência - PcD)?,"A Cota 10 (C10) é reservada exclusivamente para Pessoas com Deficiência (PcD), independentemente de renda ou de terem estudado em escola pública.","Pessoa com Deficiência (PcD), que tenha cursado integralmente o Ensino Fundamental (Cursos Técnicos) ou Ensino Fundamental (Cursos de Graduação) em escola pública, independente de renda.  ",0.041,81.305,1523,44,0.5,0.8979060616626726,0.9999999999,0.0,0.6579437671908814
gemma,gemma2:27b,O que acontece se as vagas PcD não forem preenchidas por falta de candidatos?,"As vagas reservadas a PcD que não forem preenchidas por falta de candidatos são remanejadas para outras cotas ou destinadas ao Acesso Universal (Cota 1), dependendo da ordem descrita no edital.",Não encontrei essa informação nos documentos.  ,0.039,69.382,1454,11,1.0,0.0,0.0,0.0,0.1996525457836241
gemma,gemma2:27b,O que o candidato aprovado por cota de escola pública precisa assinar na matrícula?,O candidato aprovado por cota de escola pública deve assinar eletronicamente a Declaração de Não Ter Estudado em Escolas Particulares.,Não encontrei essa informação nos documentos.  ,0.039,69.846,1433,11,1.0,0.0,0.0,0.0,0.2022389761010152
gemma,gemma2:27b,Quais documentos específicos devem ser enviados por candidatos indígenas aprovados?,É necessário anexar a Autodeclaração de membro de Comunidade Indígena (Anexo VII/IX) junto ao RANI ou à Declaração de Membro assinada por liderança da comunidade indígena (Anexo VIII/X).,Os candidatos indígenas aprovados devem enviar:  * **Autodeclaração de membro de Comunidade indígena (Anexo VII)**; * **Registro Administrativo de Nascimento de Indígena (RANI)**; ou  * **Declaração de Membro de Comunidade Indígena pela Liderança Indígena (Anexo VII)**.   ,0.039,86.49,1464,73,0.6666666666666666,0.9850624886594032,0.9999999999,1.0,0.728669170558046
gemma,gemma2:27b,Qual o documento necessário para candidatos que concorrem a vagas reservadas a Quilombolas?,O candidato deve enviar a Declaração de pertencimento quilombola (Anexo IX/XI) assinada por 3 lideranças (com cópias de seus documentos) e o documento de reconhecimento emitido pela Fundação Cultural Palmares.,"O candidato que concorrer às vagas reservadas a Quilombolas deverá enviar pelo Sistema de Pré-Matrícula:  I. declaração expedida pela Fundação Cultural Palmares na qual conste o reconhecimento oficial do quilombo do qual o candidato pertença ou, para quilombos em processo de reconhecimento, document",0.04,114.879,1456,177,1.0,0.9545572481516756,0.9999999999,1.0,0.6623844588325728
gemma,gemma2:27b,"O que acontece se eu enviar documentos apagados, cortados ou incompletos?","O candidato que enviar documentação ilegível, rasurada ou incompleta terá sua matrícula indeferida automaticamente.","A resposta está no texto: ""6.8 A/O candidata/candidato poderá ser convocado para a apresentação e conferência dos documentos originais enviados eletronicamente, a qualquer tempo, caso haja necessidade.""  ""6.9 A/O candidata/candidato convocada/convocado que não apresentar a documentação exigida, quan",0.039,96.531,1474,100,1.0,0.8626499952803862,0.9999999999,1.0,0.2200270917490291
gemma,gemma2:27b,E se a escola ainda não tiver emitido meu Certificado de Conclusão na data da matrícula?,"É aceito o envio de uma Declaração provisória de provável conclusão emitida pela escola. A matrícula será homologada de forma condicional, devendo o certificado oficial ser apresentado na data limite estabelecida.","Se o candidato é provável formando ou que foi solicitado o Comprovante do Ensino Médio e que está em fase de emissão. Nestes casos o candidato terá sua matrícula realizada de forma condicional, devendo apresentar o Certificado de Conclusão do Ensino Médio até 29 de maio de 2026.  ",0.039,76.405,1253,69,1.0,0.0,0.9999999999,1.0,0.6012334212555153
gemma,gemma2:27b,O que é o processo de Heteroidentificação?,É o procedimento presencial de verificação para confirmar a veracidade da autodeclaração prestada por candidatos pretos ou pardos.,O processo de heteroidentificação visa verificar a autodeclaração racial de candidatos negros (pretas/pretos e pardas/pardos) que se inscreveram no IFRS.  Candidatos que se declararem negros durante a inscrição deverão ter sua autodeclaração confirmada por uma comissão de heteroidentificação do IFRS,0.04,90.284,1523,77,1.0,0.93959336174799,0.9999999999,1.0,0.5541454698418353
gemma,gemma2:27b,Quais são os critérios que a banca utiliza para avaliar o candidato?,"A banca baseia-se exclusivamente nos critérios fenotípicos (características físicas visíveis do candidato, tais como traços faciais, cabelo e cor da pele).",Não encontrei essa informação nos documentos.  ,0.042,72.196,1518,11,0.0,0.0,0.0,0.0,0.2046105620680125
gemma,gemma2:27b,Posso levar fotos ou a minha certidão de nascimento para provar minha ascendência?,"Não. Fotos antigas, documentos civis ou histórico de herança genética familiar de parentes não são considerados na avaliação da banca.",Não encontrei essa informação nos documentos.  ,0.039,72.605,1538,11,1.0,0.0,0.0,0.0,0.2035243265709975
gemma,gemma2:27b,Menores de 18 anos precisam de alguma autorização para filmagem do processo?,"Sim. No ato de matrícula, candidatos menores de 18 anos devem apresentar a Autorização de Uso de Imagem (Anexo VIII/IX) devidamente assinada por seus pais ou responsáveis legais.","Sim, menores de 18 anos precisam da assinatura do responsável no documento de autorização.    ",0.038,76.925,1545,22,0.6666666666666666,0.9246267052775732,0.9999999999,0.5,0.8719373544766761
gemma,gemma2:27b,O que ocorre se eu for convocado e não comparecer à banca de heteroidentificação?,"O candidato ausente ou que não tiver sua autodeclaração validada pela banca perde a vaga da cota e é reclassificado para as vagas de Acesso Universal (Cota 1), caso possua classificação suficiente.",Não será marcada outra data para comparecimento caso a/o candidata/candidato alegue desconhecimento da data e horário ou impossibilidade pessoal para o não comparecimento.    ,0.039,79.939,1481,38,1.0,0.8851969457275108,0.9999999999,0.0,0.214206291099659
gemma,gemma2:27b,Onde são publicadas as listas de classificados e chamadas para matrícula?,"Todas as listas, editais de resultados e convocações são divulgadas na internet, no site oficial de ingressos: ingresso.ifrs.edu.br.",As publicações das listas de classificados e chamadas para matrícula são realizadas no site ingresso.ifrs.edu.br.  ,0.043,74.604,1461,29,1.0,0.9650907332923816,0.9999999999,1.0,0.6081496606176858
gemma,gemma2:27b,"O que é e quem participa da ""Chamada Pública""?","A ""Chamada Pública"" é um chamamento eletrônico ou presencial realizado para preencher vagas que restaram sem matrícula após as etapas regulares, convocando candidatos suplentes por ordem de classificação.","A Chamada Pública é a última chamada para matrícula. Ela ocorre após a primeira chamada para o preenchimento das vagas que ainda não foram ocupadas. Para os cursos que houver a Chamada Pública, participarão todas/todos as/os candidatas/candidatos que ainda não foram chamadas/chamados na primeira cha",0.045,89.761,1398,96,1.0,0.9140697706862017,0.9999999999,1.0,0.6782817404080657
gemma,gemma2:27b,Ter o nome listado na Chamada Pública garante a vaga no curso?,Não. Estar na lista de convocados e enviar os documentos na Chamada Pública apenas gera expectativa de direito. O preenchimento ocorre estritamente pela ordem de classificação dos candidatos habilitados até o limite de vagas disponíveis.,"Não, a publicação do nome da candidata/candidato na Chamada Pública e o envio da documentação não garantem à vaga no curso e a efetivação da matrícula.    ",0.039,77.416,1440,40,1.0,0.9312945178031962,0.9999999999,1.0,0.6472394564301844
gemma,gemma2:27b,Posso manter vínculos ativos de matrícula em mais de um curso de graduação?,Não. É expressamente proibido por lei federal que um estudante ocupe concomitantemente duas vagas de cursos de graduação em quaisquer instituições públicas de ensino superior do país.,"Não, é proibida a matrícula em mais de um curso superior (de graduação) em instituições públicas ou instituição privadas com bolsa de estudo Prouni.  ",0.045,75.859,1423,34,1.0,0.8846798679263623,0.9999999999,1.0,0.6015904677074544
gemma,gemma2:27b,"O que acontece se eu for matriculado, mas faltar aos primeiros dias letivos?",O estudante regularmente matriculado que faltar aos primeiros dias letivos (conforme limite estipulado em edital) sem justificativa formal de ausência aceita pelo campus terá sua matrícula cancelada por abandono.,"De acordo com o artigo 20.1 da seção 20 DAS DISPOSIÇÕES GERAIS E FINAIS, a matrícula do estudante que não comparecer, injustificadamente, aos 6 (seis) primeiros dias de efetivo trabalho acadêmico, do primeiro período letivo do curso, será cancelada, exceto para os ingressantes por transferência ou i",0.04,93.67,1539,86,1.0,0.9302727420075844,0.9999999999,1.0,0.4769673743797388
gemma,gemma2:27b,É obrigatório possuir conta no portal gov.br para se inscrever?,"Sim, o acesso ao sistema de inscrições exige uma conta ativa no portal gov.br.","Sim, é obrigatório possuir conta no portal gov.br para se inscrever.  A/o candidata/candidato, ao acessar o sistema de inscrição do IFRS, será direcionado ao portal gov.br para autenticar-se com seu CPF e senha. Caso ainda não tenha cadastro no portal, ao digitar o CPF na página de login, a/o candid",0.039,92.035,1452,94,0.75,0.9555338197067268,0.9999999999,1.0,0.968154362585139
gemma,gemma2:27b,Qual nível de conta gov.br é exigido para a inscrição?,"Geralmente são aceitas contas níveis bronze, prata ou ouro para o acesso básico.",Não encontrei essa informação nos documentos.  ,0.038,69.715,1469,11,1.0,0.0,0.0,0.0,0.2025141774619695
gemma,gemma2:27b,Posso usar o CPF dos meus pais para fazer a minha inscrição?,"Não, a inscrição deve ser feita obrigatoriamente com o CPF do próprio candidato.",Não encontrei essa informação nos documentos.  ,0.042,75.353,1568,11,1.0,0.0,0.9999999999,1.0,0.7074034447417087
gemma,gemma2:27b,O que fazer se eu esquecer a senha da minha conta gov.br?,Você deve recuperar a senha diretamente na plataforma gov.br pelas opções de recuperação.,Não encontrei essa informação nos documentos.  ,0.043,69.807,1421,11,1.0,0.0,0.0,0.0,0.2080001081865576
gemma,gemma2:27b,Candidatos estrangeiros podem participar do processo seletivo?,"Sim, desde que possuam a documentação legal exigida para permanência no Brasil.","Sim, a documentação menciona que candidatas/candidatos estrangeiras/estrangeiros podem participar.  Eles precisam apresentar:  * Registro Nacional de Estrangeiro (RNE); ou * Passaporte com visto de estudante; ou * Outro documento que por previsão legal permita que o estrangeiro estude no Brasil.    ",0.04,89.785,1544,70,0.8,0.9397850669709856,0.9999999999,1.0,0.9691611910919016
gemma,gemma2:27b,Qual documento de identidade é aceito para candidatos estrangeiros?,O Registro Nacional de Estrangeiro (RNE) ou a Carteira de Registro Nacional Migratório (CRNM).,O candidato estrangeiro pode apresentar:  * O Registro Nacional de Estrangeiro (RNE); * Ou o Passaporte com visto de estudante; * Ou Outro documento que por previsão legal permita que o estrangeiro estude no Brasil.    ,0.043,88.152,1589,53,1.0,0.9200755727423292,0.9999999999,0.0,0.4746717595134261
gemma,gemma2:27b,É permitido o uso de nome social durante o processo seletivo?,"Sim, candidatos travestis e transexuais podem solicitar o uso de nome social.","Sim, é permitido o uso do Nome Social durante o Processo Seletivo.  Candidatos menores de idade precisam preencher o Anexo VIII e ter a autorização assinada por um responsável legal.  ",0.047,78.04,1447,43,1.0,0.9893217492229164,0.9999999999,1.0,0.4378506149550064
gemma,gemma2:27b,Como solicito a inclusão do meu nome social no cadastro?,A solicitação deve ser feita durante o preenchimento do formulário de inscrição.,"Eu, abaixo identificada\identificado, solicito o uso do Nome Social em minha inscrição no Processo Seletivo 2026/1 do IFRS. Nome social Nome civil CPF Número da inscrição E-mail Telefone com DDD Local e Data: ______________________________, ______\______\____ _______________________________________ ",0.114,160.208,1554,321,1.0,0.0,0.9999999999,1.0,0.2028189897768554
gemma,gemma2:27b,O IFRS envia e-mails de confirmação após a conclusão da inscrição?,"Sim, o sistema envia confirmações automáticas para o e-mail cadastrado.",Não encontrei essa informação nos documentos.  ,0.038,72.199,1489,11,1.0,0.0,0.0,0.0,0.1987650931772184
gemma,gemma2:27b,O que devo fazer se não receber o e-mail de confirmação?,Verifique a caixa de spam ou acesse o sistema para confirmar o status da inscrição.,Não encontrei essa informação nos documentos.  ,0.039,69.339,1410,11,1.0,0.0,0.0,0.0,0.2011401200556522
gemma,gemma2:27b,Qual é a validade exigida para o documento de identidade (RG)?,O RG deve estar legível e permitir a identificação clara e atualizada do candidato.,Não encontrei essa informação nos documentos.  ,0.039,73.64,1550,11,1.0,0.0,0.0,1.0,0.2055980230031866
gemma,gemma2:27b,CNH (Carteira Nacional de Habilitação) é aceita como identificação?,"Sim, a CNH dentro da validade é um documento de identificação oficial aceito.","Sim, a CNH é aceita como documento de identificação. O texto menciona que documentos com foto expedidos pelo Conselho Nacional de Trânsito (CNH) são considerados documentos equivalentes à carteira de identidade.    ",0.044,78.781,1462,45,1.0,0.96850289944879,0.9999999999,1.0,0.7272727926923266
gemma,gemma2:27b,Posso usar a certidão de nascimento no lugar do RG para a matrícula?,"Não, a certidão de nascimento não substitui o documento de identidade com foto.",Não encontrei essa informação nos documentos.  ,0.039,69.341,1431,11,0.0,0.0,0.9999999999,1.0,0.2127167617345239
gemma,gemma2:27b,Documentos digitais oficiais (como e-Título) são válidos no processo?,"Sim, documentos digitais oficiais com QR Code de validação normalmente são aceitos.",Não encontrei essa informação nos documentos.  ,0.039,69.489,1433,11,1.0,0.0,0.0,0.0,0.2073835447895226
gemma,gemma2:27b,Cópias autenticadas em cartório substituem o envio online dos originais?,"Não, o envio deve ser feito digitalizando os documentos originais diretamente no sistema.",Não encontrei essa informação nos documentos.  ,0.039,75.571,1573,11,1.0,0.0,0.0,0.0,0.2096796811624113
gemma,gemma2:27b,Preciso enviar fotos 3x4 no momento da pré-matrícula?,A necessidade de foto 3x4 depende das orientações específicas do edital de matrícula.,Não encontrei essa informação nos documentos.  ,0.046,72.423,1498,11,0.5,0.0,0.0,0.0,0.2021189441866249
gemma,gemma2:27b,Existe limite de idade máximo para ingressar nos cursos subsequentes?,Não há limite máximo de idade para ingressar nos cursos técnicos subsequentes.,Não encontrei essa informação nos documentos.  ,0.047,69.544,1426,11,1.0,0.0,0.0,1.0,0.9618080806360084
gemma,gemma2:27b,Existe idade mínima para os cursos superiores de graduação?,"Não há limite de idade, mas é necessário ter concluído o Ensino Médio.",Não encontrei essa informação nos documentos.  ,0.04,64.523,1334,11,1.0,0.0,0.9999999999,0.0,0.2121879440972472
gemma,gemma2:27b,O que é o período de interposição de recursos?,É o prazo oficial para contestar resultados preliminares ou decisões do processo.,O período de interposição de recursos é de 24 a 25/11/2025 para questionamentos sobre o gabarito das provas.   ,0.04,87.842,1675,38,1.0,0.9430499434190904,0.9999999999,1.0,0.216054897080176
gemma,gemma2:27b,Como devo enviar um recurso contra o resultado preliminar?,Os recursos devem ser submetidos exclusivamente pelo sistema eletrônico de ingresso.,"A complementação da documentação ou o recurso serão realizados pelo site ingresso.ifrs.edu.br, clicando em “Pré-Matrícula”.  ",0.04,83.258,1604,34,1.0,0.840732663048856,0.9999999999,1.0,
gemma,gemma2:27b,Posso enviar recursos por e-mail diretamente ao campus?,"Não, recursos enviados por e-mail fora do sistema oficial não são analisados.",Não encontrei essa informação nos documentos.  ,0.04,66.534,1404,11,0.0,0.0,0.9999999999,0.0,0.5069748236277397
gemma,gemma2:27b,Qual é o prazo padrão para análise e resposta dos recursos?,O prazo exato de resposta está previsto no cronograma oficial do edital.,Não encontrei essa informação nos documentos.  ,0.04,83.316,1740,11,1.0,0.0,0.9999999999,1.0,0.2032782231357607
gemma,gemma2:27b,"Se meu recurso for negado, posso recorrer novamente?","Não, a decisão após a análise do recurso é definitiva na esfera administrativa.",Não encontrei essa informação nos documentos.  ,0.04,72.438,1513,11,0.0,0.0,0.0,0.0,
gemma,gemma2:27b,Candidatos de outras cidades podem concorrer às vagas de Ibirubá?,"Sim, o processo seletivo é aberto a candidatos de qualquer município do país.",Não encontrei essa informação nos documentos.  ,0.039,75.764,1581,11,1.0,0.0,0.0,0.0,0.7034323689889613
gemma,gemma2:27b,Há alojamento ou moradia estudantil oferecida pelo campus?,"Não, o IFRS Campus Ibirubá não possui alojamento ou moradia estudantil própria.",Não encontrei essa informação nos documentos.  ,0.039,69.588,1450,11,1.0,0.0,0.0,0.0,0.580974072397778
gemma,gemma2:27b,O campus oferece auxílio estudantil ou bolsas de permanência?,"Sim, o IFRS possui programas de auxílio baseados em critérios socioeconômicos.",Não encontrei essa informação nos documentos.  ,0.039,69.602,1427,11,1.0,0.0,0.0,1.0,0.2083029086910444
gemma,gemma2:27b,Quando abrem os editais para solicitação de auxílio estudantil?,Os editais de assistência abrem após o início do semestre letivo.,Não encontrei essa informação nos documentos.  ,0.043,69.607,1449,11,1.0,0.0,0.0,0.0,0.2050474696786101
gemma,gemma2:27b,Posso aproveitar disciplinas já cursadas em outra instituição?,"Sim, após a matrícula você pode solicitar aproveitamento mediante análise.",Não encontrei essa informação nos documentos.  ,0.041,69.535,1415,11,1.0,0.0,0.0,0.0,0.2015005334387248
gemma,gemma2:27b,Como solicito o aproveitamento de estudos após a matrícula?,A solicitação é feita na secretaria com o histórico e ementas das disciplinas.,Não encontrei essa informação nos documentos.  ,0.042,66.667,1405,11,1.0,0.0,0.0,0.0,0.2011904931411505
gemma,gemma2:27b,A documentação de matrícula pode ser entregue presencialmente?,"Não, o envio da documentação de pré-matrícula ocorre de forma totalmente eletrônica.","Sim, a/o candidata/candidato que não tiver acesso à internet, computador ou precisar de ajuda, poderá comparecer ao campus dentro do prazo para envio da documentação.    ",0.046,80.121,1486,40,1.0,0.9084963237321084,0.9999999999,0.0,0.2201927867007295
gemma,gemma2:27b,Qual o formato de arquivo exigido para o envio dos documentos?,"Os documentos geralmente devem ser anexados em formato PDF, JPG ou PNG.",Não encontrei essa informação nos documentos.  ,0.045,69.49,1421,11,1.0,0.0,0.0,0.0,0.2104391948380765
gemma,gemma2:27b,Qual o tamanho máximo permitido para os arquivos anexados no sistema?,O limite de tamanho por arquivo é estipulado pelo sistema de envio.,Não encontrei essa informação nos documentos.  ,0.044,69.706,1451,11,0.0,0.0,0.0,0.0,0.2019781980582212
gemma,gemma2:27b,O que faço se o sistema de inscrições apresentar instabilidade?,"Tente acessar em outro navegador, limpe o cache ou aguarde a normalização.",Não encontrei essa informação nos documentos.  ,0.043,66.805,1387,11,1.0,0.0,0.0,0.0,0.2053166602342533
gemma,gemma2:27b,É possível trancar a matrícula logo no primeiro semestre?,"Geralmente o trancamento no primeiro semestre não é permitido, salvo exceções legais.",Não encontrei essa informação nos documentos.  ,0.04,72.564,1498,11,0.0,0.0,0.0,0.0,0.2049242306633387
gemma,gemma2:27b,Cursos técnicos subsequentes exigem estágio obrigatório para conclusão?,"Sim, a maioria dos cursos exige o cumprimento de estágio curricular obrigatório.","Sim, a tabela indica que os cursos técnicos subsequentes exigem estágio.  A nota ""* mais estágio obrigatório"" aparece ao lado de cada curso técnico subsequente listado.  ",0.042,77.611,1463,40,0.0,0.9895693575821376,0.9999999999,0.0,0.8261045309884614
gemma,gemma2:27b,Os cursos de graduação do campus exigem Trabalho de Conclusão de Curso?,"Sim, o TCC é um componente curricular obrigatório para formatura nas graduações.",Não encontrei essa informação nos documentos.  ,0.039,69.61,1467,11,1.0,0.0,0.0,0.0,0.2016216652612545
gemma,gemma2:27b,Posso transferir meu curso para outro campus do IFRS futuramente?,"Sim, mediante editais internos de transferência e caso haja vaga disponível.",Não encontrei essa informação nos documentos.  ,0.043,69.673,1422,11,0.0,0.0,0.0,0.0,0.2034086356634038
gemma,gemma2:27b,A matrícula deve ser renovada a cada novo semestre?,"Sim, a rematrícula é obrigatória a cada semestre para manter o vínculo.",Não encontrei essa informação nos documentos.  ,0.044,69.779,1432,11,0.0,0.0,0.0,0.0,0.2018749268678272
gemma,gemma2:27b,O que ocorre se eu não renovar a matrícula no prazo estipulado?,O estudante perde o vínculo e tem a sua matrícula cancelada por abandono.,Não encontrei essa informação nos documentos.  ,0.039,72.623,1488,11,1.0,0.0,0.9999999999,1.0,0.2065575660162407
gemma,gemma2:27b,Como funciona a reclassificação de vagas não preenchidas?,As vagas são repassadas aos próximos da lista de espera por ordem de classificação.,"Se houver mais vagas destinadas a uma cota que candidatas/candidatos inscritos nesta cota, as vagas que sobrarem passarão para outra cota, seguindo a sequência que consta no Anexo XI.   A sequência de migração das cotas é a seguinte:  ● Cota 2 → Cota 4 → Cota 3 → Cota 5 → Cota 6 → Cota 8 → Cota 7 → ",0.043,95.781,1438,107,0.8181818181818182,0.8848544968859073,0.9999999999,1.0,0.2083119014028358
gemma,gemma2:27b,Candidatos que zeraram a redação do Enem podem usar a nota?,"Não, zerar qualquer prova ou a redação desclassifica o candidato pelo Enem.","Sim, o item 9.20.1 diz que são critérios que zeram automaticamente a Redação:  ""Redação em branco, fora do tema proposto ou com conteúdo inadequado.""  O texto não menciona que candidatos que zeraram a redação do ENEM sejam impedidos de usar a nota.    ",0.037,87.579,1473,68,0.0,0.8749101274537261,0.9999999999,1.0,0.224170067104452
gemma,gemma2:27b,Qual o critério de desempate caso dois candidatos tenham a mesma nota?,Os critérios de desempate geralmente priorizam candidatos de maior idade.,"O critério de desempate varia conforme o nível de ensino:  **Cursos Técnicos:**  1. **Idade:** A vaga será da/do candidata/candidato com idade mais elevada. Se houver empate entre candidatos maiores de 60 anos, o critério segue para a próxima etapa. 2. **Nota em Linguagens, Códigos e suas Tecnologia",0.038,213.344,1535,516,0.967741935483871,0.8908802868674109,0.9999999999,1.0,0.8152685000402532
gemma,gemma2:27b,Pessoas trans devem passar por banca de heteroidentificação?,"Não, a banca avalia apenas quem concorre nas cotas raciais para pretos e pardos.","Sim. O texto menciona que a autodeclaração racial para pessoas travestis, transexuais e transgêneras será analisada pela Comissão de Heteroidentificação.      ",0.041,70.064,1301,39,0.0,0.8974402751628398,0.9999999999,1.0,0.2176481038767672
gemma,gemma2:27b,A renda per capita é calculada com base no salário bruto ou líquido?,A renda familiar per capita é calculada com base na renda bruta mensal.,Não encontrei essa informação nos documentos.  ,0.037,62.606,1281,11,1.0,0.0,0.9999999999,1.0,0.2025736305588004
gemma,gemma2:27b,Estágio remunerado conta na composição da renda familiar para cotas?,"Sim, valores recebidos como bolsa de estágio entram no cômputo da renda familiar.",Não encontrei essa informação nos documentos.  ,0.039,69.776,1436,11,0.0,0.0,0.0,0.0,0.2028345000183288
gemma,gemma2:27b,Membros da família que moram em outra casa entram no cálculo de renda?,"Não, apenas pessoas que residem sob o mesmo teto e compartilham rendas entram no cálculo.",Não encontrei essa informação nos documentos.  ,0.038,75.393,1567,11,1.0,0.0,0.0,0.0,0.2075910356223864
gemma,gemma2:27b,Posso alterar o e-mail cadastrado após finalizar a inscrição?,A alteração deve ser feita no sistema durante o período permitido pelo edital.,Não encontrei essa informação nos documentos.  ,0.044,64.849,1338,11,1.0,0.0,0.0,0.0,0.2036177011298974
gemma,gemma2:27b,É obrigatório apresentar título de eleitor na matrícula?,"Sim, a certidão de quitação eleitoral é exigida para a matrícula de maiores de 18 anos.",Não encontrei essa informação nos documentos.  ,0.041,66.943,1377,11,0.0,0.0,0.0,0.0,0.2021741434113048
gemma,gemma2:27b,Homens maiores de 18 anos precisam de comprovante militar?,"Sim, a regularidade militar é obrigatória para candidatos homens maiores de 18 anos.","Sim, candidatos do sexo masculino com idade entre 18 (dezoito) e 45 (quarenta e cinco) anos (exceto candidato indígena) devem apresentar o Comprovante de quitação com o Serviço Militar.  ",0.044,77.507,1404,50,1.0,0.8794269698870407,0.9999999999,1.0,0.6044764211261688
gemma,gemma2:27b,Onde encontro o cronograma completo com todas as datas do edital?,O cronograma completo está disponível nos anexos do edital no site de ingresso do IFRS.,O cronograma completo com todas as datas do edital está disponível na página ingresso.ifrs.edu.br.   ,0.043,86.299,1716,27,1.0,0.0,0.9999999999,0.0,0.6140013638229453
